interval_end,register,import_kwh,export_kwh
2025-01-01T00:30+10:00,general,0.1549,0.0000
2025-01-01T01:00+10:00,general,0.1600,0.0000
2025-01-01T01:30+10:00,general,0.1624,0.0000
2025-01-01T02:00+10:00,general,0.1316,0.0000
2025-01-01T02:30+10:00,general,0.1293,0.0000
2025-01-01T03:00+10:00,general,0.1556,0.0000
2025-01-01T03:30+10:00,general,0.1513,0.0000
2025-01-01T04:00+10:00,general,0.1680,0.0000
2025-01-01T04:30+10:00,general,0.1741,0.0000
2025-01-01T05:00+10:00,general,0.1587,0.0000
2025-01-01T05:30+10:00,general,0.1894,0.0000
2025-01-01T06:00+10:00,general,0.2273,0.0000
2025-01-01T06:30+10:00,general,0.2618,0.0000
2025-01-01T07:00+10:00,general,0.0395,0.0000
2025-01-01T07:30+10:00,general,0.0000,0.1453
2025-01-01T08:00+10:00,general,0.0000,0.2981
2025-01-01T08:30+10:00,general,0.0000,0.5290
2025-01-01T09:00+10:00,general,0.0000,0.7319
2025-01-01T09:30+10:00,general,0.0000,0.8815
2025-01-01T10:00+10:00,general,0.0000,1.0328
2025-01-01T10:30+10:00,general,0.0000,1.2003
2025-01-01T11:00+10:00,general,0.0000,1.2728
2025-01-01T11:30+10:00,general,0.0000,1.3466
2025-01-01T12:00+10:00,general,0.0000,1.3847
2025-01-01T12:30+10:00,general,0.0000,1.4089
2025-01-01T13:00+10:00,general,0.0000,1.3781
2025-01-01T13:30+10:00,general,0.0000,1.3457
2025-01-01T14:00+10:00,general,0.0000,1.2532
2025-01-01T14:30+10:00,general,0.0000,1.1653
2025-01-01T15:00+10:00,general,0.0000,1.0171
2025-01-01T15:30+10:00,general,0.0000,0.8625
2025-01-01T16:00+10:00,general,0.0000,0.6795
2025-01-01T16:30+10:00,general,0.0000,0.4328
2025-01-01T17:00+10:00,general,0.0000,0.2219
2025-01-01T17:30+10:00,general,0.0558,0.0000
2025-01-01T18:00+10:00,general,0.3685,0.0000
2025-01-01T18:30+10:00,general,0.6535,0.0000
2025-01-01T19:00+10:00,general,0.6504,0.0000
2025-01-01T19:30+10:00,general,0.7937,0.0000
2025-01-01T20:00+10:00,general,0.6574,0.0000
2025-01-01T20:30+10:00,general,0.5598,0.0000
2025-01-01T21:00+10:00,general,0.6278,0.0000
2025-01-01T21:30+10:00,general,0.4420,0.0000
2025-01-01T22:00+10:00,general,0.4095,0.0000
2025-01-01T22:30+10:00,general,0.2981,0.0000
2025-01-01T23:00+10:00,general,0.2817,0.0000
2025-01-01T23:30+10:00,general,0.2526,0.0000
2025-01-02T00:00+10:00,general,0.2270,0.0000
2025-01-02T00:30+10:00,general,0.1615,0.0000
2025-01-02T01:00+10:00,general,0.1267,0.0000
2025-01-02T01:30+10:00,general,0.1482,0.0000
2025-01-02T02:00+10:00,general,0.1407,0.0000
2025-01-02T02:30+10:00,general,0.1494,0.0000
2025-01-02T03:00+10:00,general,0.1424,0.0000
2025-01-02T03:30+10:00,general,0.1399,0.0000
2025-01-02T04:00+10:00,general,0.1615,0.0000
2025-01-02T04:30+10:00,general,0.1445,0.0000
2025-01-02T05:00+10:00,general,0.1748,0.0000
2025-01-02T05:30+10:00,general,0.1639,0.0000
2025-01-02T06:00+10:00,general,0.2078,0.0000
2025-01-02T06:30+10:00,general,0.2288,0.0000
2025-01-02T07:00+10:00,general,0.0721,0.0000
2025-01-02T07:30+10:00,general,0.0000,0.1570
2025-01-02T08:00+10:00,general,0.0000,0.3477
2025-01-02T08:30+10:00,general,0.0000,0.4973
2025-01-02T09:00+10:00,general,0.0000,0.7179
2025-01-02T09:30+10:00,general,0.0000,0.8740
2025-01-02T10:00+10:00,general,0.0000,1.0741
2025-01-02T10:30+10:00,general,0.0000,1.1965
2025-01-02T11:00+10:00,general,0.0000,1.2720
2025-01-02T11:30+10:00,general,0.0000,1.3556
2025-01-02T12:00+10:00,general,0.0000,1.3898
2025-01-02T12:30+10:00,general,0.0000,1.4156
2025-01-02T13:00+10:00,general,0.0000,1.3862
2025-01-02T13:30+10:00,general,0.0000,1.3142
2025-01-02T14:00+10:00,general,0.0000,1.2723
2025-01-02T14:30+10:00,general,0.0000,1.1724
2025-01-02T15:00+10:00,general,0.0000,0.9989
2025-01-02T15:30+10:00,general,0.0000,0.8748
2025-01-02T16:00+10:00,general,0.0000,0.6694
2025-01-02T16:30+10:00,general,0.0000,0.4066
2025-01-02T17:00+10:00,general,0.0000,0.1638
2025-01-02T17:30+10:00,general,0.0963,0.0000
2025-01-02T18:00+10:00,general,0.4063,0.0000
2025-01-02T18:30+10:00,general,0.5675,0.0000
2025-01-02T19:00+10:00,general,0.7277,0.0000
2025-01-02T19:30+10:00,general,0.7106,0.0000
2025-01-02T20:00+10:00,general,0.6136,0.0000
2025-01-02T20:30+10:00,general,0.7062,0.0000
2025-01-02T21:00+10:00,general,0.5437,0.0000
2025-01-02T21:30+10:00,general,0.4998,0.0000
2025-01-02T22:00+10:00,general,0.4813,0.0000
2025-01-02T22:30+10:00,general,0.3125,0.0000
2025-01-02T23:00+10:00,general,0.3268,0.0000
2025-01-02T23:30+10:00,general,0.2672,0.0000
2025-01-03T00:00+10:00,general,0.2102,0.0000
2025-01-03T00:30+10:00,general,0.1321,0.0000
2025-01-03T01:00+10:00,general,0.1524,0.0000
2025-01-03T01:30+10:00,general,0.1510,0.0000
2025-01-03T02:00+10:00,general,0.1658,0.0000
2025-01-03T02:30+10:00,general,0.1339,0.0000
2025-01-03T03:00+10:00,general,0.1532,0.0000
2025-01-03T03:30+10:00,general,0.1389,0.0000
2025-01-03T04:00+10:00,general,0.1542,0.0000
2025-01-03T04:30+10:00,general,0.1362,0.0000
2025-01-03T05:00+10:00,general,0.1733,0.0000
2025-01-03T05:30+10:00,general,0.1692,0.0000
2025-01-03T06:00+10:00,general,0.2030,0.0000
2025-01-03T06:30+10:00,general,0.2139,0.0000
2025-01-03T07:00+10:00,general,0.0378,0.0000
2025-01-03T07:30+10:00,general,0.0000,0.1428
2025-01-03T08:00+10:00,general,0.0000,0.3366
2025-01-03T08:30+10:00,general,0.0000,0.5340
2025-01-03T09:00+10:00,general,0.0000,0.7332
2025-01-03T09:30+10:00,general,0.0000,0.8805
2025-01-03T10:00+10:00,general,0.0000,1.0449
2025-01-03T10:30+10:00,general,0.0000,1.1826
2025-01-03T11:00+10:00,general,0.0000,1.2750
2025-01-03T11:30+10:00,general,0.0000,1.3630
2025-01-03T12:00+10:00,general,0.0000,1.3779
2025-01-03T12:30+10:00,general,0.0000,1.3762
2025-01-03T13:00+10:00,general,0.0000,1.3606
2025-01-03T13:30+10:00,general,0.0000,1.3180
2025-01-03T14:00+10:00,general,0.0000,1.2580
2025-01-03T14:30+10:00,general,0.0000,1.1558
2025-01-03T15:00+10:00,general,0.0000,1.0268
2025-01-03T15:30+10:00,general,0.0000,0.8442
2025-01-03T16:00+10:00,general,0.0000,0.6809
2025-01-03T16:30+10:00,general,0.0000,0.4235
2025-01-03T17:00+10:00,general,0.0000,0.1592
2025-01-03T17:30+10:00,general,0.1279,0.0000
2025-01-03T18:00+10:00,general,0.3252,0.0000
2025-01-03T18:30+10:00,general,0.6490,0.0000
2025-01-03T19:00+10:00,general,0.6836,0.0000
2025-01-03T19:30+10:00,general,0.6466,0.0000
2025-01-03T20:00+10:00,general,0.7598,0.0000
2025-01-03T20:30+10:00,general,0.6707,0.0000
2025-01-03T21:00+10:00,general,0.5179,0.0000
2025-01-03T21:30+10:00,general,0.4370,0.0000
2025-01-03T22:00+10:00,general,0.3740,0.0000
2025-01-03T22:30+10:00,general,0.3357,0.0000
2025-01-03T23:00+10:00,general,0.2967,0.0000
2025-01-03T23:30+10:00,general,0.2493,0.0000
2025-01-04T00:00+10:00,general,0.2129,0.0000
2025-01-04T00:30+10:00,general,0.1403,0.0000
2025-01-04T01:00+10:00,general,0.1667,0.0000
2025-01-04T01:30+10:00,general,0.1268,0.0000
2025-01-04T02:00+10:00,general,0.1619,0.0000
2025-01-04T02:30+10:00,general,0.1319,0.0000
2025-01-04T03:00+10:00,general,0.1586,0.0000
2025-01-04T03:30+10:00,general,0.1502,0.0000
2025-01-04T04:00+10:00,general,0.1494,0.0000
2025-01-04T04:30+10:00,general,0.1552,0.0000
2025-01-04T05:00+10:00,general,0.1602,0.0000
2025-01-04T05:30+10:00,general,0.1644,0.0000
2025-01-04T06:00+10:00,general,0.2456,0.0000
2025-01-04T06:30+10:00,general,0.2209,0.0000
2025-01-04T07:00+10:00,general,0.0838,0.0000
2025-01-04T07:30+10:00,general,0.0000,0.1378
2025-01-04T08:00+10:00,general,0.0000,0.3290
2025-01-04T08:30+10:00,general,0.0000,0.5083
2025-01-04T09:00+10:00,general,0.0000,0.7063
2025-01-04T09:30+10:00,general,0.0000,0.9184
2025-01-04T10:00+10:00,general,0.0000,1.0331
2025-01-04T10:30+10:00,general,0.0000,1.1691
2025-01-04T11:00+10:00,general,0.0000,1.2958
2025-01-04T11:30+10:00,general,0.0000,1.3619
2025-01-04T12:00+10:00,general,0.0000,1.3886
2025-01-04T12:30+10:00,general,0.0000,1.3851
2025-01-04T13:00+10:00,general,0.0000,1.3887
2025-01-04T13:30+10:00,general,0.0000,1.3467
2025-01-04T14:00+10:00,general,0.0000,1.2646
2025-01-04T14:30+10:00,general,0.0000,1.1770
2025-01-04T15:00+10:00,general,0.0000,1.0215
2025-01-04T15:30+10:00,general,0.0000,0.8765
2025-01-04T16:00+10:00,general,0.0000,0.6493
2025-01-04T16:30+10:00,general,0.0000,0.4526
2025-01-04T17:00+10:00,general,0.0000,0.1258
2025-01-04T17:30+10:00,general,0.0925,0.0000
2025-01-04T18:00+10:00,general,0.3918,0.0000
2025-01-04T18:30+10:00,general,0.5855,0.0000
2025-01-04T19:00+10:00,general,0.7804,0.0000
2025-01-04T19:30+10:00,general,0.7493,0.0000
2025-01-04T20:00+10:00,general,0.6822,0.0000
2025-01-04T20:30+10:00,general,0.5670,0.0000
2025-01-04T21:00+10:00,general,0.6057,0.0000
2025-01-04T21:30+10:00,general,0.4664,0.0000
2025-01-04T22:00+10:00,general,0.4276,0.0000
2025-01-04T22:30+10:00,general,0.3449,0.0000
2025-01-04T23:00+10:00,general,0.2536,0.0000
2025-01-04T23:30+10:00,general,0.2578,0.0000
2025-01-05T00:00+10:00,general,0.1993,0.0000
2025-01-05T00:30+10:00,general,0.1408,0.0000
2025-01-05T01:00+10:00,general,0.1669,0.0000
2025-01-05T01:30+10:00,general,0.1598,0.0000
2025-01-05T02:00+10:00,general,0.1338,0.0000
2025-01-05T02:30+10:00,general,0.1612,0.0000
2025-01-05T03:00+10:00,general,0.1316,0.0000
2025-01-05T03:30+10:00,general,0.1385,0.0000
2025-01-05T04:00+10:00,general,0.1317,0.0000
2025-01-05T04:30+10:00,general,0.1841,0.0000
2025-01-05T05:00+10:00,general,0.1936,0.0000
2025-01-05T05:30+10:00,general,0.1907,0.0000
2025-01-05T06:00+10:00,general,0.2221,0.0000
2025-01-05T06:30+10:00,general,0.2201,0.0000
2025-01-05T07:00+10:00,general,0.0910,0.0000
2025-01-05T07:30+10:00,general,0.0000,0.1733
2025-01-05T08:00+10:00,general,0.0000,0.3249
2025-01-05T08:30+10:00,general,0.0000,0.4992
2025-01-05T09:00+10:00,general,0.0000,0.7401
2025-01-05T09:30+10:00,general,0.0000,0.9031
2025-01-05T10:00+10:00,general,0.0000,1.0355
2025-01-05T10:30+10:00,general,0.0000,1.2006
2025-01-05T11:00+10:00,general,0.0000,1.2679
2025-01-05T11:30+10:00,general,0.0000,1.3350
2025-01-05T12:00+10:00,general,0.0000,1.3978
2025-01-05T12:30+10:00,general,0.0000,1.3817
2025-01-05T13:00+10:00,general,0.0000,1.3964
2025-01-05T13:30+10:00,general,0.0000,1.3235
2025-01-05T14:00+10:00,general,0.0000,1.2654
2025-01-05T14:30+10:00,general,0.0000,1.1824
2025-01-05T15:00+10:00,general,0.0000,1.0075
2025-01-05T15:30+10:00,general,0.0000,0.8750
2025-01-05T16:00+10:00,general,0.0000,0.6197
2025-01-05T16:30+10:00,general,0.0000,0.4140
2025-01-05T17:00+10:00,general,0.0000,0.1246
2025-01-05T17:30+10:00,general,0.1171,0.0000
2025-01-05T18:00+10:00,general,0.3862,0.0000
2025-01-05T18:30+10:00,general,0.6322,0.0000
2025-01-05T19:00+10:00,general,0.7446,0.0000
2025-01-05T19:30+10:00,general,0.7480,0.0000
2025-01-05T20:00+10:00,general,0.7466,0.0000
2025-01-05T20:30+10:00,general,0.6616,0.0000
2025-01-05T21:00+10:00,general,0.6308,0.0000
2025-01-05T21:30+10:00,general,0.4397,0.0000
2025-01-05T22:00+10:00,general,0.4075,0.0000
2025-01-05T22:30+10:00,general,0.4009,0.0000
2025-01-05T23:00+10:00,general,0.3095,0.0000
2025-01-05T23:30+10:00,general,0.2375,0.0000
2025-01-06T00:00+10:00,general,0.2317,0.0000
2025-01-06T00:30+10:00,general,0.1514,0.0000
2025-01-06T01:00+10:00,general,0.1351,0.0000
2025-01-06T01:30+10:00,general,0.1374,0.0000
2025-01-06T02:00+10:00,general,0.1457,0.0000
2025-01-06T02:30+10:00,general,0.1277,0.0000
2025-01-06T03:00+10:00,general,0.1433,0.0000
2025-01-06T03:30+10:00,general,0.1538,0.0000
2025-01-06T04:00+10:00,general,0.1486,0.0000
2025-01-06T04:30+10:00,general,0.1826,0.0000
2025-01-06T05:00+10:00,general,0.1645,0.0000
2025-01-06T05:30+10:00,general,0.1918,0.0000
2025-01-06T06:00+10:00,general,0.2117,0.0000
2025-01-06T06:30+10:00,general,0.2558,0.0000
2025-01-06T07:00+10:00,general,0.0796,0.0000
2025-01-06T07:30+10:00,general,0.0000,0.1036
2025-01-06T08:00+10:00,general,0.0000,0.3306
2025-01-06T08:30+10:00,general,0.0000,0.5469
2025-01-06T09:00+10:00,general,0.0000,0.7396
2025-01-06T09:30+10:00,general,0.0000,0.9338
2025-01-06T10:00+10:00,general,0.0000,1.0840
2025-01-06T10:30+10:00,general,0.0000,1.2050
2025-01-06T11:00+10:00,general,0.0000,1.2791
2025-01-06T11:30+10:00,general,0.0000,1.3438
2025-01-06T12:00+10:00,general,0.0000,1.4086
2025-01-06T12:30+10:00,general,0.0000,1.4074
2025-01-06T13:00+10:00,general,0.0000,1.3658
2025-01-06T13:30+10:00,general,0.0000,1.3525
2025-01-06T14:00+10:00,general,0.0000,1.2559
2025-01-06T14:30+10:00,general,0.0000,1.1485
2025-01-06T15:00+10:00,general,0.0000,1.0532
2025-01-06T15:30+10:00,general,0.0000,0.8688
2025-01-06T16:00+10:00,general,0.0000,0.6351
2025-01-06T16:30+10:00,general,0.0000,0.4353
2025-01-06T17:00+10:00,general,0.0000,0.2224
2025-01-06T17:30+10:00,general,0.0959,0.0000
2025-01-06T18:00+10:00,general,0.4333,0.0000
2025-01-06T18:30+10:00,general,0.7083,0.0000
2025-01-06T19:00+10:00,general,0.6649,0.0000
2025-01-06T19:30+10:00,general,0.6371,0.0000
2025-01-06T20:00+10:00,general,0.6225,0.0000
2025-01-06T20:30+10:00,general,0.6066,0.0000
2025-01-06T21:00+10:00,general,0.5246,0.0000
2025-01-06T21:30+10:00,general,0.4264,0.0000
2025-01-06T22:00+10:00,general,0.3630,0.0000
2025-01-06T22:30+10:00,general,0.3229,0.0000
2025-01-06T23:00+10:00,general,0.3002,0.0000
2025-01-06T23:30+10:00,general,0.2308,0.0000
2025-01-07T00:00+10:00,general,0.1885,0.0000
2025-01-07T00:30+10:00,general,0.1511,0.0000
2025-01-07T01:00+10:00,general,0.1332,0.0000
2025-01-07T01:30+10:00,general,0.1442,0.0000
2025-01-07T02:00+10:00,general,0.1450,0.0000
2025-01-07T02:30+10:00,general,0.1398,0.0000
2025-01-07T03:00+10:00,general,0.1418,0.0000
2025-01-07T03:30+10:00,general,0.1373,0.0000
2025-01-07T04:00+10:00,general,0.1683,0.0000
2025-01-07T04:30+10:00,general,0.1698,0.0000
2025-01-07T05:00+10:00,general,0.1648,0.0000
2025-01-07T05:30+10:00,general,0.2110,0.0000
2025-01-07T06:00+10:00,general,0.1903,0.0000
2025-01-07T06:30+10:00,general,0.2501,0.0000
2025-01-07T07:00+10:00,general,0.0258,0.0000
2025-01-07T07:30+10:00,general,0.0000,0.1146
2025-01-07T08:00+10:00,general,0.0000,0.3426
2025-01-07T08:30+10:00,general,0.0000,0.5564
2025-01-07T09:00+10:00,general,0.0000,0.7455
2025-01-07T09:30+10:00,general,0.0000,0.8912
2025-01-07T10:00+10:00,general,0.0000,1.0784
2025-01-07T10:30+10:00,general,0.0000,1.1624
2025-01-07T11:00+10:00,general,0.0000,1.2783
2025-01-07T11:30+10:00,general,0.0000,1.3360
2025-01-07T12:00+10:00,general,0.0000,1.3708
2025-01-07T12:30+10:00,general,0.0000,1.4222
2025-01-07T13:00+10:00,general,0.0000,1.3645
2025-01-07T13:30+10:00,general,0.0000,1.3360
2025-01-07T14:00+10:00,general,0.0000,1.2663
2025-01-07T14:30+10:00,general,0.0000,1.1834
2025-01-07T15:00+10:00,general,0.0000,1.0322
2025-01-07T15:30+10:00,general,0.0000,0.8833
2025-01-07T16:00+10:00,general,0.0000,0.6666
2025-01-07T16:30+10:00,general,0.0000,0.4610
2025-01-07T17:00+10:00,general,0.0000,0.2272
2025-01-07T17:30+10:00,general,0.1370,0.0000
2025-01-07T18:00+10:00,general,0.3863,0.0000
2025-01-07T18:30+10:00,general,0.5511,0.0000
2025-01-07T19:00+10:00,general,0.7260,0.0000
2025-01-07T19:30+10:00,general,0.7147,0.0000
2025-01-07T20:00+10:00,general,0.7205,0.0000
2025-01-07T20:30+10:00,general,0.7105,0.0000
2025-01-07T21:00+10:00,general,0.5087,0.0000
2025-01-07T21:30+10:00,general,0.5260,0.0000
2025-01-07T22:00+10:00,general,0.4256,0.0000
2025-01-07T22:30+10:00,general,0.3347,0.0000
2025-01-07T23:00+10:00,general,0.2824,0.0000
2025-01-07T23:30+10:00,general,0.2375,0.0000
2025-01-08T00:00+10:00,general,0.2260,0.0000
2025-01-08T00:30+10:00,general,0.1522,0.0000
2025-01-08T01:00+10:00,general,0.1589,0.0000
2025-01-08T01:30+10:00,general,0.1686,0.0000
2025-01-08T02:00+10:00,general,0.1301,0.0000
2025-01-08T02:30+10:00,general,0.1343,0.0000
2025-01-08T03:00+10:00,general,0.1467,0.0000
2025-01-08T03:30+10:00,general,0.1342,0.0000
2025-01-08T04:00+10:00,general,0.1447,0.0000
2025-01-08T04:30+10:00,general,0.1699,0.0000
2025-01-08T05:00+10:00,general,0.1669,0.0000
2025-01-08T05:30+10:00,general,0.1976,0.0000
2025-01-08T06:00+10:00,general,0.2353,0.0000
2025-01-08T06:30+10:00,general,0.2228,0.0000
2025-01-08T07:00+10:00,general,0.0934,0.0000
2025-01-08T07:30+10:00,general,0.0000,0.1060
2025-01-08T08:00+10:00,general,0.0000,0.3491
2025-01-08T08:30+10:00,general,0.0000,0.5689
2025-01-08T09:00+10:00,general,0.0000,0.6988
2025-01-08T09:30+10:00,general,0.0000,0.8905
2025-01-08T10:00+10:00,general,0.0000,1.0639
2025-01-08T10:30+10:00,general,0.0000,1.1916
2025-01-08T11:00+10:00,general,0.0000,1.2771
2025-01-08T11:30+10:00,general,0.0000,1.3428
2025-01-08T12:00+10:00,general,0.0000,1.3763
2025-01-08T12:30+10:00,general,0.0000,1.4114
2025-01-08T13:00+10:00,general,0.0000,1.3966
2025-01-08T13:30+10:00,general,0.0000,1.3317
2025-01-08T14:00+10:00,general,0.0000,1.2669
2025-01-08T14:30+10:00,general,0.0000,1.1444
2025-01-08T15:00+10:00,general,0.0000,1.0415
2025-01-08T15:30+10:00,general,0.0000,0.8852
2025-01-08T16:00+10:00,general,0.0000,0.6468
2025-01-08T16:30+10:00,general,0.0000,0.4094
2025-01-08T17:00+10:00,general,0.0000,0.1434
2025-01-08T17:30+10:00,general,0.0978,0.0000
2025-01-08T18:00+10:00,general,0.3299,0.0000
2025-01-08T18:30+10:00,general,0.6151,0.0000
2025-01-08T19:00+10:00,general,0.6461,0.0000
2025-01-08T19:30+10:00,general,0.7355,0.0000
2025-01-08T20:00+10:00,general,0.6574,0.0000
2025-01-08T20:30+10:00,general,0.6331,0.0000
2025-01-08T21:00+10:00,general,0.5190,0.0000
2025-01-08T21:30+10:00,general,0.5315,0.0000
2025-01-08T22:00+10:00,general,0.4308,0.0000
2025-01-08T22:30+10:00,general,0.3036,0.0000
2025-01-08T23:00+10:00,general,0.3218,0.0000
2025-01-08T23:30+10:00,general,0.2671,0.0000
2025-01-09T00:00+10:00,general,0.2209,0.0000
2025-01-09T00:30+10:00,general,0.1620,0.0000
2025-01-09T01:00+10:00,general,0.1345,0.0000
2025-01-09T01:30+10:00,general,0.1410,0.0000
2025-01-09T02:00+10:00,general,0.1531,0.0000
2025-01-09T02:30+10:00,general,0.1487,0.0000
2025-01-09T03:00+10:00,general,0.1663,0.0000
2025-01-09T03:30+10:00,general,0.1478,0.0000
2025-01-09T04:00+10:00,general,0.1496,0.0000
2025-01-09T04:30+10:00,general,0.1703,0.0000
2025-01-09T05:00+10:00,general,0.1479,0.0000
2025-01-09T05:30+10:00,general,0.1766,0.0000
2025-01-09T06:00+10:00,general,0.2082,0.0000
2025-01-09T06:30+10:00,general,0.2476,0.0000
2025-01-09T07:00+10:00,general,0.0584,0.0000
2025-01-09T07:30+10:00,general,0.0000,0.1058
2025-01-09T08:00+10:00,general,0.0000,0.3603
2025-01-09T08:30+10:00,general,0.0000,0.5066
2025-01-09T09:00+10:00,general,0.0000,0.7039
2025-01-09T09:30+10:00,general,0.0000,0.9280
2025-01-09T10:00+10:00,general,0.0000,1.0840
2025-01-09T10:30+10:00,general,0.0000,1.1937
2025-01-09T11:00+10:00,general,0.0000,1.3008
2025-01-09T11:30+10:00,general,0.0000,1.3450
2025-01-09T12:00+10:00,general,0.0000,1.3949
2025-01-09T12:30+10:00,general,0.0000,1.4161
2025-01-09T13:00+10:00,general,0.0000,1.3817
2025-01-09T13:30+10:00,general,0.0000,1.3277
2025-01-09T14:00+10:00,general,0.0000,1.2794
2025-01-09T14:30+10:00,general,0.0000,1.1878
2025-01-09T15:00+10:00,general,0.0000,1.0249
2025-01-09T15:30+10:00,general,0.0000,0.8379
2025-01-09T16:00+10:00,general,0.0000,0.6308
2025-01-09T16:30+10:00,general,0.0000,0.4023
2025-01-09T17:00+10:00,general,0.0000,0.1187
2025-01-09T17:30+10:00,general,0.0985,0.0000
2025-01-09T18:00+10:00,general,0.3354,0.0000
2025-01-09T18:30+10:00,general,0.6834,0.0000
2025-01-09T19:00+10:00,general,0.7597,0.0000
2025-01-09T19:30+10:00,general,0.6928,0.0000
2025-01-09T20:00+10:00,general,0.7556,0.0000
2025-01-09T20:30+10:00,general,0.7259,0.0000
2025-01-09T21:00+10:00,general,0.5981,0.0000
2025-01-09T21:30+10:00,general,0.5128,0.0000
2025-01-09T22:00+10:00,general,0.4351,0.0000
2025-01-09T22:30+10:00,general,0.3851,0.0000
2025-01-09T23:00+10:00,general,0.2610,0.0000
2025-01-09T23:30+10:00,general,0.2418,0.0000
2025-01-10T00:00+10:00,general,0.2280,0.0000
2025-01-10T00:30+10:00,general,0.1596,0.0000
2025-01-10T01:00+10:00,general,0.1279,0.0000
2025-01-10T01:30+10:00,general,0.1628,0.0000
2025-01-10T02:00+10:00,general,0.1283,0.0000
2025-01-10T02:30+10:00,general,0.1356,0.0000
2025-01-10T03:00+10:00,general,0.1349,0.0000
2025-01-10T03:30+10:00,general,0.1648,0.0000
2025-01-10T04:00+10:00,general,0.1740,0.0000
2025-01-10T04:30+10:00,general,0.1570,0.0000
2025-01-10T05:00+10:00,general,0.1520,0.0000
2025-01-10T05:30+10:00,general,0.1935,0.0000
2025-01-10T06:00+10:00,general,0.2228,0.0000
2025-01-10T06:30+10:00,general,0.2577,0.0000
2025-01-10T07:00+10:00,general,0.0432,0.0000
2025-01-10T07:30+10:00,general,0.0000,0.1532
2025-01-10T08:00+10:00,general,0.0000,0.3637
2025-01-10T08:30+10:00,general,0.0000,0.5076
2025-01-10T09:00+10:00,general,0.0000,0.7597
2025-01-10T09:30+10:00,general,0.0000,0.8859
2025-01-10T10:00+10:00,general,0.0000,1.0499
2025-01-10T10:30+10:00,general,0.0000,1.2034
2025-01-10T11:00+10:00,general,0.0000,1.2934
2025-01-10T11:30+10:00,general,0.0000,1.3600
2025-01-10T12:00+10:00,general,0.0000,1.3903
2025-01-10T12:30+10:00,general,0.0000,1.4141
2025-01-10T13:00+10:00,general,0.0000,1.3959
2025-01-10T13:30+10:00,general,0.0000,1.3665
2025-01-10T14:00+10:00,general,0.0000,1.2603
2025-01-10T14:30+10:00,general,0.0000,1.1863
2025-01-10T15:00+10:00,general,0.0000,1.0584
2025-01-10T15:30+10:00,general,0.0000,0.8898
2025-01-10T16:00+10:00,general,0.0000,0.6893
2025-01-10T16:30+10:00,general,0.0000,0.4597
2025-01-10T17:00+10:00,general,0.0000,0.2340
2025-01-10T17:30+10:00,general,0.0465,0.0000
2025-01-10T18:00+10:00,general,0.3537,0.0000
2025-01-10T18:30+10:00,general,0.5633,0.0000
2025-01-10T19:00+10:00,general,0.7410,0.0000
2025-01-10T19:30+10:00,general,0.7579,0.0000
2025-01-10T20:00+10:00,general,0.6850,0.0000
2025-01-10T20:30+10:00,general,0.6166,0.0000
2025-01-10T21:00+10:00,general,0.6102,0.0000
2025-01-10T21:30+10:00,general,0.4647,0.0000
2025-01-10T22:00+10:00,general,0.4806,0.0000
2025-01-10T22:30+10:00,general,0.3430,0.0000
2025-01-10T23:00+10:00,general,0.2901,0.0000
2025-01-10T23:30+10:00,general,0.2424,0.0000
2025-01-11T00:00+10:00,general,0.1933,0.0000
2025-01-11T00:30+10:00,general,0.1560,0.0000
2025-01-11T01:00+10:00,general,0.1301,0.0000
2025-01-11T01:30+10:00,general,0.1488,0.0000
2025-01-11T02:00+10:00,general,0.1266,0.0000
2025-01-11T02:30+10:00,general,0.1485,0.0000
2025-01-11T03:00+10:00,general,0.1353,0.0000
2025-01-11T03:30+10:00,general,0.1595,0.0000
2025-01-11T04:00+10:00,general,0.1353,0.0000
2025-01-11T04:30+10:00,general,0.1682,0.0000
2025-01-11T05:00+10:00,general,0.1746,0.0000
2025-01-11T05:30+10:00,general,0.1696,0.0000
2025-01-11T06:00+10:00,general,0.2340,0.0000
2025-01-11T06:30+10:00,general,0.2413,0.0000
2025-01-11T07:00+10:00,general,0.0259,0.0000
2025-01-11T07:30+10:00,general,0.0000,0.1216
2025-01-11T08:00+10:00,general,0.0000,0.3416
2025-01-11T08:30+10:00,general,0.0000,0.5038
2025-01-11T09:00+10:00,general,0.0000,0.7305
2025-01-11T09:30+10:00,general,0.0000,0.8869
2025-01-11T10:00+10:00,general,0.0000,1.0647
2025-01-11T10:30+10:00,general,0.0000,1.2093
2025-01-11T11:00+10:00,general,0.0000,1.3030
2025-01-11T11:30+10:00,general,0.0000,1.3373
2025-01-11T12:00+10:00,general,0.0000,1.4056
2025-01-11T12:30+10:00,general,0.0000,1.3952
2025-01-11T13:00+10:00,general,0.0000,1.4051
2025-01-11T13:30+10:00,general,0.0000,1.3231
2025-01-11T14:00+10:00,general,0.0000,1.2878
2025-01-11T14:30+10:00,general,0.0000,1.1619
2025-01-11T15:00+10:00,general,0.0000,1.0531
2025-01-11T15:30+10:00,general,0.0000,0.8867
2025-01-11T16:00+10:00,general,0.0000,0.6385
2025-01-11T16:30+10:00,general,0.0000,0.3959
2025-01-11T17:00+10:00,general,0.0000,0.1698
2025-01-11T17:30+10:00,general,0.0932,0.0000
2025-01-11T18:00+10:00,general,0.4385,0.0000
2025-01-11T18:30+10:00,general,0.7077,0.0000
2025-01-11T19:00+10:00,general,0.6916,0.0000
2025-01-11T19:30+10:00,general,0.6620,0.0000
2025-01-11T20:00+10:00,general,0.7041,0.0000
2025-01-11T20:30+10:00,general,0.6016,0.0000
2025-01-11T21:00+10:00,general,0.5438,0.0000
2025-01-11T21:30+10:00,general,0.5452,0.0000
2025-01-11T22:00+10:00,general,0.3919,0.0000
2025-01-11T22:30+10:00,general,0.3064,0.0000
2025-01-11T23:00+10:00,general,0.2775,0.0000
2025-01-11T23:30+10:00,general,0.2541,0.0000
2025-01-12T00:00+10:00,general,0.1897,0.0000
2025-01-12T00:30+10:00,general,0.1516,0.0000
2025-01-12T01:00+10:00,general,0.1453,0.0000
2025-01-12T01:30+10:00,general,0.1596,0.0000
2025-01-12T02:00+10:00,general,0.1636,0.0000
2025-01-12T02:30+10:00,general,0.1593,0.0000
2025-01-12T03:00+10:00,general,0.1550,0.0000
2025-01-12T03:30+10:00,general,0.1546,0.0000
2025-01-12T04:00+10:00,general,0.1374,0.0000
2025-01-12T04:30+10:00,general,0.1412,0.0000
2025-01-12T05:00+10:00,general,0.1835,0.0000
2025-01-12T05:30+10:00,general,0.2174,0.0000
2025-01-12T06:00+10:00,general,0.2248,0.0000
2025-01-12T06:30+10:00,general,0.2732,0.0000
2025-01-12T07:00+10:00,general,0.0351,0.0000
2025-01-12T07:30+10:00,general,0.0000,0.1729
2025-01-12T08:00+10:00,general,0.0000,0.3532
2025-01-12T08:30+10:00,general,0.0000,0.5529
2025-01-12T09:00+10:00,general,0.0000,0.7501
2025-01-12T09:30+10:00,general,0.0000,0.8916
2025-01-12T10:00+10:00,general,0.0000,1.0528
2025-01-12T10:30+10:00,general,0.0000,1.1835
2025-01-12T11:00+10:00,general,0.0000,1.2733
2025-01-12T11:30+10:00,general,0.0000,1.3675
2025-01-12T12:00+10:00,general,0.0000,1.3731
2025-01-12T12:30+10:00,general,0.0000,1.3949
2025-01-12T13:00+10:00,general,0.0000,1.3912
2025-01-12T13:30+10:00,general,0.0000,1.3484
2025-01-12T14:00+10:00,general,0.0000,1.2698
2025-01-12T14:30+10:00,general,0.0000,1.1416
2025-01-12T15:00+10:00,general,0.0000,1.0296
2025-01-12T15:30+10:00,general,0.0000,0.8786
2025-01-12T16:00+10:00,general,0.0000,0.6944
2025-01-12T16:30+10:00,general,0.0000,0.4142
2025-01-12T17:00+10:00,general,0.0000,0.1633
2025-01-12T17:30+10:00,general,0.0477,0.0000
2025-01-12T18:00+10:00,general,0.4344,0.0000
2025-01-12T18:30+10:00,general,0.7264,0.0000
2025-01-12T19:00+10:00,general,0.7245,0.0000
2025-01-12T19:30+10:00,general,0.6433,0.0000
2025-01-12T20:00+10:00,general,0.6594,0.0000
2025-01-12T20:30+10:00,general,0.7329,0.0000
2025-01-12T21:00+10:00,general,0.5895,0.0000
2025-01-12T21:30+10:00,general,0.4306,0.0000
2025-01-12T22:00+10:00,general,0.3835,0.0000
2025-01-12T22:30+10:00,general,0.3834,0.0000
2025-01-12T23:00+10:00,general,0.3030,0.0000
2025-01-12T23:30+10:00,general,0.2055,0.0000
2025-01-13T00:00+10:00,general,0.2300,0.0000
2025-01-13T00:30+10:00,general,0.1380,0.0000
2025-01-13T01:00+10:00,general,0.1530,0.0000
2025-01-13T01:30+10:00,general,0.1559,0.0000
2025-01-13T02:00+10:00,general,0.1478,0.0000
2025-01-13T02:30+10:00,general,0.1284,0.0000
2025-01-13T03:00+10:00,general,0.1697,0.0000
2025-01-13T03:30+10:00,general,0.1701,0.0000
2025-01-13T04:00+10:00,general,0.1439,0.0000
2025-01-13T04:30+10:00,general,0.1641,0.0000
2025-01-13T05:00+10:00,general,0.1615,0.0000
2025-01-13T05:30+10:00,general,0.1666,0.0000
2025-01-13T06:00+10:00,general,0.1855,0.0000
2025-01-13T06:30+10:00,general,0.2363,0.0000
2025-01-13T07:00+10:00,general,0.0244,0.0000
2025-01-13T07:30+10:00,general,0.0000,0.1283
2025-01-13T08:00+10:00,general,0.0000,0.3342
2025-01-13T08:30+10:00,general,0.0000,0.5231
2025-01-13T09:00+10:00,general,0.0000,0.7330
2025-01-13T09:30+10:00,general,0.0000,0.9314
2025-01-13T10:00+10:00,general,0.0000,1.0692
2025-01-13T10:30+10:00,general,0.0000,1.1874
2025-01-13T11:00+10:00,general,0.0000,1.2901
2025-01-13T11:30+10:00,general,0.0000,1.3327
2025-01-13T12:00+10:00,general,0.0000,1.4128
2025-01-13T12:30+10:00,general,0.0000,1.4034
2025-01-13T13:00+10:00,general,0.0000,1.3910
2025-01-13T13:30+10:00,general,0.0000,1.3608
2025-01-13T14:00+10:00,general,0.0000,1.2897
2025-01-13T14:30+10:00,general,0.0000,1.1788
2025-01-13T15:00+10:00,general,0.0000,1.0567
2025-01-13T15:30+10:00,general,0.0000,0.8376
2025-01-13T16:00+10:00,general,0.0000,0.6391
2025-01-13T16:30+10:00,general,0.0000,0.4566
2025-01-13T17:00+10:00,general,0.0000,0.1412
2025-01-13T17:30+10:00,general,0.0407,0.0000
2025-01-13T18:00+10:00,general,0.3537,0.0000
2025-01-13T18:30+10:00,general,0.5578,0.0000
2025-01-13T19:00+10:00,general,0.5852,0.0000
2025-01-13T19:30+10:00,general,0.5926,0.0000
2025-01-13T20:00+10:00,general,0.6582,0.0000
2025-01-13T20:30+10:00,general,0.7319,0.0000
2025-01-13T21:00+10:00,general,0.5357,0.0000
2025-01-13T21:30+10:00,general,0.4631,0.0000
2025-01-13T22:00+10:00,general,0.3942,0.0000
2025-01-13T22:30+10:00,general,0.3308,0.0000
2025-01-13T23:00+10:00,general,0.2972,0.0000
2025-01-13T23:30+10:00,general,0.2211,0.0000
2025-01-14T00:00+10:00,general,0.2044,0.0000
2025-01-14T00:30+10:00,general,0.1670,0.0000
2025-01-14T01:00+10:00,general,0.1592,0.0000
2025-01-14T01:30+10:00,general,0.1536,0.0000
2025-01-14T02:00+10:00,general,0.1605,0.0000
2025-01-14T02:30+10:00,general,0.1496,0.0000
2025-01-14T03:00+10:00,general,0.1408,0.0000
2025-01-14T03:30+10:00,general,0.1487,0.0000
2025-01-14T04:00+10:00,general,0.1604,0.0000
2025-01-14T04:30+10:00,general,0.1646,0.0000
2025-01-14T05:00+10:00,general,0.1788,0.0000
2025-01-14T05:30+10:00,general,0.1995,0.0000
2025-01-14T06:00+10:00,general,0.2284,0.0000
2025-01-14T06:30+10:00,general,0.2743,0.0000
2025-01-14T07:00+10:00,general,0.0587,0.0000
2025-01-14T07:30+10:00,general,0.0000,0.1690
2025-01-14T08:00+10:00,general,0.0000,0.3031
2025-01-14T08:30+10:00,general,0.0000,0.5117
2025-01-14T09:00+10:00,general,0.0000,0.7327
2025-01-14T09:30+10:00,general,0.0000,0.9375
2025-01-14T10:00+10:00,general,0.0000,1.0573
2025-01-14T10:30+10:00,general,0.0000,1.1889
2025-01-14T11:00+10:00,general,0.0000,1.3003
2025-01-14T11:30+10:00,general,0.0000,1.3508
2025-01-14T12:00+10:00,general,0.0000,1.4116
2025-01-14T12:30+10:00,general,0.0000,1.4006
2025-01-14T13:00+10:00,general,0.0000,1.3804
2025-01-14T13:30+10:00,general,0.0000,1.3628
2025-01-14T14:00+10:00,general,0.0000,1.2934
2025-01-14T14:30+10:00,general,0.0000,1.1899
2025-01-14T15:00+10:00,general,0.0000,1.0228
2025-01-14T15:30+10:00,general,0.0000,0.8794
2025-01-14T16:00+10:00,general,0.0000,0.6812
2025-01-14T16:30+10:00,general,0.0000,0.4398
2025-01-14T17:00+10:00,general,0.0000,0.1640
2025-01-14T17:30+10:00,general,0.0531,0.0000
2025-01-14T18:00+10:00,general,0.3702,0.0000
2025-01-14T18:30+10:00,general,0.5805,0.0000
2025-01-14T19:00+10:00,general,0.7564,0.0000
2025-01-14T19:30+10:00,general,0.7961,0.0000
2025-01-14T20:00+10:00,general,0.6937,0.0000
2025-01-14T20:30+10:00,general,0.6644,0.0000
2025-01-14T21:00+10:00,general,0.6338,0.0000
2025-01-14T21:30+10:00,general,0.4318,0.0000
2025-01-14T22:00+10:00,general,0.4811,0.0000
2025-01-14T22:30+10:00,general,0.3440,0.0000
2025-01-14T23:00+10:00,general,0.3213,0.0000
2025-01-14T23:30+10:00,general,0.2596,0.0000
2025-01-15T00:00+10:00,general,0.2046,0.0000
2025-01-15T00:30+10:00,general,0.1484,0.0000
2025-01-15T01:00+10:00,general,0.1440,0.0000
2025-01-15T01:30+10:00,general,0.1529,0.0000
2025-01-15T02:00+10:00,general,0.1571,0.0000
2025-01-15T02:30+10:00,general,0.1308,0.0000
2025-01-15T03:00+10:00,general,0.1457,0.0000
2025-01-15T03:30+10:00,general,0.1321,0.0000
2025-01-15T04:00+10:00,general,0.1486,0.0000
2025-01-15T04:30+10:00,general,0.1408,0.0000
2025-01-15T05:00+10:00,general,0.1529,0.0000
2025-01-15T05:30+10:00,general,0.1692,0.0000
2025-01-15T06:00+10:00,general,0.1846,0.0000
2025-01-15T06:30+10:00,general,0.2595,0.0000
2025-01-15T07:00+10:00,general,0.0347,0.0000
2025-01-15T07:30+10:00,general,0.0000,0.1063
2025-01-15T08:00+10:00,general,0.0000,0.3662
2025-01-15T08:30+10:00,general,0.0000,0.5719
2025-01-15T09:00+10:00,general,0.0000,0.7338
2025-01-15T09:30+10:00,general,0.0000,0.8826
2025-01-15T10:00+10:00,general,0.0000,1.0511
2025-01-15T10:30+10:00,general,0.0000,1.1878
2025-01-15T11:00+10:00,general,0.0000,1.2788
2025-01-15T11:30+10:00,general,0.0000,1.3380
2025-01-15T12:00+10:00,general,0.0000,1.3764
2025-01-15T12:30+10:00,general,0.0000,1.4209
2025-01-15T13:00+10:00,general,0.0000,1.3906
2025-01-15T13:30+10:00,general,0.0000,1.3348
2025-01-15T14:00+10:00,general,0.0000,1.2591
2025-01-15T14:30+10:00,general,0.0000,1.1866
2025-01-15T15:00+10:00,general,0.0000,1.0426
2025-01-15T15:30+10:00,general,0.0000,0.8373
2025-01-15T16:00+10:00,general,0.0000,0.6464
2025-01-15T16:30+10:00,general,0.0000,0.4540
2025-01-15T17:00+10:00,general,0.0000,0.1788
2025-01-15T17:30+10:00,general,0.0801,0.0000
2025-01-15T18:00+10:00,general,0.3902,0.0000
2025-01-15T18:30+10:00,general,0.6049,0.0000
2025-01-15T19:00+10:00,general,0.7189,0.0000
2025-01-15T19:30+10:00,general,0.6909,0.0000
2025-01-15T20:00+10:00,general,0.6100,0.0000
2025-01-15T20:30+10:00,general,0.6327,0.0000
2025-01-15T21:00+10:00,general,0.6384,0.0000
2025-01-15T21:30+10:00,general,0.4564,0.0000
2025-01-15T22:00+10:00,general,0.4031,0.0000
2025-01-15T22:30+10:00,general,0.3887,0.0000
2025-01-15T23:00+10:00,general,0.3006,0.0000
2025-01-15T23:30+10:00,general,0.2694,0.0000
2025-01-16T00:00+10:00,general,0.2317,0.0000
2025-01-16T00:30+10:00,general,0.1375,0.0000
2025-01-16T01:00+10:00,general,0.1261,0.0000
2025-01-16T01:30+10:00,general,0.1254,0.0000
2025-01-16T02:00+10:00,general,0.1598,0.0000
2025-01-16T02:30+10:00,general,0.1308,0.0000
2025-01-16T03:00+10:00,general,0.1698,0.0000
2025-01-16T03:30+10:00,general,0.1570,0.0000
2025-01-16T04:00+10:00,general,0.1470,0.0000
2025-01-16T04:30+10:00,general,0.1627,0.0000
2025-01-16T05:00+10:00,general,0.1717,0.0000
2025-01-16T05:30+10:00,general,0.1673,0.0000
2025-01-16T06:00+10:00,general,0.1979,0.0000
2025-01-16T06:30+10:00,general,0.2239,0.0000
2025-01-16T07:00+10:00,general,0.0573,0.0000
2025-01-16T07:30+10:00,general,0.0000,0.1265
2025-01-16T08:00+10:00,general,0.0000,0.3449
2025-01-16T08:30+10:00,general,0.0000,0.5067
2025-01-16T09:00+10:00,general,0.0000,0.7293
2025-01-16T09:30+10:00,general,0.0000,0.9170
2025-01-16T10:00+10:00,general,0.0000,1.0800
2025-01-16T10:30+10:00,general,0.0000,1.2052
2025-01-16T11:00+10:00,general,0.0000,1.2951
2025-01-16T11:30+10:00,general,0.0000,1.3619
2025-01-16T12:00+10:00,general,0.0000,1.3746
2025-01-16T12:30+10:00,general,0.0000,1.4253
2025-01-16T13:00+10:00,general,0.0000,1.3803
2025-01-16T13:30+10:00,general,0.0000,1.3333
2025-01-16T14:00+10:00,general,0.0000,1.2603
2025-01-16T14:30+10:00,general,0.0000,1.1849
2025-01-16T15:00+10:00,general,0.0000,1.0392
2025-01-16T15:30+10:00,general,0.0000,0.8411
2025-01-16T16:00+10:00,general,0.0000,0.6992
2025-01-16T16:30+10:00,general,0.0000,0.4295
2025-01-16T17:00+10:00,general,0.0000,0.2029
2025-01-16T17:30+10:00,general,0.1133,0.0000
2025-01-16T18:00+10:00,general,0.4286,0.0000
2025-01-16T18:30+10:00,general,0.7253,0.0000
2025-01-16T19:00+10:00,general,0.6138,0.0000
2025-01-16T19:30+10:00,general,0.7760,0.0000
2025-01-16T20:00+10:00,general,0.6789,0.0000
2025-01-16T20:30+10:00,general,0.7076,0.0000
2025-01-16T21:00+10:00,general,0.6075,0.0000
2025-01-16T21:30+10:00,general,0.5180,0.0000
2025-01-16T22:00+10:00,general,0.3981,0.0000
2025-01-16T22:30+10:00,general,0.3191,0.0000
2025-01-16T23:00+10:00,general,0.2821,0.0000
2025-01-16T23:30+10:00,general,0.2417,0.0000
2025-01-17T00:00+10:00,general,0.2270,0.0000
2025-01-17T00:30+10:00,general,0.1423,0.0000
2025-01-17T01:00+10:00,general,0.1279,0.0000
2025-01-17T01:30+10:00,general,0.1432,0.0000
2025-01-17T02:00+10:00,general,0.1683,0.0000
2025-01-17T02:30+10:00,general,0.1330,0.0000
2025-01-17T03:00+10:00,general,0.1298,0.0000
2025-01-17T03:30+10:00,general,0.1289,0.0000
2025-01-17T04:00+10:00,general,0.1452,0.0000
2025-01-17T04:30+10:00,general,0.1500,0.0000
2025-01-17T05:00+10:00,general,0.1746,0.0000
2025-01-17T05:30+10:00,general,0.1844,0.0000
2025-01-17T06:00+10:00,general,0.2044,0.0000
2025-01-17T06:30+10:00,general,0.2647,0.0000
2025-01-17T07:00+10:00,general,0.0778,0.0000
2025-01-17T07:30+10:00,general,0.0000,0.1461
2025-01-17T08:00+10:00,general,0.0000,0.3625
2025-01-17T08:30+10:00,general,0.0000,0.5293
2025-01-17T09:00+10:00,general,0.0000,0.7566
2025-01-17T09:30+10:00,general,0.0000,0.8970
2025-01-17T10:00+10:00,general,0.0000,1.0725
2025-01-17T10:30+10:00,general,0.0000,1.1876
2025-01-17T11:00+10:00,general,0.0000,1.2729
2025-01-17T11:30+10:00,general,0.0000,1.3648
2025-01-17T12:00+10:00,general,0.0000,1.3811
2025-01-17T12:30+10:00,general,0.0000,1.4125
2025-01-17T13:00+10:00,general,0.0000,1.4098
2025-01-17T13:30+10:00,general,0.0000,1.3234
2025-01-17T14:00+10:00,general,0.0000,1.2616
2025-01-17T14:30+10:00,general,0.0000,1.1585
2025-01-17T15:00+10:00,general,0.0000,1.0521
2025-01-17T15:30+10:00,general,0.0000,0.8289
2025-01-17T16:00+10:00,general,0.0000,0.6883
2025-01-17T16:30+10:00,general,0.0000,0.4161
2025-01-17T17:00+10:00,general,0.0000,0.1929
2025-01-17T17:30+10:00,general,0.1377,0.0000
2025-01-17T18:00+10:00,general,0.3522,0.0000
2025-01-17T18:30+10:00,general,0.6339,0.0000
2025-01-17T19:00+10:00,general,0.7412,0.0000
2025-01-17T19:30+10:00,general,0.6658,0.0000
2025-01-17T20:00+10:00,general,0.6000,0.0000
2025-01-17T20:30+10:00,general,0.5937,0.0000
2025-01-17T21:00+10:00,general,0.6017,0.0000
2025-01-17T21:30+10:00,general,0.5191,0.0000
2025-01-17T22:00+10:00,general,0.3890,0.0000
2025-01-17T22:30+10:00,general,0.3341,0.0000
2025-01-17T23:00+10:00,general,0.2841,0.0000
2025-01-17T23:30+10:00,general,0.2365,0.0000
2025-01-18T00:00+10:00,general,0.2324,0.0000
2025-01-18T00:30+10:00,general,0.1289,0.0000
2025-01-18T01:00+10:00,general,0.1652,0.0000
2025-01-18T01:30+10:00,general,0.1460,0.0000
2025-01-18T02:00+10:00,general,0.1566,0.0000
2025-01-18T02:30+10:00,general,0.1470,0.0000
2025-01-18T03:00+10:00,general,0.1418,0.0000
2025-01-18T03:30+10:00,general,0.1550,0.0000
2025-01-18T04:00+10:00,general,0.1451,0.0000
2025-01-18T04:30+10:00,general,0.1754,0.0000
2025-01-18T05:00+10:00,general,0.1677,0.0000
2025-01-18T05:30+10:00,general,0.1722,0.0000
2025-01-18T06:00+10:00,general,0.1848,0.0000
2025-01-18T06:30+10:00,general,0.2121,0.0000
2025-01-18T07:00+10:00,general,0.0956,0.0000
2025-01-18T07:30+10:00,general,0.0000,0.1347
2025-01-18T08:00+10:00,general,0.0000,0.3092
2025-01-18T08:30+10:00,general,0.0000,0.5718
2025-01-18T09:00+10:00,general,0.0000,0.7419
2025-01-18T09:30+10:00,general,0.0000,0.8806
2025-01-18T10:00+10:00,general,0.0000,1.0457
2025-01-18T10:30+10:00,general,0.0000,1.1796
2025-01-18T11:00+10:00,general,0.0000,1.2973
2025-01-18T11:30+10:00,general,0.0000,1.3504
2025-01-18T12:00+10:00,general,0.0000,1.3750
2025-01-18T12:30+10:00,general,0.0000,1.4178
2025-01-18T13:00+10:00,general,0.0000,1.4068
2025-01-18T13:30+10:00,general,0.0000,1.3283
2025-01-18T14:00+10:00,general,0.0000,1.2865
2025-01-18T14:30+10:00,general,0.0000,1.1488
2025-01-18T15:00+10:00,general,0.0000,1.0329
2025-01-18T15:30+10:00,general,0.0000,0.8868
2025-01-18T16:00+10:00,general,0.0000,0.6164
2025-01-18T16:30+10:00,general,0.0000,0.4507
2025-01-18T17:00+10:00,general,0.0000,0.1641
2025-01-18T17:30+10:00,general,0.1402,0.0000
2025-01-18T18:00+10:00,general,0.3121,0.0000
2025-01-18T18:30+10:00,general,0.5958,0.0000
2025-01-18T19:00+10:00,general,0.6030,0.0000
2025-01-18T19:30+10:00,general,0.7175,0.0000
2025-01-18T20:00+10:00,general,0.7396,0.0000
2025-01-18T20:30+10:00,general,0.5580,0.0000
2025-01-18T21:00+10:00,general,0.6115,0.0000
2025-01-18T21:30+10:00,general,0.4975,0.0000
2025-01-18T22:00+10:00,general,0.3594,0.0000
2025-01-18T22:30+10:00,general,0.3446,0.0000
2025-01-18T23:00+10:00,general,0.2472,0.0000
2025-01-18T23:30+10:00,general,0.2306,0.0000
2025-01-19T00:00+10:00,general,0.1880,0.0000
2025-01-19T00:30+10:00,general,0.1641,0.0000
2025-01-19T01:00+10:00,general,0.1455,0.0000
2025-01-19T01:30+10:00,general,0.1444,0.0000
2025-01-19T02:00+10:00,general,0.1358,0.0000
2025-01-19T02:30+10:00,general,0.1542,0.0000
2025-01-19T03:00+10:00,general,0.1475,0.0000
2025-01-19T03:30+10:00,general,0.1300,0.0000
2025-01-19T04:00+10:00,general,0.1344,0.0000
2025-01-19T04:30+10:00,general,0.1819,0.0000
2025-01-19T05:00+10:00,general,0.1885,0.0000
2025-01-19T05:30+10:00,general,0.2203,0.0000
2025-01-19T06:00+10:00,general,0.1976,0.0000
2025-01-19T06:30+10:00,general,0.2189,0.0000
2025-01-19T07:00+10:00,general,0.0929,0.0000
2025-01-19T07:30+10:00,general,0.0000,0.1026
2025-01-19T08:00+10:00,general,0.0000,0.3294
2025-01-19T08:30+10:00,general,0.0000,0.5351
2025-01-19T09:00+10:00,general,0.0000,0.7284
2025-01-19T09:30+10:00,general,0.0000,0.8903
2025-01-19T10:00+10:00,general,0.0000,1.0871
2025-01-19T10:30+10:00,general,0.0000,1.1993
2025-01-19T11:00+10:00,general,0.0000,1.2960
2025-01-19T11:30+10:00,general,0.0000,1.3563
2025-01-19T12:00+10:00,general,0.0000,1.4078
2025-01-19T12:30+10:00,general,0.0000,1.3933
2025-01-19T13:00+10:00,general,0.0000,1.4072
2025-01-19T13:30+10:00,general,0.0000,1.3422
2025-01-19T14:00+10:00,general,0.0000,1.2605
2025-01-19T14:30+10:00,general,0.0000,1.1888
2025-01-19T15:00+10:00,general,0.0000,1.0309
2025-01-19T15:30+10:00,general,0.0000,0.8344
2025-01-19T16:00+10:00,general,0.0000,0.6655
2025-01-19T16:30+10:00,general,0.0000,0.4217
2025-01-19T17:00+10:00,general,0.0000,0.1507
2025-01-19T17:30+10:00,general,0.0442,0.0000
2025-01-19T18:00+10:00,general,0.3755,0.0000
2025-01-19T18:30+10:00,general,0.7322,0.0000
2025-01-19T19:00+10:00,general,0.6918,0.0000
2025-01-19T19:30+10:00,general,0.7659,0.0000
2025-01-19T20:00+10:00,general,0.7331,0.0000
2025-01-19T20:30+10:00,general,0.6431,0.0000
2025-01-19T21:00+10:00,general,0.4913,0.0000
2025-01-19T21:30+10:00,general,0.4951,0.0000
2025-01-19T22:00+10:00,general,0.4308,0.0000
2025-01-19T22:30+10:00,general,0.3936,0.0000
2025-01-19T23:00+10:00,general,0.2823,0.0000
2025-01-19T23:30+10:00,general,0.2379,0.0000
2025-01-20T00:00+10:00,general,0.1949,0.0000
2025-01-20T00:30+10:00,general,0.1474,0.0000
2025-01-20T01:00+10:00,general,0.1255,0.0000
2025-01-20T01:30+10:00,general,0.1602,0.0000
2025-01-20T02:00+10:00,general,0.1618,0.0000
2025-01-20T02:30+10:00,general,0.1410,0.0000
2025-01-20T03:00+10:00,general,0.1341,0.0000
2025-01-20T03:30+10:00,general,0.1553,0.0000
2025-01-20T04:00+10:00,general,0.1362,0.0000
2025-01-20T04:30+10:00,general,0.1614,0.0000
2025-01-20T05:00+10:00,general,0.1786,0.0000
2025-01-20T05:30+10:00,general,0.2081,0.0000
2025-01-20T06:00+10:00,general,0.1946,0.0000
2025-01-20T06:30+10:00,general,0.2666,0.0000
2025-01-20T07:00+10:00,general,0.0680,0.0000
2025-01-20T07:30+10:00,general,0.0000,0.1457
2025-01-20T08:00+10:00,general,0.0000,0.3563
2025-01-20T08:30+10:00,general,0.0000,0.5440
2025-01-20T09:00+10:00,general,0.0000,0.7322
2025-01-20T09:30+10:00,general,0.0000,0.8815
2025-01-20T10:00+10:00,general,0.0000,1.0704
2025-01-20T10:30+10:00,general,0.0000,1.1932
2025-01-20T11:00+10:00,general,0.0000,1.3050
2025-01-20T11:30+10:00,general,0.0000,1.3508
2025-01-20T12:00+10:00,general,0.0000,1.4084
2025-01-20T12:30+10:00,general,0.0000,1.4248
2025-01-20T13:00+10:00,general,0.0000,1.3761
2025-01-20T13:30+10:00,general,0.0000,1.3282
2025-01-20T14:00+10:00,general,0.0000,1.2548
2025-01-20T14:30+10:00,general,0.0000,1.1893
2025-01-20T15:00+10:00,general,0.0000,1.0507
2025-01-20T15:30+10:00,general,0.0000,0.8283
2025-01-20T16:00+10:00,general,0.0000,0.6427
2025-01-20T16:30+10:00,general,0.0000,0.3999
2025-01-20T17:00+10:00,general,0.0000,0.1233
2025-01-20T17:30+10:00,general,0.1232,0.0000
2025-01-20T18:00+10:00,general,0.4132,0.0000
2025-01-20T18:30+10:00,general,0.6538,0.0000
2025-01-20T19:00+10:00,general,0.6748,0.0000
2025-01-20T19:30+10:00,general,0.6318,0.0000
2025-01-20T20:00+10:00,general,0.7421,0.0000
2025-01-20T20:30+10:00,general,0.6046,0.0000
2025-01-20T21:00+10:00,general,0.6214,0.0000
2025-01-20T21:30+10:00,general,0.5168,0.0000
2025-01-20T22:00+10:00,general,0.4000,0.0000
2025-01-20T22:30+10:00,general,0.3044,0.0000
2025-01-20T23:00+10:00,general,0.2985,0.0000
2025-01-20T23:30+10:00,general,0.2552,0.0000
2025-01-21T00:00+10:00,general,0.2149,0.0000
2025-01-21T00:30+10:00,general,0.1313,0.0000
2025-01-21T01:00+10:00,general,0.1443,0.0000
2025-01-21T01:30+10:00,general,0.1426,0.0000
2025-01-21T02:00+10:00,general,0.1356,0.0000
2025-01-21T02:30+10:00,general,0.1538,0.0000
2025-01-21T03:00+10:00,general,0.1527,0.0000
2025-01-21T03:30+10:00,general,0.1337,0.0000
2025-01-21T04:00+10:00,general,0.1681,0.0000
2025-01-21T04:30+10:00,general,0.1692,0.0000
2025-01-21T05:00+10:00,general,0.1883,0.0000
2025-01-21T05:30+10:00,general,0.2114,0.0000
2025-01-21T06:00+10:00,general,0.2310,0.0000
2025-01-21T06:30+10:00,general,0.2463,0.0000
2025-01-21T07:00+10:00,general,0.0727,0.0000
2025-01-21T07:30+10:00,general,0.0000,0.1655
2025-01-21T08:00+10:00,general,0.0000,0.3013
2025-01-21T08:30+10:00,general,0.0000,0.5576
2025-01-21T09:00+10:00,general,0.0000,0.7526
2025-01-21T09:30+10:00,general,0.0000,0.8982
2025-01-21T10:00+10:00,general,0.0000,1.0728
2025-01-21T10:30+10:00,general,0.0000,1.2095
2025-01-21T11:00+10:00,general,0.0000,1.2860
2025-01-21T11:30+10:00,general,0.0000,1.3292
2025-01-21T12:00+10:00,general,0.0000,1.4095
2025-01-21T12:30+10:00,general,0.0000,1.4191
2025-01-21T13:00+10:00,general,0.0000,1.3818
2025-01-21T13:30+10:00,general,0.0000,1.3301
2025-01-21T14:00+10:00,general,0.0000,1.2906
2025-01-21T14:30+10:00,general,0.0000,1.1491
2025-01-21T15:00+10:00,general,0.0000,1.0081
2025-01-21T15:30+10:00,general,0.0000,0.8593
2025-01-21T16:00+10:00,general,0.0000,0.6737
2025-01-21T16:30+10:00,general,0.0000,0.4285
2025-01-21T17:00+10:00,general,0.0000,0.1821
2025-01-21T17:30+10:00,general,0.0260,0.0000
2025-01-21T18:00+10:00,general,0.4188,0.0000
2025-01-21T18:30+10:00,general,0.6438,0.0000
2025-01-21T19:00+10:00,general,0.7032,0.0000
2025-01-21T19:30+10:00,general,0.6919,0.0000
2025-01-21T20:00+10:00,general,0.7175,0.0000
2025-01-21T20:30+10:00,general,0.6274,0.0000
2025-01-21T21:00+10:00,general,0.4966,0.0000
2025-01-21T21:30+10:00,general,0.5572,0.0000
2025-01-21T22:00+10:00,general,0.4157,0.0000
2025-01-21T22:30+10:00,general,0.3160,0.0000
2025-01-21T23:00+10:00,general,0.2681,0.0000
2025-01-21T23:30+10:00,general,0.2204,0.0000
2025-01-22T00:00+10:00,general,0.2040,0.0000
2025-01-22T00:30+10:00,general,0.1528,0.0000
2025-01-22T01:00+10:00,general,0.1275,0.0000
2025-01-22T01:30+10:00,general,0.1572,0.0000
2025-01-22T02:00+10:00,general,0.1645,0.0000
2025-01-22T02:30+10:00,general,0.1504,0.0000
2025-01-22T03:00+10:00,general,0.1702,0.0000
2025-01-22T03:30+10:00,general,0.1596,0.0000
2025-01-22T04:00+10:00,general,0.1609,0.0000
2025-01-22T04:30+10:00,general,0.1748,0.0000
2025-01-22T05:00+10:00,general,0.1696,0.0000
2025-01-22T05:30+10:00,general,0.1635,0.0000
2025-01-22T06:00+10:00,general,0.2120,0.0000
2025-01-22T06:30+10:00,general,0.2571,0.0000
2025-01-22T07:00+10:00,general,0.0462,0.0000
2025-01-22T07:30+10:00,general,0.0000,0.1188
2025-01-22T08:00+10:00,general,0.0000,0.3288
2025-01-22T08:30+10:00,general,0.0000,0.5261
2025-01-22T09:00+10:00,general,0.0000,0.7349
2025-01-22T09:30+10:00,general,0.0000,0.9203
2025-01-22T10:00+10:00,general,0.0000,1.0564
2025-01-22T10:30+10:00,general,0.0000,1.2044
2025-01-22T11:00+10:00,general,0.0000,1.2813
2025-01-22T11:30+10:00,general,0.0000,1.3611
2025-01-22T12:00+10:00,general,0.0000,1.4033
2025-01-22T12:30+10:00,general,0.0000,1.3809
2025-01-22T13:00+10:00,general,0.0000,1.3839
2025-01-22T13:30+10:00,general,0.0000,1.3373
2025-01-22T14:00+10:00,general,0.0000,1.2831
2025-01-22T14:30+10:00,general,0.0000,1.1374
2025-01-22T15:00+10:00,general,0.0000,1.0184
2025-01-22T15:30+10:00,general,0.0000,0.8498
2025-01-22T16:00+10:00,general,0.0000,0.6889
2025-01-22T16:30+10:00,general,0.0000,0.3809
2025-01-22T17:00+10:00,general,0.0000,0.1385
2025-01-22T17:30+10:00,general,0.1353,0.0000
2025-01-22T18:00+10:00,general,0.3795,0.0000
2025-01-22T18:30+10:00,general,0.7198,0.0000
2025-01-22T19:00+10:00,general,0.7078,0.0000
2025-01-22T19:30+10:00,general,0.7884,0.0000
2025-01-22T20:00+10:00,general,0.6836,0.0000
2025-01-22T20:30+10:00,general,0.6400,0.0000
2025-01-22T21:00+10:00,general,0.5537,0.0000
2025-01-22T21:30+10:00,general,0.4755,0.0000
2025-01-22T22:00+10:00,general,0.3887,0.0000
2025-01-22T22:30+10:00,general,0.3314,0.0000
2025-01-22T23:00+10:00,general,0.2484,0.0000
2025-01-22T23:30+10:00,general,0.2185,0.0000
2025-01-23T00:00+10:00,general,0.2053,0.0000
2025-01-23T00:30+10:00,general,0.1658,0.0000
2025-01-23T01:00+10:00,general,0.1295,0.0000
2025-01-23T01:30+10:00,general,0.1692,0.0000
2025-01-23T02:00+10:00,general,0.1271,0.0000
2025-01-23T02:30+10:00,general,0.1426,0.0000
2025-01-23T03:00+10:00,general,0.1464,0.0000
2025-01-23T03:30+10:00,general,0.1481,0.0000
2025-01-23T04:00+10:00,general,0.1419,0.0000
2025-01-23T04:30+10:00,general,0.1679,0.0000
2025-01-23T05:00+10:00,general,0.1636,0.0000
2025-01-23T05:30+10:00,general,0.1954,0.0000
2025-01-23T06:00+10:00,general,0.2041,0.0000
2025-01-23T06:30+10:00,general,0.2563,0.0000
2025-01-23T07:00+10:00,general,0.0696,0.0000
2025-01-23T07:30+10:00,general,0.0000,0.1188
2025-01-23T08:00+10:00,general,0.0000,0.3179
2025-01-23T08:30+10:00,general,0.0000,0.5257
2025-01-23T09:00+10:00,general,0.0000,0.7487
2025-01-23T09:30+10:00,general,0.0000,0.9337
2025-01-23T10:00+10:00,general,0.0000,1.0334
2025-01-23T10:30+10:00,general,0.0000,1.1616
2025-01-23T11:00+10:00,general,0.0000,1.2629
2025-01-23T11:30+10:00,general,0.0000,1.3326
2025-01-23T12:00+10:00,general,0.0000,1.3751
2025-01-23T12:30+10:00,general,0.0000,1.3992
2025-01-23T13:00+10:00,general,0.0000,1.3779
2025-01-23T13:30+10:00,general,0.0000,1.3636
2025-01-23T14:00+10:00,general,0.0000,1.2823
2025-01-23T14:30+10:00,general,0.0000,1.1694
2025-01-23T15:00+10:00,general,0.0000,0.9972
2025-01-23T15:30+10:00,general,0.0000,0.8709
2025-01-23T16:00+10:00,general,0.0000,0.6945
2025-01-23T16:30+10:00,general,0.0000,0.4100
2025-01-23T17:00+10:00,general,0.0000,0.1884
2025-01-23T17:30+10:00,general,0.1600,0.0000
2025-01-23T18:00+10:00,general,0.3822,0.0000
2025-01-23T18:30+10:00,general,0.6630,0.0000
2025-01-23T19:00+10:00,general,0.7416,0.0000
2025-01-23T19:30+10:00,general,0.7267,0.0000
2025-01-23T20:00+10:00,general,0.7628,0.0000
2025-01-23T20:30+10:00,general,0.7049,0.0000
2025-01-23T21:00+10:00,general,0.5222,0.0000
2025-01-23T21:30+10:00,general,0.5413,0.0000
2025-01-23T22:00+10:00,general,0.3983,0.0000
2025-01-23T22:30+10:00,general,0.3966,0.0000
2025-01-23T23:00+10:00,general,0.3155,0.0000
2025-01-23T23:30+10:00,general,0.2673,0.0000
2025-01-24T00:00+10:00,general,0.1768,0.0000
2025-01-24T00:30+10:00,general,0.1461,0.0000
2025-01-24T01:00+10:00,general,0.1576,0.0000
2025-01-24T01:30+10:00,general,0.1315,0.0000
2025-01-24T02:00+10:00,general,0.1282,0.0000
2025-01-24T02:30+10:00,general,0.1515,0.0000
2025-01-24T03:00+10:00,general,0.1283,0.0000
2025-01-24T03:30+10:00,general,0.1564,0.0000
2025-01-24T04:00+10:00,general,0.1583,0.0000
2025-01-24T04:30+10:00,general,0.1661,0.0000
2025-01-24T05:00+10:00,general,0.1789,0.0000
2025-01-24T05:30+10:00,general,0.2060,0.0000
2025-01-24T06:00+10:00,general,0.2286,0.0000
2025-01-24T06:30+10:00,general,0.2510,0.0000
2025-01-24T07:00+10:00,general,0.0924,0.0000
2025-01-24T07:30+10:00,general,0.0000,0.1268
2025-01-24T08:00+10:00,general,0.0000,0.3566
2025-01-24T08:30+10:00,general,0.0000,0.5236
2025-01-24T09:00+10:00,general,0.0000,0.7438
2025-01-24T09:30+10:00,general,0.0000,0.9130
2025-01-24T10:00+10:00,general,0.0000,1.0752
2025-01-24T10:30+10:00,general,0.0000,1.1812
2025-01-24T11:00+10:00,general,0.0000,1.2663
2025-01-24T11:30+10:00,general,0.0000,1.3420
2025-01-24T12:00+10:00,general,0.0000,1.4049
2025-01-24T12:30+10:00,general,0.0000,1.3935
2025-01-24T13:00+10:00,general,0.0000,1.3654
2025-01-24T13:30+10:00,general,0.0000,1.3582
2025-01-24T14:00+10:00,general,0.0000,1.2554
2025-01-24T14:30+10:00,general,0.0000,1.1728
2025-01-24T15:00+10:00,general,0.0000,1.0313
2025-01-24T15:30+10:00,general,0.0000,0.8560
2025-01-24T16:00+10:00,general,0.0000,0.6271
2025-01-24T16:30+10:00,general,0.0000,0.4611
2025-01-24T17:00+10:00,general,0.0000,0.2162
2025-01-24T17:30+10:00,general,0.1323,0.0000
2025-01-24T18:00+10:00,general,0.2979,0.0000
2025-01-24T18:30+10:00,general,0.7176,0.0000
2025-01-24T19:00+10:00,general,0.5925,0.0000
2025-01-24T19:30+10:00,general,0.6590,0.0000
2025-01-24T20:00+10:00,general,0.6339,0.0000
2025-01-24T20:30+10:00,general,0.6133,0.0000
2025-01-24T21:00+10:00,general,0.5985,0.0000
2025-01-24T21:30+10:00,general,0.4758,0.0000
2025-01-24T22:00+10:00,general,0.4832,0.0000
2025-01-24T22:30+10:00,general,0.4010,0.0000
2025-01-24T23:00+10:00,general,0.3140,0.0000
2025-01-24T23:30+10:00,general,0.2341,0.0000
2025-01-25T00:00+10:00,general,0.2126,0.0000
2025-01-25T00:30+10:00,general,0.1435,0.0000
2025-01-25T01:00+10:00,general,0.1560,0.0000
2025-01-25T01:30+10:00,general,0.1624,0.0000
2025-01-25T02:00+10:00,general,0.1535,0.0000
2025-01-25T02:30+10:00,general,0.1257,0.0000
2025-01-25T03:00+10:00,general,0.1540,0.0000
2025-01-25T03:30+10:00,general,0.1273,0.0000
2025-01-25T04:00+10:00,general,0.1305,0.0000
2025-01-25T04:30+10:00,general,0.1611,0.0000
2025-01-25T05:00+10:00,general,0.1572,0.0000
2025-01-25T05:30+10:00,general,0.1989,0.0000
2025-01-25T06:00+10:00,general,0.2465,0.0000
2025-01-25T06:30+10:00,general,0.2641,0.0000
2025-01-25T07:00+10:00,general,0.0263,0.0000
2025-01-25T07:30+10:00,general,0.0000,0.1657
2025-01-25T08:00+10:00,general,0.0000,0.3407
2025-01-25T08:30+10:00,general,0.0000,0.5679
2025-01-25T09:00+10:00,general,0.0000,0.7289
2025-01-25T09:30+10:00,general,0.0000,0.8855
2025-01-25T10:00+10:00,general,0.0000,1.0575
2025-01-25T10:30+10:00,general,0.0000,1.1908
2025-01-25T11:00+10:00,general,0.0000,1.2760
2025-01-25T11:30+10:00,general,0.0000,1.3411
2025-01-25T12:00+10:00,general,0.0000,1.3761
2025-01-25T12:30+10:00,general,0.0000,1.3813
2025-01-25T13:00+10:00,general,0.0000,1.4050
2025-01-25T13:30+10:00,general,0.0000,1.3280
2025-01-25T14:00+10:00,general,0.0000,1.2851
2025-01-25T14:30+10:00,general,0.0000,1.1625
2025-01-25T15:00+10:00,general,0.0000,0.9954
2025-01-25T15:30+10:00,general,0.0000,0.8814
2025-01-25T16:00+10:00,general,0.0000,0.6310
2025-01-25T16:30+10:00,general,0.0000,0.4515
2025-01-25T17:00+10:00,general,0.0000,0.1654
2025-01-25T17:30+10:00,general,0.0865,0.0000
2025-01-25T18:00+10:00,general,0.4511,0.0000
2025-01-25T18:30+10:00,general,0.5712,0.0000
2025-01-25T19:00+10:00,general,0.5999,0.0000
2025-01-25T19:30+10:00,general,0.7978,0.0000
2025-01-25T20:00+10:00,general,0.7635,0.0000
2025-01-25T20:30+10:00,general,0.5948,0.0000
2025-01-25T21:00+10:00,general,0.6326,0.0000
2025-01-25T21:30+10:00,general,0.5536,0.0000
2025-01-25T22:00+10:00,general,0.4398,0.0000
2025-01-25T22:30+10:00,general,0.3983,0.0000
2025-01-25T23:00+10:00,general,0.2506,0.0000
2025-01-25T23:30+10:00,general,0.2094,0.0000
2025-01-26T00:00+10:00,general,0.1913,0.0000
2025-01-26T00:30+10:00,general,0.1651,0.0000
2025-01-26T01:00+10:00,general,0.1602,0.0000
2025-01-26T01:30+10:00,general,0.1385,0.0000
2025-01-26T02:00+10:00,general,0.1602,0.0000
2025-01-26T02:30+10:00,general,0.1545,0.0000
2025-01-26T03:00+10:00,general,0.1402,0.0000
2025-01-26T03:30+10:00,general,0.1453,0.0000
2025-01-26T04:00+10:00,general,0.1467,0.0000
2025-01-26T04:30+10:00,general,0.1532,0.0000
2025-01-26T05:00+10:00,general,0.1768,0.0000
2025-01-26T05:30+10:00,general,0.2161,0.0000
2025-01-26T06:00+10:00,general,0.2157,0.0000
2025-01-26T06:30+10:00,general,0.2762,0.0000
2025-01-26T07:00+10:00,general,0.0722,0.0000
2025-01-26T07:30+10:00,general,0.0000,0.1160
2025-01-26T08:00+10:00,general,0.0000,0.3313
2025-01-26T08:30+10:00,general,0.0000,0.5455
2025-01-26T09:00+10:00,general,0.0000,0.7354
2025-01-26T09:30+10:00,general,0.0000,0.8822
2025-01-26T10:00+10:00,general,0.0000,1.0683
2025-01-26T10:30+10:00,general,0.0000,1.1949
2025-01-26T11:00+10:00,general,0.0000,1.2776
2025-01-26T11:30+10:00,general,0.0000,1.3355
2025-01-26T12:00+10:00,general,0.0000,1.3747
2025-01-26T12:30+10:00,general,0.0000,1.3990
2025-01-26T13:00+10:00,general,0.0000,1.3857
2025-01-26T13:30+10:00,general,0.0000,1.3172
2025-01-26T14:00+10:00,general,0.0000,1.2595
2025-01-26T14:30+10:00,general,0.0000,1.1420
2025-01-26T15:00+10:00,general,0.0000,1.0304
2025-01-26T15:30+10:00,general,0.0000,0.8677
2025-01-26T16:00+10:00,general,0.0000,0.6756
2025-01-26T16:30+10:00,general,0.0000,0.4318
2025-01-26T17:00+10:00,general,0.0000,0.2033
2025-01-26T17:30+10:00,general,0.0575,0.0000
2025-01-26T18:00+10:00,general,0.2860,0.0000
2025-01-26T18:30+10:00,general,0.7279,0.0000
2025-01-26T19:00+10:00,general,0.7112,0.0000
2025-01-26T19:30+10:00,general,0.6123,0.0000
2025-01-26T20:00+10:00,general,0.6137,0.0000
2025-01-26T20:30+10:00,general,0.6857,0.0000
2025-01-26T21:00+10:00,general,0.5858,0.0000
2025-01-26T21:30+10:00,general,0.4299,0.0000
2025-01-26T22:00+10:00,general,0.4789,0.0000
2025-01-26T22:30+10:00,general,0.3655,0.0000
2025-01-26T23:00+10:00,general,0.2531,0.0000
2025-01-26T23:30+10:00,general,0.2151,0.0000
2025-01-27T00:00+10:00,general,0.2157,0.0000
2025-01-27T00:30+10:00,general,0.1403,0.0000
2025-01-27T01:00+10:00,general,0.1527,0.0000
2025-01-27T01:30+10:00,general,0.1597,0.0000
2025-01-27T02:00+10:00,general,0.1479,0.0000
2025-01-27T02:30+10:00,general,0.1293,0.0000
2025-01-27T03:00+10:00,general,0.1293,0.0000
2025-01-27T03:30+10:00,general,0.1421,0.0000
2025-01-27T04:00+10:00,general,0.1489,0.0000
2025-01-27T04:30+10:00,general,0.1668,0.0000
2025-01-27T05:00+10:00,general,0.1596,0.0000
2025-01-27T05:30+10:00,general,0.1826,0.0000
2025-01-27T06:00+10:00,general,0.2138,0.0000
2025-01-27T06:30+10:00,general,0.2297,0.0000
2025-01-27T07:00+10:00,general,0.0478,0.0000
2025-01-27T07:30+10:00,general,0.0000,0.1424
2025-01-27T08:00+10:00,general,0.0000,0.3337
2025-01-27T08:30+10:00,general,0.0000,0.5112
2025-01-27T09:00+10:00,general,0.0000,0.7002
2025-01-27T09:30+10:00,general,0.0000,0.8959
2025-01-27T10:00+10:00,general,0.0000,1.0661
2025-01-27T10:30+10:00,general,0.0000,1.1912
2025-01-27T11:00+10:00,general,0.0000,1.2764
2025-01-27T11:30+10:00,general,0.0000,1.3297
2025-01-27T12:00+10:00,general,0.0000,1.3826
2025-01-27T12:30+10:00,general,0.0000,1.3980
2025-01-27T13:00+10:00,general,0.0000,1.3755
2025-01-27T13:30+10:00,general,0.0000,1.3570
2025-01-27T14:00+10:00,general,0.0000,1.2554
2025-01-27T14:30+10:00,general,0.0000,1.1410
2025-01-27T15:00+10:00,general,0.0000,1.0246
2025-01-27T15:30+10:00,general,0.0000,0.8353
2025-01-27T16:00+10:00,general,0.0000,0.6345
2025-01-27T16:30+10:00,general,0.0000,0.4440
2025-01-27T17:00+10:00,general,0.0000,0.2262
2025-01-27T17:30+10:00,general,0.1241,0.0000
2025-01-27T18:00+10:00,general,0.3317,0.0000
2025-01-27T18:30+10:00,general,0.6841,0.0000
2025-01-27T19:00+10:00,general,0.5827,0.0000
2025-01-27T19:30+10:00,general,0.7683,0.0000
2025-01-27T20:00+10:00,general,0.7809,0.0000
2025-01-27T20:30+10:00,general,0.5704,0.0000
2025-01-27T21:00+10:00,general,0.5835,0.0000
2025-01-27T21:30+10:00,general,0.4769,0.0000
2025-01-27T22:00+10:00,general,0.4492,0.0000
2025-01-27T22:30+10:00,general,0.3893,0.0000
2025-01-27T23:00+10:00,general,0.2650,0.0000
2025-01-27T23:30+10:00,general,0.2568,0.0000
2025-01-28T00:00+10:00,general,0.1920,0.0000
2025-01-28T00:30+10:00,general,0.1448,0.0000
2025-01-28T01:00+10:00,general,0.1340,0.0000
2025-01-28T01:30+10:00,general,0.1416,0.0000
2025-01-28T02:00+10:00,general,0.1677,0.0000
2025-01-28T02:30+10:00,general,0.1595,0.0000
2025-01-28T03:00+10:00,general,0.1540,0.0000
2025-01-28T03:30+10:00,general,0.1528,0.0000
2025-01-28T04:00+10:00,general,0.1602,0.0000
2025-01-28T04:30+10:00,general,0.1690,0.0000
2025-01-28T05:00+10:00,general,0.1791,0.0000
2025-01-28T05:30+10:00,general,0.2202,0.0000
2025-01-28T06:00+10:00,general,0.2477,0.0000
2025-01-28T06:30+10:00,general,0.2119,0.0000
2025-01-28T07:00+10:00,general,0.0377,0.0000
2025-01-28T07:30+10:00,general,0.0000,0.1186
2025-01-28T08:00+10:00,general,0.0000,0.3151
2025-01-28T08:30+10:00,general,0.0000,0.5142
2025-01-28T09:00+10:00,general,0.0000,0.7096
2025-01-28T09:30+10:00,general,0.0000,0.8757
2025-01-28T10:00+10:00,general,0.0000,1.0783
2025-01-28T10:30+10:00,general,0.0000,1.1965
2025-01-28T11:00+10:00,general,0.0000,1.2535
2025-01-28T11:30+10:00,general,0.0000,1.3661
2025-01-28T12:00+10:00,general,0.0000,1.3898
2025-01-28T12:30+10:00,general,0.0000,1.3940
2025-01-28T13:00+10:00,general,0.0000,1.3946
2025-01-28T13:30+10:00,general,0.0000,1.3467
2025-01-28T14:00+10:00,general,0.0000,1.2414
2025-01-28T14:30+10:00,general,0.0000,1.1808
2025-01-28T15:00+10:00,general,0.0000,1.0038
2025-01-28T15:30+10:00,general,0.0000,0.8739
2025-01-28T16:00+10:00,general,0.0000,0.6821
2025-01-28T16:30+10:00,general,0.0000,0.4499
2025-01-28T17:00+10:00,general,0.0000,0.1641
2025-01-28T17:30+10:00,general,0.1695,0.0000
2025-01-28T18:00+10:00,general,0.3873,0.0000
2025-01-28T18:30+10:00,general,0.6006,0.0000
2025-01-28T19:00+10:00,general,0.5960,0.0000
2025-01-28T19:30+10:00,general,0.7804,0.0000
2025-01-28T20:00+10:00,general,0.7298,0.0000
2025-01-28T20:30+10:00,general,0.7290,0.0000
2025-01-28T21:00+10:00,general,0.5428,0.0000
2025-01-28T21:30+10:00,general,0.5152,0.0000
2025-01-28T22:00+10:00,general,0.4126,0.0000
2025-01-28T22:30+10:00,general,0.3056,0.0000
2025-01-28T23:00+10:00,general,0.2468,0.0000
2025-01-28T23:30+10:00,general,0.2368,0.0000
2025-01-29T00:00+10:00,general,0.1849,0.0000
2025-01-29T00:30+10:00,general,0.1321,0.0000
2025-01-29T01:00+10:00,general,0.1553,0.0000
2025-01-29T01:30+10:00,general,0.1314,0.0000
2025-01-29T02:00+10:00,general,0.1458,0.0000
2025-01-29T02:30+10:00,general,0.1561,0.0000
2025-01-29T03:00+10:00,general,0.1571,0.0000
2025-01-29T03:30+10:00,general,0.1314,0.0000
2025-01-29T04:00+10:00,general,0.1717,0.0000
2025-01-29T04:30+10:00,general,0.1411,0.0000
2025-01-29T05:00+10:00,general,0.1952,0.0000
2025-01-29T05:30+10:00,general,0.1677,0.0000
2025-01-29T06:00+10:00,general,0.1925,0.0000
2025-01-29T06:30+10:00,general,0.2151,0.0000
2025-01-29T07:00+10:00,general,0.0794,0.0000
2025-01-29T07:30+10:00,general,0.0000,0.1006
2025-01-29T08:00+10:00,general,0.0000,0.3526
2025-01-29T08:30+10:00,general,0.0000,0.5309
2025-01-29T09:00+10:00,general,0.0000,0.7416
2025-01-29T09:30+10:00,general,0.0000,0.9058
2025-01-29T10:00+10:00,general,0.0000,1.0317
2025-01-29T10:30+10:00,general,0.0000,1.1662
2025-01-29T11:00+10:00,general,0.0000,1.2701
2025-01-29T11:30+10:00,general,0.0000,1.3591
2025-01-29T12:00+10:00,general,0.0000,1.3660
2025-01-29T12:30+10:00,general,0.0000,1.3924
2025-01-29T13:00+10:00,general,0.0000,1.3605
2025-01-29T13:30+10:00,general,0.0000,1.3244
2025-01-29T14:00+10:00,general,0.0000,1.2699
2025-01-29T14:30+10:00,general,0.0000,1.1484
2025-01-29T15:00+10:00,general,0.0000,1.0078
2025-01-29T15:30+10:00,general,0.0000,0.8625
2025-01-29T16:00+10:00,general,0.0000,0.6533
2025-01-29T16:30+10:00,general,0.0000,0.3882
2025-01-29T17:00+10:00,general,0.0000,0.1411
2025-01-29T17:30+10:00,general,0.1500,0.0000
2025-01-29T18:00+10:00,general,0.3678,0.0000
2025-01-29T18:30+10:00,general,0.7277,0.0000
2025-01-29T19:00+10:00,general,0.7473,0.0000
2025-01-29T19:30+10:00,general,0.6766,0.0000
2025-01-29T20:00+10:00,general,0.7600,0.0000
2025-01-29T20:30+10:00,general,0.6231,0.0000
2025-01-29T21:00+10:00,general,0.5714,0.0000
2025-01-29T21:30+10:00,general,0.4794,0.0000
2025-01-29T22:00+10:00,general,0.4146,0.0000
2025-01-29T22:30+10:00,general,0.3612,0.0000
2025-01-29T23:00+10:00,general,0.3296,0.0000
2025-01-29T23:30+10:00,general,0.2582,0.0000
2025-01-30T00:00+10:00,general,0.1825,0.0000
2025-01-30T00:30+10:00,general,0.1475,0.0000
2025-01-30T01:00+10:00,general,0.1293,0.0000
2025-01-30T01:30+10:00,general,0.1320,0.0000
2025-01-30T02:00+10:00,general,0.1584,0.0000
2025-01-30T02:30+10:00,general,0.1305,0.0000
2025-01-30T03:00+10:00,general,0.1525,0.0000
2025-01-30T03:30+10:00,general,0.1367,0.0000
2025-01-30T04:00+10:00,general,0.1614,0.0000
2025-01-30T04:30+10:00,general,0.1558,0.0000
2025-01-30T05:00+10:00,general,0.1704,0.0000
2025-01-30T05:30+10:00,general,0.1977,0.0000
2025-01-30T06:00+10:00,general,0.2140,0.0000
2025-01-30T06:30+10:00,general,0.2361,0.0000
2025-01-30T07:00+10:00,general,0.0809,0.0000
2025-01-30T07:30+10:00,general,0.0000,0.1398
2025-01-30T08:00+10:00,general,0.0000,0.3601
2025-01-30T08:30+10:00,general,0.0000,0.5122
2025-01-30T09:00+10:00,general,0.0000,0.7336
2025-01-30T09:30+10:00,general,0.0000,0.8974
2025-01-30T10:00+10:00,general,0.0000,1.0620
2025-01-30T10:30+10:00,general,0.0000,1.1696
2025-01-30T11:00+10:00,general,0.0000,1.2681
2025-01-30T11:30+10:00,general,0.0000,1.3450
2025-01-30T12:00+10:00,general,0.0000,1.3970
2025-01-30T12:30+10:00,general,0.0000,1.4128
2025-01-30T13:00+10:00,general,0.0000,1.3776
2025-01-30T13:30+10:00,general,0.0000,1.3215
2025-01-30T14:00+10:00,general,0.0000,1.2789
2025-01-30T14:30+10:00,general,0.0000,1.1640
2025-01-30T15:00+10:00,general,0.0000,1.0458
2025-01-30T15:30+10:00,general,0.0000,0.8435
2025-01-30T16:00+10:00,general,0.0000,0.6356
2025-01-30T16:30+10:00,general,0.0000,0.3850
2025-01-30T17:00+10:00,general,0.0000,0.2116
2025-01-30T17:30+10:00,general,0.0851,0.0000
2025-01-30T18:00+10:00,general,0.3513,0.0000
2025-01-30T18:30+10:00,general,0.6990,0.0000
2025-01-30T19:00+10:00,general,0.7336,0.0000
2025-01-30T19:30+10:00,general,0.7617,0.0000
2025-01-30T20:00+10:00,general,0.7355,0.0000
2025-01-30T20:30+10:00,general,0.5443,0.0000
2025-01-30T21:00+10:00,general,0.5341,0.0000
2025-01-30T21:30+10:00,general,0.4530,0.0000
2025-01-30T22:00+10:00,general,0.4791,0.0000
2025-01-30T22:30+10:00,general,0.3327,0.0000
2025-01-30T23:00+10:00,general,0.2972,0.0000
2025-01-30T23:30+10:00,general,0.2631,0.0000
2025-01-31T00:00+10:00,general,0.1913,0.0000
2025-01-31T00:30+10:00,general,0.1377,0.0000
2025-01-31T01:00+10:00,general,0.1310,0.0000
2025-01-31T01:30+10:00,general,0.1584,0.0000
2025-01-31T02:00+10:00,general,0.1303,0.0000
2025-01-31T02:30+10:00,general,0.1543,0.0000
2025-01-31T03:00+10:00,general,0.1599,0.0000
2025-01-31T03:30+10:00,general,0.1387,0.0000
2025-01-31T04:00+10:00,general,0.1727,0.0000
2025-01-31T04:30+10:00,general,0.1643,0.0000
2025-01-31T05:00+10:00,general,0.1945,0.0000
2025-01-31T05:30+10:00,general,0.1929,0.0000
2025-01-31T06:00+10:00,general,0.2134,0.0000
2025-01-31T06:30+10:00,general,0.2516,0.0000
2025-01-31T07:00+10:00,general,0.0322,0.0000
2025-01-31T07:30+10:00,general,0.0000,0.1277
2025-01-31T08:00+10:00,general,0.0000,0.3612
2025-01-31T08:30+10:00,general,0.0000,0.5037
2025-01-31T09:00+10:00,general,0.0000,0.7030
2025-01-31T09:30+10:00,general,0.0000,0.8746
2025-01-31T10:00+10:00,general,0.0000,1.0397
2025-01-31T10:30+10:00,general,0.0000,1.1652
2025-01-31T11:00+10:00,general,0.0000,1.2771
2025-01-31T11:30+10:00,general,0.0000,1.3272
2025-01-31T12:00+10:00,general,0.0000,1.3798
2025-01-31T12:30+10:00,general,0.0000,1.3826
2025-01-31T13:00+10:00,general,0.0000,1.3982
2025-01-31T13:30+10:00,general,0.0000,1.3281
2025-01-31T14:00+10:00,general,0.0000,1.2529
2025-01-31T14:30+10:00,general,0.0000,1.1542
2025-01-31T15:00+10:00,general,0.0000,1.0279
2025-01-31T15:30+10:00,general,0.0000,0.8207
2025-01-31T16:00+10:00,general,0.0000,0.6451
2025-01-31T16:30+10:00,general,0.0000,0.4411
2025-01-31T17:00+10:00,general,0.0000,0.1381
2025-01-31T17:30+10:00,general,0.0470,0.0000
2025-01-31T18:00+10:00,general,0.4084,0.0000
2025-01-31T18:30+10:00,general,0.5640,0.0000
2025-01-31T19:00+10:00,general,0.7142,0.0000
2025-01-31T19:30+10:00,general,0.7054,0.0000
2025-01-31T20:00+10:00,general,0.7391,0.0000
2025-01-31T20:30+10:00,general,0.6001,0.0000
2025-01-31T21:00+10:00,general,0.6027,0.0000
2025-01-31T21:30+10:00,general,0.4905,0.0000
2025-01-31T22:00+10:00,general,0.4695,0.0000
2025-01-31T22:30+10:00,general,0.3155,0.0000
2025-01-31T23:00+10:00,general,0.2464,0.0000
2025-01-31T23:30+10:00,general,0.2262,0.0000
2025-02-01T00:00+10:00,general,0.1897,0.0000
2025-02-01T00:30+10:00,general,0.1339,0.0000
2025-02-01T01:00+10:00,general,0.1678,0.0000
2025-02-01T01:30+10:00,general,0.1339,0.0000
2025-02-01T02:00+10:00,general,0.1544,0.0000
2025-02-01T02:30+10:00,general,0.1392,0.0000
2025-02-01T03:00+10:00,general,0.1293,0.0000
2025-02-01T03:30+10:00,general,0.1347,0.0000
2025-02-01T04:00+10:00,general,0.1552,0.0000
2025-02-01T04:30+10:00,general,0.1774,0.0000
2025-02-01T05:00+10:00,general,0.1780,0.0000
2025-02-01T05:30+10:00,general,0.1821,0.0000
2025-02-01T06:00+10:00,general,0.2362,0.0000
2025-02-01T06:30+10:00,general,0.2687,0.0000
2025-02-01T07:00+10:00,general,0.0725,0.0000
2025-02-01T07:30+10:00,general,0.0000,0.0994
2025-02-01T08:00+10:00,general,0.0000,0.2962
2025-02-01T08:30+10:00,general,0.0000,0.5175
2025-02-01T09:00+10:00,general,0.0000,0.7379
2025-02-01T09:30+10:00,general,0.0000,0.9111
2025-02-01T10:00+10:00,general,0.0000,1.0362
2025-02-01T10:30+10:00,general,0.0000,1.1922
2025-02-01T11:00+10:00,general,0.0000,1.2698
2025-02-01T11:30+10:00,general,0.0000,1.3190
2025-02-01T12:00+10:00,general,0.0000,1.3860
2025-02-01T12:30+10:00,general,0.0000,1.3775
2025-02-01T13:00+10:00,general,0.0000,1.3954
2025-02-01T13:30+10:00,general,0.0000,1.3337
2025-02-01T14:00+10:00,general,0.0000,1.2408
2025-02-01T14:30+10:00,general,0.0000,1.1515
2025-02-01T15:00+10:00,general,0.0000,1.0316
2025-02-01T15:30+10:00,general,0.0000,0.8562
2025-02-01T16:00+10:00,general,0.0000,0.6485
2025-02-01T16:30+10:00,general,0.0000,0.3688
2025-02-01T17:00+10:00,general,0.0000,0.1275
2025-02-01T17:30+10:00,general,0.0461,0.0000
2025-02-01T18:00+10:00,general,0.3011,0.0000
2025-02-01T18:30+10:00,general,0.6273,0.0000
2025-02-01T19:00+10:00,general,0.6899,0.0000
2025-02-01T19:30+10:00,general,0.7137,0.0000
2025-02-01T20:00+10:00,general,0.6263,0.0000
2025-02-01T20:30+10:00,general,0.7156,0.0000
2025-02-01T21:00+10:00,general,0.6130,0.0000
2025-02-01T21:30+10:00,general,0.5103,0.0000
2025-02-01T22:00+10:00,general,0.4676,0.0000
2025-02-01T22:30+10:00,general,0.3033,0.0000
2025-02-01T23:00+10:00,general,0.2642,0.0000
2025-02-01T23:30+10:00,general,0.2546,0.0000
2025-02-02T00:00+10:00,general,0.1971,0.0000
2025-02-02T00:30+10:00,general,0.1648,0.0000
2025-02-02T01:00+10:00,general,0.1308,0.0000
2025-02-02T01:30+10:00,general,0.1551,0.0000
2025-02-02T02:00+10:00,general,0.1417,0.0000
2025-02-02T02:30+10:00,general,0.1592,0.0000
2025-02-02T03:00+10:00,general,0.1587,0.0000
2025-02-02T03:30+10:00,general,0.1367,0.0000
2025-02-02T04:00+10:00,general,0.1462,0.0000
2025-02-02T04:30+10:00,general,0.1642,0.0000
2025-02-02T05:00+10:00,general,0.1643,0.0000
2025-02-02T05:30+10:00,general,0.2051,0.0000
2025-02-02T06:00+10:00,general,0.1988,0.0000
2025-02-02T06:30+10:00,general,0.2719,0.0000
2025-02-02T07:00+10:00,general,0.0591,0.0000
2025-02-02T07:30+10:00,general,0.0000,0.1288
2025-02-02T08:00+10:00,general,0.0000,0.2947
2025-02-02T08:30+10:00,general,0.0000,0.5319
2025-02-02T09:00+10:00,general,0.0000,0.6987
2025-02-02T09:30+10:00,general,0.0000,0.9152
2025-02-02T10:00+10:00,general,0.0000,1.0465
2025-02-02T10:30+10:00,general,0.0000,1.1725
2025-02-02T11:00+10:00,general,0.0000,1.2668
2025-02-02T11:30+10:00,general,0.0000,1.3297
2025-02-02T12:00+10:00,general,0.0000,1.3802
2025-02-02T12:30+10:00,general,0.0000,1.4003
2025-02-02T13:00+10:00,general,0.0000,1.3818
2025-02-02T13:30+10:00,general,0.0000,1.3428
2025-02-02T14:00+10:00,general,0.0000,1.2349
2025-02-02T14:30+10:00,general,0.0000,1.1519
2025-02-02T15:00+10:00,general,0.0000,1.0040
2025-02-02T15:30+10:00,general,0.0000,0.8776
2025-02-02T16:00+10:00,general,0.0000,0.6067
2025-02-02T16:30+10:00,general,0.0000,0.3832
2025-02-02T17:00+10:00,general,0.0000,0.1605
2025-02-02T17:30+10:00,general,0.0659,0.0000
2025-02-02T18:00+10:00,general,0.3319,0.0000
2025-02-02T18:30+10:00,general,0.6568,0.0000
2025-02-02T19:00+10:00,general,0.7122,0.0000
2025-02-02T19:30+10:00,general,0.7340,0.0000
2025-02-02T20:00+10:00,general,0.6182,0.0000
2025-02-02T20:30+10:00,general,0.6031,0.0000
2025-02-02T21:00+10:00,general,0.5653,0.0000
2025-02-02T21:30+10:00,general,0.5362,0.0000
2025-02-02T22:00+10:00,general,0.3638,0.0000
2025-02-02T22:30+10:00,general,0.3876,0.0000
2025-02-02T23:00+10:00,general,0.3063,0.0000
2025-02-02T23:30+10:00,general,0.2742,0.0000
2025-02-03T00:00+10:00,general,0.2236,0.0000
2025-02-03T00:30+10:00,general,0.1328,0.0000
2025-02-03T01:00+10:00,general,0.1311,0.0000
2025-02-03T01:30+10:00,general,0.1460,0.0000
2025-02-03T02:00+10:00,general,0.1346,0.0000
2025-02-03T02:30+10:00,general,0.1275,0.0000
2025-02-03T03:00+10:00,general,0.1544,0.0000
2025-02-03T03:30+10:00,general,0.1318,0.0000
2025-02-03T04:00+10:00,general,0.1516,0.0000
2025-02-03T04:30+10:00,general,0.1662,0.0000
2025-02-03T05:00+10:00,general,0.1624,0.0000
2025-02-03T05:30+10:00,general,0.2105,0.0000
2025-02-03T06:00+10:00,general,0.2364,0.0000
2025-02-03T06:30+10:00,general,0.2100,0.0000
2025-02-03T07:00+10:00,general,0.0292,0.0000
2025-02-03T07:30+10:00,general,0.0000,0.0917
2025-02-03T08:00+10:00,general,0.0000,0.2910
2025-02-03T08:30+10:00,general,0.0000,0.5164
2025-02-03T09:00+10:00,general,0.0000,0.7305
2025-02-03T09:30+10:00,general,0.0000,0.8762
2025-02-03T10:00+10:00,general,0.0000,1.0671
2025-02-03T10:30+10:00,general,0.0000,1.1828
2025-02-03T11:00+10:00,general,0.0000,1.2734
2025-02-03T11:30+10:00,general,0.0000,1.3134
2025-02-03T12:00+10:00,general,0.0000,1.3566
2025-02-03T12:30+10:00,general,0.0000,1.3789
2025-02-03T13:00+10:00,general,0.0000,1.3918
2025-02-03T13:30+10:00,general,0.0000,1.3227
2025-02-03T14:00+10:00,general,0.0000,1.2384
2025-02-03T14:30+10:00,general,0.0000,1.1335
2025-02-03T15:00+10:00,general,0.0000,1.0390
2025-02-03T15:30+10:00,general,0.0000,0.8699
2025-02-03T16:00+10:00,general,0.0000,0.6622
2025-02-03T16:30+10:00,general,0.0000,0.4289
2025-02-03T17:00+10:00,general,0.0000,0.1575
2025-02-03T17:30+10:00,general,0.0994,0.0000
2025-02-03T18:00+10:00,general,0.4421,0.0000
2025-02-03T18:30+10:00,general,0.6789,0.0000
2025-02-03T19:00+10:00,general,0.6606,0.0000
2025-02-03T19:30+10:00,general,0.6281,0.0000
2025-02-03T20:00+10:00,general,0.6025,0.0000
2025-02-03T20:30+10:00,general,0.6956,0.0000
2025-02-03T21:00+10:00,general,0.5961,0.0000
2025-02-03T21:30+10:00,general,0.4777,0.0000
2025-02-03T22:00+10:00,general,0.4752,0.0000
2025-02-03T22:30+10:00,general,0.3571,0.0000
2025-02-03T23:00+10:00,general,0.2548,0.0000
2025-02-03T23:30+10:00,general,0.2412,0.0000
2025-02-04T00:00+10:00,general,0.1886,0.0000
2025-02-04T00:30+10:00,general,0.1537,0.0000
2025-02-04T01:00+10:00,general,0.1447,0.0000
2025-02-04T01:30+10:00,general,0.1296,0.0000
2025-02-04T02:00+10:00,general,0.1291,0.0000
2025-02-04T02:30+10:00,general,0.1659,0.0000
2025-02-04T03:00+10:00,general,0.1421,0.0000
2025-02-04T03:30+10:00,general,0.1599,0.0000
2025-02-04T04:00+10:00,general,0.1469,0.0000
2025-02-04T04:30+10:00,general,0.1650,0.0000
2025-02-04T05:00+10:00,general,0.1885,0.0000
2025-02-04T05:30+10:00,general,0.1784,0.0000
2025-02-04T06:00+10:00,general,0.1845,0.0000
2025-02-04T06:30+10:00,general,0.2458,0.0000
2025-02-04T07:00+10:00,general,0.0661,0.0000
2025-02-04T07:30+10:00,general,0.0000,0.1287
2025-02-04T08:00+10:00,general,0.0000,0.3654
2025-02-04T08:30+10:00,general,0.0000,0.5376
2025-02-04T09:00+10:00,general,0.0000,0.7096
2025-02-04T09:30+10:00,general,0.0000,0.9137
2025-02-04T10:00+10:00,general,0.0000,1.0585
2025-02-04T10:30+10:00,general,0.0000,1.1853
2025-02-04T11:00+10:00,general,0.0000,1.2756
2025-02-04T11:30+10:00,general,0.0000,1.3309
2025-02-04T12:00+10:00,general,0.0000,1.3555
2025-02-04T12:30+10:00,general,0.0000,1.3897
2025-02-04T13:00+10:00,general,0.0000,1.3881
2025-02-04T13:30+10:00,general,0.0000,1.3066
2025-02-04T14:00+10:00,general,0.0000,1.2491
2025-02-04T14:30+10:00,general,0.0000,1.1595
2025-02-04T15:00+10:00,general,0.0000,1.0407
2025-02-04T15:30+10:00,general,0.0000,0.8412
2025-02-04T16:00+10:00,general,0.0000,0.6626
2025-02-04T16:30+10:00,general,0.0000,0.4313
2025-02-04T17:00+10:00,general,0.0000,0.1522
2025-02-04T17:30+10:00,general,0.0474,0.0000
2025-02-04T18:00+10:00,general,0.4167,0.0000
2025-02-04T18:30+10:00,general,0.6061,0.0000
2025-02-04T19:00+10:00,general,0.6460,0.0000
2025-02-04T19:30+10:00,general,0.6592,0.0000
2025-02-04T20:00+10:00,general,0.6451,0.0000
2025-02-04T20:30+10:00,general,0.7189,0.0000
2025-02-04T21:00+10:00,general,0.5966,0.0000
2025-02-04T21:30+10:00,general,0.5538,0.0000
2025-02-04T22:00+10:00,general,0.3588,0.0000
2025-02-04T22:30+10:00,general,0.3580,0.0000
2025-02-04T23:00+10:00,general,0.2468,0.0000
2025-02-04T23:30+10:00,general,0.2415,0.0000
2025-02-05T00:00+10:00,general,0.2037,0.0000
2025-02-05T00:30+10:00,general,0.1364,0.0000
2025-02-05T01:00+10:00,general,0.1411,0.0000
2025-02-05T01:30+10:00,general,0.1651,0.0000
2025-02-05T02:00+10:00,general,0.1688,0.0000
2025-02-05T02:30+10:00,general,0.1507,0.0000
2025-02-05T03:00+10:00,general,0.1632,0.0000
2025-02-05T03:30+10:00,general,0.1670,0.0000
2025-02-05T04:00+10:00,general,0.1409,0.0000
2025-02-05T04:30+10:00,general,0.1390,0.0000
2025-02-05T05:00+10:00,general,0.1811,0.0000
2025-02-05T05:30+10:00,general,0.1763,0.0000
2025-02-05T06:00+10:00,general,0.1856,0.0000
2025-02-05T06:30+10:00,general,0.2352,0.0000
2025-02-05T07:00+10:00,general,0.0756,0.0000
2025-02-05T07:30+10:00,general,0.0000,0.1287
2025-02-05T08:00+10:00,general,0.0000,0.3203
2025-02-05T08:30+10:00,general,0.0000,0.5086
2025-02-05T09:00+10:00,general,0.0000,0.7210
2025-02-05T09:30+10:00,general,0.0000,0.8681
2025-02-05T10:00+10:00,general,0.0000,1.0512
2025-02-05T10:30+10:00,general,0.0000,1.1449
2025-02-05T11:00+10:00,general,0.0000,1.2597
2025-02-05T11:30+10:00,general,0.0000,1.3168
2025-02-05T12:00+10:00,general,0.0000,1.3624
2025-02-05T12:30+10:00,general,0.0000,1.3786
2025-02-05T13:00+10:00,general,0.0000,1.3589
2025-02-05T13:30+10:00,general,0.0000,1.3056
2025-02-05T14:00+10:00,general,0.0000,1.2628
2025-02-05T14:30+10:00,general,0.0000,1.1483
2025-02-05T15:00+10:00,general,0.0000,1.0317
2025-02-05T15:30+10:00,general,0.0000,0.8628
2025-02-05T16:00+10:00,general,0.0000,0.6518
2025-02-05T16:30+10:00,general,0.0000,0.4589
2025-02-05T17:00+10:00,general,0.0000,0.1094
2025-02-05T17:30+10:00,general,0.1361,0.0000
2025-02-05T18:00+10:00,general,0.4194,0.0000
2025-02-05T18:30+10:00,general,0.5516,0.0000
2025-02-05T19:00+10:00,general,0.7193,0.0000
2025-02-05T19:30+10:00,general,0.7993,0.0000
2025-02-05T20:00+10:00,general,0.7027,0.0000
2025-02-05T20:30+10:00,general,0.5558,0.0000
2025-02-05T21:00+10:00,general,0.6335,0.0000
2025-02-05T21:30+10:00,general,0.4463,0.0000
2025-02-05T22:00+10:00,general,0.4013,0.0000
2025-02-05T22:30+10:00,general,0.3699,0.0000
2025-02-05T23:00+10:00,general,0.3001,0.0000
2025-02-05T23:30+10:00,general,0.2243,0.0000
2025-02-06T00:00+10:00,general,0.2153,0.0000
2025-02-06T00:30+10:00,general,0.1596,0.0000
2025-02-06T01:00+10:00,general,0.1414,0.0000
2025-02-06T01:30+10:00,general,0.1599,0.0000
2025-02-06T02:00+10:00,general,0.1561,0.0000
2025-02-06T02:30+10:00,general,0.1640,0.0000
2025-02-06T03:00+10:00,general,0.1630,0.0000
2025-02-06T03:30+10:00,general,0.1327,0.0000
2025-02-06T04:00+10:00,general,0.1431,0.0000
2025-02-06T04:30+10:00,general,0.1691,0.0000
2025-02-06T05:00+10:00,general,0.1845,0.0000
2025-02-06T05:30+10:00,general,0.1710,0.0000
2025-02-06T06:00+10:00,general,0.1933,0.0000
2025-02-06T06:30+10:00,general,0.2357,0.0000
2025-02-06T07:00+10:00,general,0.0251,0.0000
2025-02-06T07:30+10:00,general,0.0000,0.1263
2025-02-06T08:00+10:00,general,0.0000,0.3330
2025-02-06T08:30+10:00,general,0.0000,0.5091
2025-02-06T09:00+10:00,general,0.0000,0.7396
2025-02-06T09:30+10:00,general,0.0000,0.9168
2025-02-06T10:00+10:00,general,0.0000,1.0591
2025-02-06T10:30+10:00,general,0.0000,1.1702
2025-02-06T11:00+10:00,general,0.0000,1.2625
2025-02-06T11:30+10:00,general,0.0000,1.3198
2025-02-06T12:00+10:00,general,0.0000,1.3538
2025-02-06T12:30+10:00,general,0.0000,1.3800
2025-02-06T13:00+10:00,general,0.0000,1.3740
2025-02-06T13:30+10:00,general,0.0000,1.3220
2025-02-06T14:00+10:00,general,0.0000,1.2692
2025-02-06T14:30+10:00,general,0.0000,1.1615
2025-02-06T15:00+10:00,general,0.0000,1.0058
2025-02-06T15:30+10:00,general,0.0000,0.8296
2025-02-06T16:00+10:00,general,0.0000,0.6164
2025-02-06T16:30+10:00,general,0.0000,0.4284
2025-02-06T17:00+10:00,general,0.0000,0.1442
2025-02-06T17:30+10:00,general,0.1031,0.0000
2025-02-06T18:00+10:00,general,0.4234,0.0000
2025-02-06T18:30+10:00,general,0.6229,0.0000
2025-02-06T19:00+10:00,general,0.7007,0.0000
2025-02-06T19:30+10:00,general,0.7443,0.0000
2025-02-06T20:00+10:00,general,0.6596,0.0000
2025-02-06T20:30+10:00,general,0.6574,0.0000
2025-02-06T21:00+10:00,general,0.6023,0.0000
2025-02-06T21:30+10:00,general,0.5552,0.0000
2025-02-06T22:00+10:00,general,0.3590,0.0000
2025-02-06T22:30+10:00,general,0.3737,0.0000
2025-02-06T23:00+10:00,general,0.2826,0.0000
2025-02-06T23:30+10:00,general,0.2061,0.0000
2025-02-07T00:00+10:00,general,0.2019,0.0000
2025-02-07T00:30+10:00,general,0.1500,0.0000
2025-02-07T01:00+10:00,general,0.1298,0.0000
2025-02-07T01:30+10:00,general,0.1318,0.0000
2025-02-07T02:00+10:00,general,0.1279,0.0000
2025-02-07T02:30+10:00,general,0.1562,0.0000
2025-02-07T03:00+10:00,general,0.1403,0.0000
2025-02-07T03:30+10:00,general,0.1334,0.0000
2025-02-07T04:00+10:00,general,0.1367,0.0000
2025-02-07T04:30+10:00,general,0.1791,0.0000
2025-02-07T05:00+10:00,general,0.1873,0.0000
2025-02-07T05:30+10:00,general,0.2054,0.0000
2025-02-07T06:00+10:00,general,0.1937,0.0000
2025-02-07T06:30+10:00,general,0.2467,0.0000
2025-02-07T07:00+10:00,general,0.0499,0.0000
2025-02-07T07:30+10:00,general,0.0000,0.1118
2025-02-07T08:00+10:00,general,0.0000,0.3584
2025-02-07T08:30+10:00,general,0.0000,0.5345
2025-02-07T09:00+10:00,general,0.0000,0.7212
2025-02-07T09:30+10:00,general,0.0000,0.9026
2025-02-07T10:00+10:00,general,0.0000,1.0253
2025-02-07T10:30+10:00,general,0.0000,1.1442
2025-02-07T11:00+10:00,general,0.0000,1.2554
2025-02-07T11:30+10:00,general,0.0000,1.3269
2025-02-07T12:00+10:00,general,0.0000,1.3798
2025-02-07T12:30+10:00,general,0.0000,1.3790
2025-02-07T13:00+10:00,general,0.0000,1.3783
2025-02-07T13:30+10:00,general,0.0000,1.3017
2025-02-07T14:00+10:00,general,0.0000,1.2659
2025-02-07T14:30+10:00,general,0.0000,1.1429
2025-02-07T15:00+10:00,general,0.0000,0.9958
2025-02-07T15:30+10:00,general,0.0000,0.8179
2025-02-07T16:00+10:00,general,0.0000,0.5996
2025-02-07T16:30+10:00,general,0.0000,0.3771
2025-02-07T17:00+10:00,general,0.0000,0.2114
2025-02-07T17:30+10:00,general,0.0535,0.0000
2025-02-07T18:00+10:00,general,0.4529,0.0000
2025-02-07T18:30+10:00,general,0.6556,0.0000
2025-02-07T19:00+10:00,general,0.6979,0.0000
2025-02-07T19:30+10:00,general,0.7238,0.0000
2025-02-07T20:00+10:00,general,0.6500,0.0000
2025-02-07T20:30+10:00,general,0.5874,0.0000
2025-02-07T21:00+10:00,general,0.5882,0.0000
2025-02-07T21:30+10:00,general,0.4932,0.0000
2025-02-07T22:00+10:00,general,0.3943,0.0000
2025-02-07T22:30+10:00,general,0.3570,0.0000
2025-02-07T23:00+10:00,general,0.2662,0.0000
2025-02-07T23:30+10:00,general,0.2720,0.0000
2025-02-08T00:00+10:00,general,0.2096,0.0000
2025-02-08T00:30+10:00,general,0.1551,0.0000
2025-02-08T01:00+10:00,general,0.1262,0.0000
2025-02-08T01:30+10:00,general,0.1412,0.0000
2025-02-08T02:00+10:00,general,0.1645,0.0000
2025-02-08T02:30+10:00,general,0.1475,0.0000
2025-02-08T03:00+10:00,general,0.1293,0.0000
2025-02-08T03:30+10:00,general,0.1576,0.0000
2025-02-08T04:00+10:00,general,0.1521,0.0000
2025-02-08T04:30+10:00,general,0.1802,0.0000
2025-02-08T05:00+10:00,general,0.1624,0.0000
2025-02-08T05:30+10:00,general,0.1752,0.0000
2025-02-08T06:00+10:00,general,0.2282,0.0000
2025-02-08T06:30+10:00,general,0.2137,0.0000
2025-02-08T07:00+10:00,general,0.0926,0.0000
2025-02-08T07:30+10:00,general,0.0000,0.1262
2025-02-08T08:00+10:00,general,0.0000,0.3039
2025-02-08T08:30+10:00,general,0.0000,0.4901
2025-02-08T09:00+10:00,general,0.0000,0.7117
2025-02-08T09:30+10:00,general,0.0000,0.8778
2025-02-08T10:00+10:00,general,0.0000,1.0562
2025-02-08T10:30+10:00,general,0.0000,1.1745
2025-02-08T11:00+10:00,general,0.0000,1.2466
2025-02-08T11:30+10:00,general,0.0000,1.3118
2025-02-08T12:00+10:00,general,0.0000,1.3571
2025-02-08T12:30+10:00,general,0.0000,1.3567
2025-02-08T13:00+10:00,general,0.0000,1.3787
2025-02-08T13:30+10:00,general,0.0000,1.3010
2025-02-08T14:00+10:00,general,0.0000,1.2605
2025-02-08T14:30+10:00,general,0.0000,1.1552
2025-02-08T15:00+10:00,general,0.0000,1.0059
2025-02-08T15:30+10:00,general,0.0000,0.8622
2025-02-08T16:00+10:00,general,0.0000,0.6177
2025-02-08T16:30+10:00,general,0.0000,0.3882
2025-02-08T17:00+10:00,general,0.0000,0.1118
2025-02-08T17:30+10:00,general,0.0409,0.0000
2025-02-08T18:00+10:00,general,0.2893,0.0000
2025-02-08T18:30+10:00,general,0.6742,0.0000
2025-02-08T19:00+10:00,general,0.5816,0.0000
2025-02-08T19:30+10:00,general,0.6430,0.0000
2025-02-08T20:00+10:00,general,0.6903,0.0000
2025-02-08T20:30+10:00,general,0.7154,0.0000
2025-02-08T21:00+10:00,general,0.6561,0.0000
2025-02-08T21:30+10:00,general,0.4282,0.0000
2025-02-08T22:00+10:00,general,0.4420,0.0000
2025-02-08T22:30+10:00,general,0.3225,0.0000
2025-02-08T23:00+10:00,general,0.2823,0.0000
2025-02-08T23:30+10:00,general,0.2623,0.0000
2025-02-09T00:00+10:00,general,0.1878,0.0000
2025-02-09T00:30+10:00,general,0.1368,0.0000
2025-02-09T01:00+10:00,general,0.1595,0.0000
2025-02-09T01:30+10:00,general,0.1466,0.0000
2025-02-09T02:00+10:00,general,0.1520,0.0000
2025-02-09T02:30+10:00,general,0.1514,0.0000
2025-02-09T03:00+10:00,general,0.1353,0.0000
2025-02-09T03:30+10:00,general,0.1359,0.0000
2025-02-09T04:00+10:00,general,0.1733,0.0000
2025-02-09T04:30+10:00,general,0.1394,0.0000
2025-02-09T05:00+10:00,general,0.1579,0.0000
2025-02-09T05:30+10:00,general,0.1768,0.0000
2025-02-09T06:00+10:00,general,0.2303,0.0000
2025-02-09T06:30+10:00,general,0.2412,0.0000
2025-02-09T07:00+10:00,general,0.0313,0.0000
2025-02-09T07:30+10:00,general,0.0000,0.1143
2025-02-09T08:00+10:00,general,0.0000,0.3010
2025-02-09T08:30+10:00,general,0.0000,0.5425
2025-02-09T09:00+10:00,general,0.0000,0.6899
2025-02-09T09:30+10:00,general,0.0000,0.8866
2025-02-09T10:00+10:00,general,0.0000,1.0274
2025-02-09T10:30+10:00,general,0.0000,1.1433
2025-02-09T11:00+10:00,general,0.0000,1.2298
2025-02-09T11:30+10:00,general,0.0000,1.3337
2025-02-09T12:00+10:00,general,0.0000,1.3422
2025-02-09T12:30+10:00,general,0.0000,1.3567
2025-02-09T13:00+10:00,general,0.0000,1.3341
2025-02-09T13:30+10:00,general,0.0000,1.2910
2025-02-09T14:00+10:00,general,0.0000,1.2605
2025-02-09T14:30+10:00,general,0.0000,1.1422
2025-02-09T15:00+10:00,general,0.0000,1.0248
2025-02-09T15:30+10:00,general,0.0000,0.8053
2025-02-09T16:00+10:00,general,0.0000,0.6180
2025-02-09T16:30+10:00,general,0.0000,0.4550
2025-02-09T17:00+10:00,general,0.0000,0.1539
2025-02-09T17:30+10:00,general,0.1567,0.0000
2025-02-09T18:00+10:00,general,0.3043,0.0000
2025-02-09T18:30+10:00,general,0.6193,0.0000
2025-02-09T19:00+10:00,general,0.6553,0.0000
2025-02-09T19:30+10:00,general,0.6278,0.0000
2025-02-09T20:00+10:00,general,0.7139,0.0000
2025-02-09T20:30+10:00,general,0.5766,0.0000
2025-02-09T21:00+10:00,general,0.5516,0.0000
2025-02-09T21:30+10:00,general,0.4375,0.0000
2025-02-09T22:00+10:00,general,0.4268,0.0000
2025-02-09T22:30+10:00,general,0.3715,0.0000
2025-02-09T23:00+10:00,general,0.3304,0.0000
2025-02-09T23:30+10:00,general,0.2326,0.0000
2025-02-10T00:00+10:00,general,0.2342,0.0000
2025-02-10T00:30+10:00,general,0.1292,0.0000
2025-02-10T01:00+10:00,general,0.1611,0.0000
2025-02-10T01:30+10:00,general,0.1654,0.0000
2025-02-10T02:00+10:00,general,0.1285,0.0000
2025-02-10T02:30+10:00,general,0.1485,0.0000
2025-02-10T03:00+10:00,general,0.1690,0.0000
2025-02-10T03:30+10:00,general,0.1315,0.0000
2025-02-10T04:00+10:00,general,0.1388,0.0000
2025-02-10T04:30+10:00,general,0.1626,0.0000
2025-02-10T05:00+10:00,general,0.1650,0.0000
2025-02-10T05:30+10:00,general,0.2079,0.0000
2025-02-10T06:00+10:00,general,0.2229,0.0000
2025-02-10T06:30+10:00,general,0.2394,0.0000
2025-02-10T07:00+10:00,general,0.0682,0.0000
2025-02-10T07:30+10:00,general,0.0000,0.1408
2025-02-10T08:00+10:00,general,0.0000,0.3423
2025-02-10T08:30+10:00,general,0.0000,0.5541
2025-02-10T09:00+10:00,general,0.0000,0.7370
2025-02-10T09:30+10:00,general,0.0000,0.8921
2025-02-10T10:00+10:00,general,0.0000,1.0310
2025-02-10T10:30+10:00,general,0.0000,1.1645
2025-02-10T11:00+10:00,general,0.0000,1.2360
2025-02-10T11:30+10:00,general,0.0000,1.3269
2025-02-10T12:00+10:00,general,0.0000,1.3439
2025-02-10T12:30+10:00,general,0.0000,1.3470
2025-02-10T13:00+10:00,general,0.0000,1.3731
2025-02-10T13:30+10:00,general,0.0000,1.3310
2025-02-10T14:00+10:00,general,0.0000,1.2488
2025-02-10T14:30+10:00,general,0.0000,1.1238
2025-02-10T15:00+10:00,general,0.0000,1.0167
2025-02-10T15:30+10:00,general,0.0000,0.8194
2025-02-10T16:00+10:00,general,0.0000,0.6358
2025-02-10T16:30+10:00,general,0.0000,0.4386
2025-02-10T17:00+10:00,general,0.0000,0.2221
2025-02-10T17:30+10:00,general,0.1234,0.0000
2025-02-10T18:00+10:00,general,0.3329,0.0000
2025-02-10T18:30+10:00,general,0.6987,0.0000
2025-02-10T19:00+10:00,general,0.6896,0.0000
2025-02-10T19:30+10:00,general,0.6264,0.0000
2025-02-10T20:00+10:00,general,0.6924,0.0000
2025-02-10T20:30+10:00,general,0.6719,0.0000
2025-02-10T21:00+10:00,general,0.5165,0.0000
2025-02-10T21:30+10:00,general,0.5344,0.0000
2025-02-10T22:00+10:00,general,0.4259,0.0000
2025-02-10T22:30+10:00,general,0.3990,0.0000
2025-02-10T23:00+10:00,general,0.2851,0.0000
2025-02-10T23:30+10:00,general,0.2285,0.0000
2025-02-11T00:00+10:00,general,0.1752,0.0000
2025-02-11T00:30+10:00,general,0.1286,0.0000
2025-02-11T01:00+10:00,general,0.1571,0.0000
2025-02-11T01:30+10:00,general,0.1414,0.0000
2025-02-11T02:00+10:00,general,0.1370,0.0000
2025-02-11T02:30+10:00,general,0.1432,0.0000
2025-02-11T03:00+10:00,general,0.1554,0.0000
2025-02-11T03:30+10:00,general,0.1486,0.0000
2025-02-11T04:00+10:00,general,0.1700,0.0000
2025-02-11T04:30+10:00,general,0.1534,0.0000
2025-02-11T05:00+10:00,general,0.1765,0.0000
2025-02-11T05:30+10:00,general,0.1830,0.0000
2025-02-11T06:00+10:00,general,0.2190,0.0000
2025-02-11T06:30+10:00,general,0.2759,0.0000
2025-02-11T07:00+10:00,general,0.0510,0.0000
2025-02-11T07:30+10:00,general,0.0000,0.1109
2025-02-11T08:00+10:00,general,0.0000,0.3194
2025-02-11T08:30+10:00,general,0.0000,0.5337
2025-02-11T09:00+10:00,general,0.0000,0.7284
2025-02-11T09:30+10:00,general,0.0000,0.8567
2025-02-11T10:00+10:00,general,0.0000,1.0215
2025-02-11T10:30+10:00,general,0.0000,1.1702
2025-02-11T11:00+10:00,general,0.0000,1.2657
2025-02-11T11:30+10:00,general,0.0000,1.3040
2025-02-11T12:00+10:00,general,0.0000,1.3566
2025-02-11T12:30+10:00,general,0.0000,1.3668
2025-02-11T13:00+10:00,general,0.0000,1.3348
2025-02-11T13:30+10:00,general,0.0000,1.2950
2025-02-11T14:00+10:00,general,0.0000,1.2226
2025-02-11T14:30+10:00,general,0.0000,1.1038
2025-02-11T15:00+10:00,general,0.0000,0.9848
2025-02-11T15:30+10:00,general,0.0000,0.7990
2025-02-11T16:00+10:00,general,0.0000,0.6515
2025-02-11T16:30+10:00,general,0.0000,0.4038
2025-02-11T17:00+10:00,general,0.0000,0.1449
2025-02-11T17:30+10:00,general,0.1493,0.0000
2025-02-11T18:00+10:00,general,0.3244,0.0000
2025-02-11T18:30+10:00,general,0.6012,0.0000
2025-02-11T19:00+10:00,general,0.5964,0.0000
2025-02-11T19:30+10:00,general,0.6986,0.0000
2025-02-11T20:00+10:00,general,0.7138,0.0000
2025-02-11T20:30+10:00,general,0.6825,0.0000
2025-02-11T21:00+10:00,general,0.6110,0.0000
2025-02-11T21:30+10:00,general,0.4709,0.0000
2025-02-11T22:00+10:00,general,0.4795,0.0000
2025-02-11T22:30+10:00,general,0.3739,0.0000
2025-02-11T23:00+10:00,general,0.2835,0.0000
2025-02-11T23:30+10:00,general,0.2486,0.0000
2025-02-12T00:00+10:00,general,0.1961,0.0000
2025-02-12T00:30+10:00,general,0.1358,0.0000
2025-02-12T01:00+10:00,general,0.1642,0.0000
2025-02-12T01:30+10:00,general,0.1272,0.0000
2025-02-12T02:00+10:00,general,0.1376,0.0000
2025-02-12T02:30+10:00,general,0.1513,0.0000
2025-02-12T03:00+10:00,general,0.1439,0.0000
2025-02-12T03:30+10:00,general,0.1362,0.0000
2025-02-12T04:00+10:00,general,0.1716,0.0000
2025-02-12T04:30+10:00,general,0.1406,0.0000
2025-02-12T05:00+10:00,general,0.1649,0.0000
2025-02-12T05:30+10:00,general,0.2041,0.0000
2025-02-12T06:00+10:00,general,0.2389,0.0000
2025-02-12T06:30+10:00,general,0.2513,0.0000
2025-02-12T07:00+10:00,general,0.0675,0.0000
2025-02-12T07:30+10:00,general,0.0000,0.1580
2025-02-12T08:00+10:00,general,0.0000,0.3490
2025-02-12T08:30+10:00,general,0.0000,0.4810
2025-02-12T09:00+10:00,general,0.0000,0.6872
2025-02-12T09:30+10:00,general,0.0000,0.8754
2025-02-12T10:00+10:00,general,0.0000,1.0386
2025-02-12T10:30+10:00,general,0.0000,1.1525
2025-02-12T11:00+10:00,general,0.0000,1.2283
2025-02-12T11:30+10:00,general,0.0000,1.3274
2025-02-12T12:00+10:00,general,0.0000,1.3545
2025-02-12T12:30+10:00,general,0.0000,1.3744
2025-02-12T13:00+10:00,general,0.0000,1.3570
2025-02-12T13:30+10:00,general,0.0000,1.2937
2025-02-12T14:00+10:00,general,0.0000,1.2349
2025-02-12T14:30+10:00,general,0.0000,1.1409
2025-02-12T15:00+10:00,general,0.0000,1.0156
2025-02-12T15:30+10:00,general,0.0000,0.8025
2025-02-12T16:00+10:00,general,0.0000,0.6373
2025-02-12T16:30+10:00,general,0.0000,0.4457
2025-02-12T17:00+10:00,general,0.0000,0.1261
2025-02-12T17:30+10:00,general,0.1481,0.0000
2025-02-12T18:00+10:00,general,0.3529,0.0000
2025-02-12T18:30+10:00,general,0.7113,0.0000
2025-02-12T19:00+10:00,general,0.7325,0.0000
2025-02-12T19:30+10:00,general,0.6449,0.0000
2025-02-12T20:00+10:00,general,0.6271,0.0000
2025-02-12T20:30+10:00,general,0.5453,0.0000
2025-02-12T21:00+10:00,general,0.5141,0.0000
2025-02-12T21:30+10:00,general,0.5342,0.0000
2025-02-12T22:00+10:00,general,0.4693,0.0000
2025-02-12T22:30+10:00,general,0.3370,0.0000
2025-02-12T23:00+10:00,general,0.3060,0.0000
2025-02-12T23:30+10:00,general,0.2408,0.0000
2025-02-13T00:00+10:00,general,0.2026,0.0000
2025-02-13T00:30+10:00,general,0.1336,0.0000
2025-02-13T01:00+10:00,general,0.1573,0.0000
2025-02-13T01:30+10:00,general,0.1486,0.0000
2025-02-13T02:00+10:00,general,0.1546,0.0000
2025-02-13T02:30+10:00,general,0.1667,0.0000
2025-02-13T03:00+10:00,general,0.1291,0.0000
2025-02-13T03:30+10:00,general,0.1535,0.0000
2025-02-13T04:00+10:00,general,0.1667,0.0000
2025-02-13T04:30+10:00,general,0.1823,0.0000
2025-02-13T05:00+10:00,general,0.1544,0.0000
2025-02-13T05:30+10:00,general,0.2161,0.0000
2025-02-13T06:00+10:00,general,0.1893,0.0000
2025-02-13T06:30+10:00,general,0.2162,0.0000
2025-02-13T07:00+10:00,general,0.0453,0.0000
2025-02-13T07:30+10:00,general,0.0000,0.1102
2025-02-13T08:00+10:00,general,0.0000,0.3021
2025-02-13T08:30+10:00,general,0.0000,0.4805
2025-02-13T09:00+10:00,general,0.0000,0.6803
2025-02-13T09:30+10:00,general,0.0000,0.8849
2025-02-13T10:00+10:00,general,0.0000,1.0474
2025-02-13T10:30+10:00,general,0.0000,1.1435
2025-02-13T11:00+10:00,general,0.0000,1.2405
2025-02-13T11:30+10:00,general,0.0000,1.2875
2025-02-13T12:00+10:00,general,0.0000,1.3518
2025-02-13T12:30+10:00,general,0.0000,1.3566
2025-02-13T13:00+10:00,general,0.0000,1.3460
2025-02-13T13:30+10:00,general,0.0000,1.3080
2025-02-13T14:00+10:00,general,0.0000,1.2216
2025-02-13T14:30+10:00,general,0.0000,1.1287
2025-02-13T15:00+10:00,general,0.0000,0.9846
2025-02-13T15:30+10:00,general,0.0000,0.8200
2025-02-13T16:00+10:00,general,0.0000,0.5952
2025-02-13T16:30+10:00,general,0.0000,0.3825
2025-02-13T17:00+10:00,general,0.0000,0.2052
2025-02-13T17:30+10:00,general,0.0777,0.0000
2025-02-13T18:00+10:00,general,0.4217,0.0000
2025-02-13T18:30+10:00,general,0.5642,0.0000
2025-02-13T19:00+10:00,general,0.7462,0.0000
2025-02-13T19:30+10:00,general,0.6299,0.0000
2025-02-13T20:00+10:00,general,0.7578,0.0000
2025-02-13T20:30+10:00,general,0.6387,0.0000
2025-02-13T21:00+10:00,general,0.5129,0.0000
2025-02-13T21:30+10:00,general,0.5177,0.0000
2025-02-13T22:00+10:00,general,0.3999,0.0000
2025-02-13T22:30+10:00,general,0.3062,0.0000
2025-02-13T23:00+10:00,general,0.2782,0.0000
2025-02-13T23:30+10:00,general,0.2401,0.0000
2025-02-14T00:00+10:00,general,0.1935,0.0000
2025-02-14T00:30+10:00,general,0.1686,0.0000
2025-02-14T01:00+10:00,general,0.1419,0.0000
2025-02-14T01:30+10:00,general,0.1301,0.0000
2025-02-14T02:00+10:00,general,0.1386,0.0000
2025-02-14T02:30+10:00,general,0.1310,0.0000
2025-02-14T03:00+10:00,general,0.1306,0.0000
2025-02-14T03:30+10:00,general,0.1319,0.0000
2025-02-14T04:00+10:00,general,0.1427,0.0000
2025-02-14T04:30+10:00,general,0.1423,0.0000
2025-02-14T05:00+10:00,general,0.1744,0.0000
2025-02-14T05:30+10:00,general,0.1833,0.0000
2025-02-14T06:00+10:00,general,0.1923,0.0000
2025-02-14T06:30+10:00,general,0.2446,0.0000
2025-02-14T07:00+10:00,general,0.0628,0.0000
2025-02-14T07:30+10:00,general,0.0000,0.1200
2025-02-14T08:00+10:00,general,0.0000,0.2991
2025-02-14T08:30+10:00,general,0.0000,0.4801
2025-02-14T09:00+10:00,general,0.0000,0.6689
2025-02-14T09:30+10:00,general,0.0000,0.8614
2025-02-14T10:00+10:00,general,0.0000,1.0274
2025-02-14T10:30+10:00,general,0.0000,1.1596
2025-02-14T11:00+10:00,general,0.0000,1.2491
2025-02-14T11:30+10:00,general,0.0000,1.2886
2025-02-14T12:00+10:00,general,0.0000,1.3336
2025-02-14T12:30+10:00,general,0.0000,1.3699
2025-02-14T13:00+10:00,general,0.0000,1.3257
2025-02-14T13:30+10:00,general,0.0000,1.3012
2025-02-14T14:00+10:00,general,0.0000,1.2420
2025-02-14T14:30+10:00,general,0.0000,1.1255
2025-02-14T15:00+10:00,general,0.0000,0.9607
2025-02-14T15:30+10:00,general,0.0000,0.8259
2025-02-14T16:00+10:00,general,0.0000,0.6223
2025-02-14T16:30+10:00,general,0.0000,0.4141
2025-02-14T17:00+10:00,general,0.0000,0.1320
2025-02-14T17:30+10:00,general,0.0717,0.0000
2025-02-14T18:00+10:00,general,0.3685,0.0000
2025-02-14T18:30+10:00,general,0.6539,0.0000
2025-02-14T19:00+10:00,general,0.6708,0.0000
2025-02-14T19:30+10:00,general,0.6884,0.0000
2025-02-14T20:00+10:00,general,0.6383,0.0000
2025-02-14T20:30+10:00,general,0.6003,0.0000
2025-02-14T21:00+10:00,general,0.5601,0.0000
2025-02-14T21:30+10:00,general,0.5106,0.0000
2025-02-14T22:00+10:00,general,0.4070,0.0000
2025-02-14T22:30+10:00,general,0.3400,0.0000
2025-02-14T23:00+10:00,general,0.3011,0.0000
2025-02-14T23:30+10:00,general,0.2105,0.0000
2025-02-15T00:00+10:00,general,0.1903,0.0000
2025-02-15T00:30+10:00,general,0.1656,0.0000
2025-02-15T01:00+10:00,general,0.1583,0.0000
2025-02-15T01:30+10:00,general,0.1317,0.0000
2025-02-15T02:00+10:00,general,0.1693,0.0000
2025-02-15T02:30+10:00,general,0.1433,0.0000
2025-02-15T03:00+10:00,general,0.1704,0.0000
2025-02-15T03:30+10:00,general,0.1436,0.0000
2025-02-15T04:00+10:00,general,0.1320,0.0000
2025-02-15T04:30+10:00,general,0.1606,0.0000
2025-02-15T05:00+10:00,general,0.1601,0.0000
2025-02-15T05:30+10:00,general,0.1895,0.0000
2025-02-15T06:00+10:00,general,0.2389,0.0000
2025-02-15T06:30+10:00,general,0.2708,0.0000
2025-02-15T07:00+10:00,general,0.0991,0.0000
2025-02-15T07:30+10:00,general,0.0000,0.1086
2025-02-15T08:00+10:00,general,0.0000,0.3461
2025-02-15T08:30+10:00,general,0.0000,0.5244
2025-02-15T09:00+10:00,general,0.0000,0.7282
2025-02-15T09:30+10:00,general,0.0000,0.8700
2025-02-15T10:00+10:00,general,0.0000,1.0094
2025-02-15T10:30+10:00,general,0.0000,1.1346
2025-02-15T11:00+10:00,general,0.0000,1.2453
2025-02-15T11:30+10:00,general,0.0000,1.3198
2025-02-15T12:00+10:00,general,0.0000,1.3184
2025-02-15T12:30+10:00,general,0.0000,1.3519
2025-02-15T13:00+10:00,general,0.0000,1.3529
2025-02-15T13:30+10:00,general,0.0000,1.3023
2025-02-15T14:00+10:00,general,0.0000,1.2034
2025-02-15T14:30+10:00,general,0.0000,1.1447
2025-02-15T15:00+10:00,general,0.0000,0.9779
2025-02-15T15:30+10:00,general,0.0000,0.8543
2025-02-15T16:00+10:00,general,0.0000,0.6011
2025-02-15T16:30+10:00,general,0.0000,0.3573
2025-02-15T17:00+10:00,general,0.0000,0.1436
2025-02-15T17:30+10:00,general,0.1086,0.0000
2025-02-15T18:00+10:00,general,0.3688,0.0000
2025-02-15T18:30+10:00,general,0.5951,0.0000
2025-02-15T19:00+10:00,general,0.7127,0.0000
2025-02-15T19:30+10:00,general,0.6917,0.0000
2025-02-15T20:00+10:00,general,0.6495,0.0000
2025-02-15T20:30+10:00,general,0.6654,0.0000
2025-02-15T21:00+10:00,general,0.5302,0.0000
2025-02-15T21:30+10:00,general,0.4296,0.0000
2025-02-15T22:00+10:00,general,0.4594,0.0000
2025-02-15T22:30+10:00,general,0.3734,0.0000
2025-02-15T23:00+10:00,general,0.3263,0.0000
2025-02-15T23:30+10:00,general,0.2570,0.0000
2025-02-16T00:00+10:00,general,0.1843,0.0000
2025-02-16T00:30+10:00,general,0.1407,0.0000
2025-02-16T01:00+10:00,general,0.1575,0.0000
2025-02-16T01:30+10:00,general,0.1688,0.0000
2025-02-16T02:00+10:00,general,0.1361,0.0000
2025-02-16T02:30+10:00,general,0.1305,0.0000
2025-02-16T03:00+10:00,general,0.1548,0.0000
2025-02-16T03:30+10:00,general,0.1544,0.0000
2025-02-16T04:00+10:00,general,0.1541,0.0000
2025-02-16T04:30+10:00,general,0.1699,0.0000
2025-02-16T05:00+10:00,general,0.1937,0.0000
2025-02-16T05:30+10:00,general,0.1741,0.0000
2025-02-16T06:00+10:00,general,0.2411,0.0000
2025-02-16T06:30+10:00,general,0.2070,0.0000
2025-02-16T07:00+10:00,general,0.0292,0.0000
2025-02-16T07:30+10:00,general,0.0000,0.1090
2025-02-16T08:00+10:00,general,0.0000,0.2844
2025-02-16T08:30+10:00,general,0.0000,0.5289
2025-02-16T09:00+10:00,general,0.0000,0.6963
2025-02-16T09:30+10:00,general,0.0000,0.8839
2025-02-16T10:00+10:00,general,0.0000,1.0274
2025-02-16T10:30+10:00,general,0.0000,1.1414
2025-02-16T11:00+10:00,general,0.0000,1.2386
2025-02-16T11:30+10:00,general,0.0000,1.3082
2025-02-16T12:00+10:00,general,0.0000,1.3397
2025-02-16T12:30+10:00,general,0.0000,1.3278
2025-02-16T13:00+10:00,general,0.0000,1.3450
2025-02-16T13:30+10:00,general,0.0000,1.3048
2025-02-16T14:00+10:00,general,0.0000,1.2231
2025-02-16T14:30+10:00,general,0.0000,1.0927
2025-02-16T15:00+10:00,general,0.0000,0.9692
2025-02-16T15:30+10:00,general,0.0000,0.8341
2025-02-16T16:00+10:00,general,0.0000,0.6563
2025-02-16T16:30+10:00,general,0.0000,0.3928
2025-02-16T17:00+10:00,general,0.0000,0.1490
2025-02-16T17:30+10:00,general,0.0543,0.0000
2025-02-16T18:00+10:00,general,0.3005,0.0000
2025-02-16T18:30+10:00,general,0.6842,0.0000
2025-02-16T19:00+10:00,general,0.7422,0.0000
2025-02-16T19:30+10:00,general,0.7760,0.0000
2025-02-16T20:00+10:00,general,0.6679,0.0000
2025-02-16T20:30+10:00,general,0.7293,0.0000
2025-02-16T21:00+10:00,general,0.5516,0.0000
2025-02-16T21:30+10:00,general,0.5443,0.0000
2025-02-16T22:00+10:00,general,0.3680,0.0000
2025-02-16T22:30+10:00,general,0.3452,0.0000
2025-02-16T23:00+10:00,general,0.2522,0.0000
2025-02-16T23:30+10:00,general,0.2520,0.0000
2025-02-17T00:00+10:00,general,0.2093,0.0000
2025-02-17T00:30+10:00,general,0.1299,0.0000
2025-02-17T01:00+10:00,general,0.1603,0.0000
2025-02-17T01:30+10:00,general,0.1291,0.0000
2025-02-17T02:00+10:00,general,0.1306,0.0000
2025-02-17T02:30+10:00,general,0.1688,0.0000
2025-02-17T03:00+10:00,general,0.1402,0.0000
2025-02-17T03:30+10:00,general,0.1659,0.0000
2025-02-17T04:00+10:00,general,0.1355,0.0000
2025-02-17T04:30+10:00,general,0.1670,0.0000
2025-02-17T05:00+10:00,general,0.1729,0.0000
2025-02-17T05:30+10:00,general,0.2004,0.0000
2025-02-17T06:00+10:00,general,0.1845,0.0000
2025-02-17T06:30+10:00,general,0.2415,0.0000
2025-02-17T07:00+10:00,general,0.1012,0.0000
2025-02-17T07:30+10:00,general,0.0000,0.0944
2025-02-17T08:00+10:00,general,0.0000,0.3058
2025-02-17T08:30+10:00,general,0.0000,0.4927
2025-02-17T09:00+10:00,general,0.0000,0.6647
2025-02-17T09:30+10:00,general,0.0000,0.8561
2025-02-17T10:00+10:00,general,0.0000,0.9914
2025-02-17T10:30+10:00,general,0.0000,1.1543
2025-02-17T11:00+10:00,general,0.0000,1.2100
2025-02-17T11:30+10:00,general,0.0000,1.2901
2025-02-17T12:00+10:00,general,0.0000,1.3468
2025-02-17T12:30+10:00,general,0.0000,1.3411
2025-02-17T13:00+10:00,general,0.0000,1.3158
2025-02-17T13:30+10:00,general,0.0000,1.3059
2025-02-17T14:00+10:00,general,0.0000,1.1938
2025-02-17T14:30+10:00,general,0.0000,1.1344
2025-02-17T15:00+10:00,general,0.0000,0.9667
2025-02-17T15:30+10:00,general,0.0000,0.8315
2025-02-17T16:00+10:00,general,0.0000,0.6524
2025-02-17T16:30+10:00,general,0.0000,0.3816
2025-02-17T17:00+10:00,general,0.0000,0.0968
2025-02-17T17:30+10:00,general,0.1475,0.0000
2025-02-17T18:00+10:00,general,0.3610,0.0000
2025-02-17T18:30+10:00,general,0.6230,0.0000
2025-02-17T19:00+10:00,general,0.7363,0.0000
2025-02-17T19:30+10:00,general,0.6968,0.0000
2025-02-17T20:00+10:00,general,0.6038,0.0000
2025-02-17T20:30+10:00,general,0.6767,0.0000
2025-02-17T21:00+10:00,general,0.6400,0.0000
2025-02-17T21:30+10:00,general,0.5054,0.0000
2025-02-17T22:00+10:00,general,0.4186,0.0000
2025-02-17T22:30+10:00,general,0.3324,0.0000
2025-02-17T23:00+10:00,general,0.2777,0.0000
2025-02-17T23:30+10:00,general,0.2106,0.0000
2025-02-18T00:00+10:00,general,0.1825,0.0000
2025-02-18T00:30+10:00,general,0.1453,0.0000
2025-02-18T01:00+10:00,general,0.1661,0.0000
2025-02-18T01:30+10:00,general,0.1531,0.0000
2025-02-18T02:00+10:00,general,0.1420,0.0000
2025-02-18T02:30+10:00,general,0.1629,0.0000
2025-02-18T03:00+10:00,general,0.1282,0.0000
2025-02-18T03:30+10:00,general,0.1720,0.0000
2025-02-18T04:00+10:00,general,0.1608,0.0000
2025-02-18T04:30+10:00,general,0.1389,0.0000
2025-02-18T05:00+10:00,general,0.1807,0.0000
2025-02-18T05:30+10:00,general,0.1667,0.0000
2025-02-18T06:00+10:00,general,0.2189,0.0000
2025-02-18T06:30+10:00,general,0.2764,0.0000
2025-02-18T07:00+10:00,general,0.0329,0.0000
2025-02-18T07:30+10:00,general,0.0000,0.1517
2025-02-18T08:00+10:00,general,0.0000,0.2943
2025-02-18T08:30+10:00,general,0.0000,0.4835
2025-02-18T09:00+10:00,general,0.0000,0.7081
2025-02-18T09:30+10:00,general,0.0000,0.8717
2025-02-18T10:00+10:00,general,0.0000,1.0179
2025-02-18T10:30+10:00,general,0.0000,1.1372
2025-02-18T11:00+10:00,general,0.0000,1.2200
2025-02-18T11:30+10:00,general,0.0000,1.2684
2025-02-18T12:00+10:00,general,0.0000,1.3174
2025-02-18T12:30+10:00,general,0.0000,1.3494
2025-02-18T13:00+10:00,general,0.0000,1.3195
2025-02-18T13:30+10:00,general,0.0000,1.3064
2025-02-18T14:00+10:00,general,0.0000,1.1911
2025-02-18T14:30+10:00,general,0.0000,1.1087
2025-02-18T15:00+10:00,general,0.0000,0.9967
2025-02-18T15:30+10:00,general,0.0000,0.7988
2025-02-18T16:00+10:00,general,0.0000,0.6332
2025-02-18T16:30+10:00,general,0.0000,0.3617
2025-02-18T17:00+10:00,general,0.0000,0.1597
2025-02-18T17:30+10:00,general,0.1795,0.0000
2025-02-18T18:00+10:00,general,0.4437,0.0000
2025-02-18T18:30+10:00,general,0.6836,0.0000
2025-02-18T19:00+10:00,general,0.6603,0.0000
2025-02-18T19:30+10:00,general,0.7125,0.0000
2025-02-18T20:00+10:00,general,0.6028,0.0000
2025-02-18T20:30+10:00,general,0.7025,0.0000
2025-02-18T21:00+10:00,general,0.6440,0.0000
2025-02-18T21:30+10:00,general,0.5444,0.0000
2025-02-18T22:00+10:00,general,0.3707,0.0000
2025-02-18T22:30+10:00,general,0.3431,0.0000
2025-02-18T23:00+10:00,general,0.3234,0.0000
2025-02-18T23:30+10:00,general,0.2279,0.0000
2025-02-19T00:00+10:00,general,0.2047,0.0000
2025-02-19T00:30+10:00,general,0.1650,0.0000
2025-02-19T01:00+10:00,general,0.1448,0.0000
2025-02-19T01:30+10:00,general,0.1289,0.0000
2025-02-19T02:00+10:00,general,0.1501,0.0000
2025-02-19T02:30+10:00,general,0.1631,0.0000
2025-02-19T03:00+10:00,general,0.1661,0.0000
2025-02-19T03:30+10:00,general,0.1413,0.0000
2025-02-19T04:00+10:00,general,0.1494,0.0000
2025-02-19T04:30+10:00,general,0.1547,0.0000
2025-02-19T05:00+10:00,general,0.1535,0.0000
2025-02-19T05:30+10:00,general,0.1987,0.0000
2025-02-19T06:00+10:00,general,0.2450,0.0000
2025-02-19T06:30+10:00,general,0.2127,0.0000
2025-02-19T07:00+10:00,general,0.0737,0.0000
2025-02-19T07:30+10:00,general,0.0000,0.0816
2025-02-19T08:00+10:00,general,0.0000,0.3317
2025-02-19T08:30+10:00,general,0.0000,0.4829
2025-02-19T09:00+10:00,general,0.0000,0.6676
2025-02-19T09:30+10:00,general,0.0000,0.8727
2025-02-19T10:00+10:00,general,0.0000,0.9870
2025-02-19T10:30+10:00,general,0.0000,1.1211
2025-02-19T11:00+10:00,general,0.0000,1.2344
2025-02-19T11:30+10:00,general,0.0000,1.2795
2025-02-19T12:00+10:00,general,0.0000,1.3302
2025-02-19T12:30+10:00,general,0.0000,1.3330
2025-02-19T13:00+10:00,general,0.0000,1.3433
2025-02-19T13:30+10:00,general,0.0000,1.2702
2025-02-19T14:00+10:00,general,0.0000,1.2048
2025-02-19T14:30+10:00,general,0.0000,1.1187
2025-02-19T15:00+10:00,general,0.0000,0.9884
2025-02-19T15:30+10:00,general,0.0000,0.7923
2025-02-19T16:00+10:00,general,0.0000,0.6360
2025-02-19T16:30+10:00,general,0.0000,0.3433
2025-02-19T17:00+10:00,general,0.0000,0.1833
2025-02-19T17:30+10:00,general,0.1610,0.0000
2025-02-19T18:00+10:00,general,0.4132,0.0000
2025-02-19T18:30+10:00,general,0.5542,0.0000
2025-02-19T19:00+10:00,general,0.6543,0.0000
2025-02-19T19:30+10:00,general,0.7567,0.0000
2025-02-19T20:00+10:00,general,0.7206,0.0000
2025-02-19T20:30+10:00,general,0.6795,0.0000
2025-02-19T21:00+10:00,general,0.5313,0.0000
2025-02-19T21:30+10:00,general,0.4613,0.0000
2025-02-19T22:00+10:00,general,0.3788,0.0000
2025-02-19T22:30+10:00,general,0.3092,0.0000
2025-02-19T23:00+10:00,general,0.3084,0.0000
2025-02-19T23:30+10:00,general,0.2206,0.0000
2025-02-20T00:00+10:00,general,0.2170,0.0000
2025-02-20T00:30+10:00,general,0.1457,0.0000
2025-02-20T01:00+10:00,general,0.1582,0.0000
2025-02-20T01:30+10:00,general,0.1425,0.0000
2025-02-20T02:00+10:00,general,0.1651,0.0000
2025-02-20T02:30+10:00,general,0.1684,0.0000
2025-02-20T03:00+10:00,general,0.1483,0.0000
2025-02-20T03:30+10:00,general,0.1416,0.0000
2025-02-20T04:00+10:00,general,0.1584,0.0000
2025-02-20T04:30+10:00,general,0.1794,0.0000
2025-02-20T05:00+10:00,general,0.1719,0.0000
2025-02-20T05:30+10:00,general,0.2157,0.0000
2025-02-20T06:00+10:00,general,0.2278,0.0000
2025-02-20T06:30+10:00,general,0.2549,0.0000
2025-02-20T07:00+10:00,general,0.0335,0.0000
2025-02-20T07:30+10:00,general,0.0000,0.1443
2025-02-20T08:00+10:00,general,0.0000,0.2777
2025-02-20T08:30+10:00,general,0.0000,0.4735
2025-02-20T09:00+10:00,general,0.0000,0.7129
2025-02-20T09:30+10:00,general,0.0000,0.8458
2025-02-20T10:00+10:00,general,0.0000,0.9907
2025-02-20T10:30+10:00,general,0.0000,1.1141
2025-02-20T11:00+10:00,general,0.0000,1.2085
2025-02-20T11:30+10:00,general,0.0000,1.2822
2025-02-20T12:00+10:00,general,0.0000,1.3430
2025-02-20T12:30+10:00,general,0.0000,1.3125
2025-02-20T13:00+10:00,general,0.0000,1.3166
2025-02-20T13:30+10:00,general,0.0000,1.2750
2025-02-20T14:00+10:00,general,0.0000,1.1821
2025-02-20T14:30+10:00,general,0.0000,1.0786
2025-02-20T15:00+10:00,general,0.0000,0.9547
2025-02-20T15:30+10:00,general,0.0000,0.8271
2025-02-20T16:00+10:00,general,0.0000,0.5880
2025-02-20T16:30+10:00,general,0.0000,0.4407
2025-02-20T17:00+10:00,general,0.0000,0.1846
2025-02-20T17:30+10:00,general,0.0830,0.0000
2025-02-20T18:00+10:00,general,0.3592,0.0000
2025-02-20T18:30+10:00,general,0.6546,0.0000
2025-02-20T19:00+10:00,general,0.6675,0.0000
2025-02-20T19:30+10:00,general,0.6058,0.0000
2025-02-20T20:00+10:00,general,0.6200,0.0000
2025-02-20T20:30+10:00,general,0.5457,0.0000
2025-02-20T21:00+10:00,general,0.5835,0.0000
2025-02-20T21:30+10:00,general,0.4510,0.0000
2025-02-20T22:00+10:00,general,0.4446,0.0000
2025-02-20T22:30+10:00,general,0.3561,0.0000
2025-02-20T23:00+10:00,general,0.2698,0.0000
2025-02-20T23:30+10:00,general,0.2650,0.0000
2025-02-21T00:00+10:00,general,0.2184,0.0000
2025-02-21T00:30+10:00,general,0.1594,0.0000
2025-02-21T01:00+10:00,general,0.1286,0.0000
2025-02-21T01:30+10:00,general,0.1355,0.0000
2025-02-21T02:00+10:00,general,0.1307,0.0000
2025-02-21T02:30+10:00,general,0.1353,0.0000
2025-02-21T03:00+10:00,general,0.1663,0.0000
2025-02-21T03:30+10:00,general,0.1458,0.0000
2025-02-21T04:00+10:00,general,0.1390,0.0000
2025-02-21T04:30+10:00,general,0.1382,0.0000
2025-02-21T05:00+10:00,general,0.1602,0.0000
2025-02-21T05:30+10:00,general,0.1955,0.0000
2025-02-21T06:00+10:00,general,0.1975,0.0000
2025-02-21T06:30+10:00,general,0.2763,0.0000
2025-02-21T07:00+10:00,general,0.0542,0.0000
2025-02-21T07:30+10:00,general,0.0000,0.1134
2025-02-21T08:00+10:00,general,0.0000,0.3367
2025-02-21T08:30+10:00,general,0.0000,0.4690
2025-02-21T09:00+10:00,general,0.0000,0.6577
2025-02-21T09:30+10:00,general,0.0000,0.8289
2025-02-21T10:00+10:00,general,0.0000,1.0267
2025-02-21T10:30+10:00,general,0.0000,1.1170
2025-02-21T11:00+10:00,general,0.0000,1.2011
2025-02-21T11:30+10:00,general,0.0000,1.2836
2025-02-21T12:00+10:00,general,0.0000,1.3329
2025-02-21T12:30+10:00,general,0.0000,1.3293
2025-02-21T13:00+10:00,general,0.0000,1.2931
2025-02-21T13:30+10:00,general,0.0000,1.2674
2025-02-21T14:00+10:00,general,0.0000,1.2029
2025-02-21T14:30+10:00,general,0.0000,1.0756
2025-02-21T15:00+10:00,general,0.0000,0.9640
2025-02-21T15:30+10:00,general,0.0000,0.8330
2025-02-21T16:00+10:00,general,0.0000,0.6480
2025-02-21T16:30+10:00,general,0.0000,0.3524
2025-02-21T17:00+10:00,general,0.0000,0.1720
2025-02-21T17:30+10:00,general,0.0684,0.0000
2025-02-21T18:00+10:00,general,0.4305,0.0000
2025-02-21T18:30+10:00,general,0.5615,0.0000
2025-02-21T19:00+10:00,general,0.6620,0.0000
2025-02-21T19:30+10:00,general,0.7773,0.0000
2025-02-21T20:00+10:00,general,0.6390,0.0000
2025-02-21T20:30+10:00,general,0.5654,0.0000
2025-02-21T21:00+10:00,general,0.6086,0.0000
2025-02-21T21:30+10:00,general,0.5099,0.0000
2025-02-21T22:00+10:00,general,0.3879,0.0000
2025-02-21T22:30+10:00,general,0.3818,0.0000
2025-02-21T23:00+10:00,general,0.2976,0.0000
2025-02-21T23:30+10:00,general,0.2569,0.0000
2025-02-22T00:00+10:00,general,0.1762,0.0000
2025-02-22T00:30+10:00,general,0.1438,0.0000
2025-02-22T01:00+10:00,general,0.1585,0.0000
2025-02-22T01:30+10:00,general,0.1331,0.0000
2025-02-22T02:00+10:00,general,0.1628,0.0000
2025-02-22T02:30+10:00,general,0.1407,0.0000
2025-02-22T03:00+10:00,general,0.1468,0.0000
2025-02-22T03:30+10:00,general,0.1507,0.0000
2025-02-22T04:00+10:00,general,0.1429,0.0000
2025-02-22T04:30+10:00,general,0.1768,0.0000
2025-02-22T05:00+10:00,general,0.1933,0.0000
2025-02-22T05:30+10:00,general,0.1631,0.0000
2025-02-22T06:00+10:00,general,0.1967,0.0000
2025-02-22T06:30+10:00,general,0.2443,0.0000
2025-02-22T07:00+10:00,general,0.0937,0.0000
2025-02-22T07:30+10:00,general,0.0000,0.0904
2025-02-22T08:00+10:00,general,0.0000,0.2700
2025-02-22T08:30+10:00,general,0.0000,0.5096
2025-02-22T09:00+10:00,general,0.0000,0.6705
2025-02-22T09:30+10:00,general,0.0000,0.8481
2025-02-22T10:00+10:00,general,0.0000,0.9738
2025-02-22T10:30+10:00,general,0.0000,1.1378
2025-02-22T11:00+10:00,general,0.0000,1.2009
2025-02-22T11:30+10:00,general,0.0000,1.2891
2025-02-22T12:00+10:00,general,0.0000,1.2983
2025-02-22T12:30+10:00,general,0.0000,1.3109
2025-02-22T13:00+10:00,general,0.0000,1.3312
2025-02-22T13:30+10:00,general,0.0000,1.2533
2025-02-22T14:00+10:00,general,0.0000,1.2022
2025-02-22T14:30+10:00,general,0.0000,1.0906
2025-02-22T15:00+10:00,general,0.0000,0.9871
2025-02-22T15:30+10:00,general,0.0000,0.7955
2025-02-22T16:00+10:00,general,0.0000,0.6535
2025-02-22T16:30+10:00,general,0.0000,0.3556
2025-02-22T17:00+10:00,general,0.0000,0.1519
2025-02-22T17:30+10:00,general,0.1184,0.0000
2025-02-22T18:00+10:00,general,0.4534,0.0000
2025-02-22T18:30+10:00,general,0.5680,0.0000
2025-02-22T19:00+10:00,general,0.7623,0.0000
2025-02-22T19:30+10:00,general,0.7866,0.0000
2025-02-22T20:00+10:00,general,0.6477,0.0000
2025-02-22T20:30+10:00,general,0.7023,0.0000
2025-02-22T21:00+10:00,general,0.5823,0.0000
2025-02-22T21:30+10:00,general,0.5001,0.0000
2025-02-22T22:00+10:00,general,0.3783,0.0000
2025-02-22T22:30+10:00,general,0.3668,0.0000
2025-02-22T23:00+10:00,general,0.3081,0.0000
2025-02-22T23:30+10:00,general,0.2381,0.0000
2025-02-23T00:00+10:00,general,0.2189,0.0000
2025-02-23T00:30+10:00,general,0.1648,0.0000
2025-02-23T01:00+10:00,general,0.1596,0.0000
2025-02-23T01:30+10:00,general,0.1673,0.0000
2025-02-23T02:00+10:00,general,0.1546,0.0000
2025-02-23T02:30+10:00,general,0.1581,0.0000
2025-02-23T03:00+10:00,general,0.1581,0.0000
2025-02-23T03:30+10:00,general,0.1642,0.0000
2025-02-23T04:00+10:00,general,0.1732,0.0000
2025-02-23T04:30+10:00,general,0.1765,0.0000
2025-02-23T05:00+10:00,general,0.1676,0.0000
2025-02-23T05:30+10:00,general,0.1916,0.0000
2025-02-23T06:00+10:00,general,0.2086,0.0000
2025-02-23T06:30+10:00,general,0.2365,0.0000
2025-02-23T07:00+10:00,general,0.0468,0.0000
2025-02-23T07:30+10:00,general,0.0000,0.1005
2025-02-23T08:00+10:00,general,0.0000,0.3255
2025-02-23T08:30+10:00,general,0.0000,0.5007
2025-02-23T09:00+10:00,general,0.0000,0.6640
2025-02-23T09:30+10:00,general,0.0000,0.8777
2025-02-23T10:00+10:00,general,0.0000,0.9718
2025-02-23T10:30+10:00,general,0.0000,1.1246
2025-02-23T11:00+10:00,general,0.0000,1.1976
2025-02-23T11:30+10:00,general,0.0000,1.2908
2025-02-23T12:00+10:00,general,0.0000,1.3279
2025-02-23T12:30+10:00,general,0.0000,1.3135
2025-02-23T13:00+10:00,general,0.0000,1.2842
2025-02-23T13:30+10:00,general,0.0000,1.2604
2025-02-23T14:00+10:00,general,0.0000,1.2069
2025-02-23T14:30+10:00,general,0.0000,1.1171
2025-02-23T15:00+10:00,general,0.0000,0.9339
2025-02-23T15:30+10:00,general,0.0000,0.8304
2025-02-23T16:00+10:00,general,0.0000,0.5956
2025-02-23T16:30+10:00,general,0.0000,0.4077
2025-02-23T17:00+10:00,general,0.0000,0.1958
2025-02-23T17:30+10:00,general,0.1659,0.0000
2025-02-23T18:00+10:00,general,0.4350,0.0000
2025-02-23T18:30+10:00,general,0.5817,0.0000
2025-02-23T19:00+10:00,general,0.6347,0.0000
2025-02-23T19:30+10:00,general,0.7081,0.0000
2025-02-23T20:00+10:00,general,0.6302,0.0000
2025-02-23T20:30+10:00,general,0.5501,0.0000
2025-02-23T21:00+10:00,general,0.6045,0.0000
2025-02-23T21:30+10:00,general,0.5200,0.0000
2025-02-23T22:00+10:00,general,0.4027,0.0000
2025-02-23T22:30+10:00,general,0.3476,0.0000
2025-02-23T23:00+10:00,general,0.3101,0.0000
2025-02-23T23:30+10:00,general,0.2740,0.0000
2025-02-24T00:00+10:00,general,0.2201,0.0000
2025-02-24T00:30+10:00,general,0.1261,0.0000
2025-02-24T01:00+10:00,general,0.1288,0.0000
2025-02-24T01:30+10:00,general,0.1423,0.0000
2025-02-24T02:00+10:00,general,0.1565,0.0000
2025-02-24T02:30+10:00,general,0.1480,0.0000
2025-02-24T03:00+10:00,general,0.1407,0.0000
2025-02-24T03:30+10:00,general,0.1492,0.0000
2025-02-24T04:00+10:00,general,0.1601,0.0000
2025-02-24T04:30+10:00,general,0.1793,0.0000
2025-02-24T05:00+10:00,general,0.1907,0.0000
2025-02-24T05:30+10:00,general,0.2126,0.0000
2025-02-24T06:00+10:00,general,0.2472,0.0000
2025-02-24T06:30+10:00,general,0.2126,0.0000
2025-02-24T07:00+10:00,general,0.0339,0.0000
2025-02-24T07:30+10:00,general,0.0000,0.0795
2025-02-24T08:00+10:00,general,0.0000,0.2835
2025-02-24T08:30+10:00,general,0.0000,0.4608
2025-02-24T09:00+10:00,general,0.0000,0.7010
2025-02-24T09:30+10:00,general,0.0000,0.8240
2025-02-24T10:00+10:00,general,0.0000,1.0111
2025-02-24T10:30+10:00,general,0.0000,1.1300
2025-02-24T11:00+10:00,general,0.0000,1.2204
2025-02-24T11:30+10:00,general,0.0000,1.2552
2025-02-24T12:00+10:00,general,0.0000,1.2912
2025-02-24T12:30+10:00,general,0.0000,1.2954
2025-02-24T13:00+10:00,general,0.0000,1.3000
2025-02-24T13:30+10:00,general,0.0000,1.2665
2025-02-24T14:00+10:00,general,0.0000,1.1703
2025-02-24T14:30+10:00,general,0.0000,1.0835
2025-02-24T15:00+10:00,general,0.0000,0.9692
2025-02-24T15:30+10:00,general,0.0000,0.8175
2025-02-24T16:00+10:00,general,0.0000,0.5665
2025-02-24T16:30+10:00,general,0.0000,0.3880
2025-02-24T17:00+10:00,general,0.0000,0.1107
2025-02-24T17:30+10:00,general,0.1846,0.0000
2025-02-24T18:00+10:00,general,0.4360,0.0000
2025-02-24T18:30+10:00,general,0.5812,0.0000
2025-02-24T19:00+10:00,general,0.6734,0.0000
2025-02-24T19:30+10:00,general,0.7891,0.0000
2025-02-24T20:00+10:00,general,0.7064,0.0000
2025-02-24T20:30+10:00,general,0.5956,0.0000
2025-02-24T21:00+10:00,general,0.5512,0.0000
2025-02-24T21:30+10:00,general,0.5587,0.0000
2025-02-24T22:00+10:00,general,0.3652,0.0000
2025-02-24T22:30+10:00,general,0.3778,0.0000
2025-02-24T23:00+10:00,general,0.3007,0.0000
2025-02-24T23:30+10:00,general,0.2667,0.0000
2025-02-25T00:00+10:00,general,0.2059,0.0000
2025-02-25T00:30+10:00,general,0.1326,0.0000
2025-02-25T01:00+10:00,general,0.1667,0.0000
2025-02-25T01:30+10:00,general,0.1442,0.0000
2025-02-25T02:00+10:00,general,0.1313,0.0000
2025-02-25T02:30+10:00,general,0.1483,0.0000
2025-02-25T03:00+10:00,general,0.1400,0.0000
2025-02-25T03:30+10:00,general,0.1512,0.0000
2025-02-25T04:00+10:00,general,0.1712,0.0000
2025-02-25T04:30+10:00,general,0.1372,0.0000
2025-02-25T05:00+10:00,general,0.1888,0.0000
2025-02-25T05:30+10:00,general,0.1824,0.0000
2025-02-25T06:00+10:00,general,0.1950,0.0000
2025-02-25T06:30+10:00,general,0.2183,0.0000
2025-02-25T07:00+10:00,general,0.0852,0.0000
2025-02-25T07:30+10:00,general,0.0000,0.0908
2025-02-25T08:00+10:00,general,0.0000,0.3065
2025-02-25T08:30+10:00,general,0.0000,0.4672
2025-02-25T09:00+10:00,general,0.0000,0.6865
2025-02-25T09:30+10:00,general,0.0000,0.8667
2025-02-25T10:00+10:00,general,0.0000,0.9770
2025-02-25T10:30+10:00,general,0.0000,1.0908
2025-02-25T11:00+10:00,general,0.0000,1.1801
2025-02-25T11:30+10:00,general,0.0000,1.2626
2025-02-25T12:00+10:00,general,0.0000,1.3237
2025-02-25T12:30+10:00,general,0.0000,1.3187
2025-02-25T13:00+10:00,general,0.0000,1.2876
2025-02-25T13:30+10:00,general,0.0000,1.2650
2025-02-25T14:00+10:00,general,0.0000,1.1770
2025-02-25T14:30+10:00,general,0.0000,1.1117
2025-02-25T15:00+10:00,general,0.0000,0.9821
2025-02-25T15:30+10:00,general,0.0000,0.7815
2025-02-25T16:00+10:00,general,0.0000,0.5800
2025-02-25T16:30+10:00,general,0.0000,0.3660
2025-02-25T17:00+10:00,general,0.0000,0.1012
2025-02-25T17:30+10:00,general,0.1399,0.0000
2025-02-25T18:00+10:00,general,0.4424,0.0000
2025-02-25T18:30+10:00,general,0.6897,0.0000
2025-02-25T19:00+10:00,general,0.5855,0.0000
2025-02-25T19:30+10:00,general,0.6653,0.0000
2025-02-25T20:00+10:00,general,0.6036,0.0000
2025-02-25T20:30+10:00,general,0.6257,0.0000
2025-02-25T21:00+10:00,general,0.5898,0.0000
2025-02-25T21:30+10:00,general,0.5039,0.0000
2025-02-25T22:00+10:00,general,0.4663,0.0000
2025-02-25T22:30+10:00,general,0.3967,0.0000
2025-02-25T23:00+10:00,general,0.2941,0.0000
2025-02-25T23:30+10:00,general,0.2726,0.0000
2025-02-26T00:00+10:00,general,0.2310,0.0000
2025-02-26T00:30+10:00,general,0.1560,0.0000
2025-02-26T01:00+10:00,general,0.1514,0.0000
2025-02-26T01:30+10:00,general,0.1655,0.0000
2025-02-26T02:00+10:00,general,0.1666,0.0000
2025-02-26T02:30+10:00,general,0.1510,0.0000
2025-02-26T03:00+10:00,general,0.1508,0.0000
2025-02-26T03:30+10:00,general,0.1392,0.0000
2025-02-26T04:00+10:00,general,0.1416,0.0000
2025-02-26T04:30+10:00,general,0.1535,0.0000
2025-02-26T05:00+10:00,general,0.1629,0.0000
2025-02-26T05:30+10:00,general,0.2153,0.0000
2025-02-26T06:00+10:00,general,0.2431,0.0000
2025-02-26T06:30+10:00,general,0.2528,0.0000
2025-02-26T07:00+10:00,general,0.0632,0.0000
2025-02-26T07:30+10:00,general,0.0000,0.0892
2025-02-26T08:00+10:00,general,0.0000,0.3061
2025-02-26T08:30+10:00,general,0.0000,0.4625
2025-02-26T09:00+10:00,general,0.0000,0.6965
2025-02-26T09:30+10:00,general,0.0000,0.8646
2025-02-26T10:00+10:00,general,0.0000,0.9946
2025-02-26T10:30+10:00,general,0.0000,1.0804
2025-02-26T11:00+10:00,general,0.0000,1.2173
2025-02-26T11:30+10:00,general,0.0000,1.2400
2025-02-26T12:00+10:00,general,0.0000,1.2932
2025-02-26T12:30+10:00,general,0.0000,1.3281
2025-02-26T13:00+10:00,general,0.0000,1.2979
2025-02-26T13:30+10:00,general,0.0000,1.2451
2025-02-26T14:00+10:00,general,0.0000,1.1749
2025-02-26T14:30+10:00,general,0.0000,1.1046
2025-02-26T15:00+10:00,general,0.0000,0.9255
2025-02-26T15:30+10:00,general,0.0000,0.8102
2025-02-26T16:00+10:00,general,0.0000,0.5912
2025-02-26T16:30+10:00,general,0.0000,0.3338
2025-02-26T17:00+10:00,general,0.0000,0.1491
2025-02-26T17:30+10:00,general,0.1915,0.0000
2025-02-26T18:00+10:00,general,0.4240,0.0000
2025-02-26T18:30+10:00,general,0.6988,0.0000
2025-02-26T19:00+10:00,general,0.7012,0.0000
2025-02-26T19:30+10:00,general,0.7611,0.0000
2025-02-26T20:00+10:00,general,0.7300,0.0000
2025-02-26T20:30+10:00,general,0.5925,0.0000
2025-02-26T21:00+10:00,general,0.5331,0.0000
2025-02-26T21:30+10:00,general,0.5672,0.0000
2025-02-26T22:00+10:00,general,0.4734,0.0000
2025-02-26T22:30+10:00,general,0.3451,0.0000
2025-02-26T23:00+10:00,general,0.3089,0.0000
2025-02-26T23:30+10:00,general,0.2744,0.0000
2025-02-27T00:00+10:00,general,0.2199,0.0000
2025-02-27T00:30+10:00,general,0.1563,0.0000
2025-02-27T01:00+10:00,general,0.1626,0.0000
2025-02-27T01:30+10:00,general,0.1338,0.0000
2025-02-27T02:00+10:00,general,0.1546,0.0000
2025-02-27T02:30+10:00,general,0.1393,0.0000
2025-02-27T03:00+10:00,general,0.1437,0.0000
2025-02-27T03:30+10:00,general,0.1350,0.0000
2025-02-27T04:00+10:00,general,0.1543,0.0000
2025-02-27T04:30+10:00,general,0.1773,0.0000
2025-02-27T05:00+10:00,general,0.1592,0.0000
2025-02-27T05:30+10:00,general,0.2172,0.0000
2025-02-27T06:00+10:00,general,0.2459,0.0000
2025-02-27T06:30+10:00,general,0.2579,0.0000
2025-02-27T07:00+10:00,general,0.0396,0.0000
2025-02-27T07:30+10:00,general,0.0000,0.0797
2025-02-27T08:00+10:00,general,0.0000,0.3001
2025-02-27T08:30+10:00,general,0.0000,0.4597
2025-02-27T09:00+10:00,general,0.0000,0.6900
2025-02-27T09:30+10:00,general,0.0000,0.8190
2025-02-27T10:00+10:00,general,0.0000,0.9853
2025-02-27T10:30+10:00,general,0.0000,1.0843
2025-02-27T11:00+10:00,general,0.0000,1.1807
2025-02-27T11:30+10:00,general,0.0000,1.2475
2025-02-27T12:00+10:00,general,0.0000,1.2999
2025-02-27T12:30+10:00,general,0.0000,1.3145
2025-02-27T13:00+10:00,general,0.0000,1.2914
2025-02-27T13:30+10:00,general,0.0000,1.2455
2025-02-27T14:00+10:00,general,0.0000,1.1863
2025-02-27T14:30+10:00,general,0.0000,1.0810
2025-02-27T15:00+10:00,general,0.0000,0.9397
2025-02-27T15:30+10:00,general,0.0000,0.8177
2025-02-27T16:00+10:00,general,0.0000,0.5610
2025-02-27T16:30+10:00,general,0.0000,0.4022
2025-02-27T17:00+10:00,general,0.0000,0.1625
2025-02-27T17:30+10:00,general,0.0637,0.0000
2025-02-27T18:00+10:00,general,0.3595,0.0000
2025-02-27T18:30+10:00,general,0.5839,0.0000
2025-02-27T19:00+10:00,general,0.6244,0.0000
2025-02-27T19:30+10:00,general,0.7884,0.0000
2025-02-27T20:00+10:00,general,0.6218,0.0000
2025-02-27T20:30+10:00,general,0.6146,0.0000
2025-02-27T21:00+10:00,general,0.5983,0.0000
2025-02-27T21:30+10:00,general,0.5712,0.0000
2025-02-27T22:00+10:00,general,0.4609,0.0000
2025-02-27T22:30+10:00,general,0.3767,0.0000
2025-02-27T23:00+10:00,general,0.2737,0.0000
2025-02-27T23:30+10:00,general,0.2300,0.0000
2025-02-28T00:00+10:00,general,0.1998,0.0000
2025-02-28T00:30+10:00,general,0.1386,0.0000
2025-02-28T01:00+10:00,general,0.1577,0.0000
2025-02-28T01:30+10:00,general,0.1422,0.0000
2025-02-28T02:00+10:00,general,0.1542,0.0000
2025-02-28T02:30+10:00,general,0.1439,0.0000
2025-02-28T03:00+10:00,general,0.1547,0.0000
2025-02-28T03:30+10:00,general,0.1273,0.0000
2025-02-28T04:00+10:00,general,0.1666,0.0000
2025-02-28T04:30+10:00,general,0.1664,0.0000
2025-02-28T05:00+10:00,general,0.1683,0.0000
2025-02-28T05:30+10:00,general,0.1670,0.0000
2025-02-28T06:00+10:00,general,0.2187,0.0000
2025-02-28T06:30+10:00,general,0.2633,0.0000
2025-02-28T07:00+10:00,general,0.0935,0.0000
2025-02-28T07:30+10:00,general,0.0000,0.1305
2025-02-28T08:00+10:00,general,0.0000,0.2793
2025-02-28T08:30+10:00,general,0.0000,0.5180
2025-02-28T09:00+10:00,general,0.0000,0.6886
2025-02-28T09:30+10:00,general,0.0000,0.8376
2025-02-28T10:00+10:00,general,0.0000,0.9927
2025-02-28T10:30+10:00,general,0.0000,1.1046
2025-02-28T11:00+10:00,general,0.0000,1.1638
2025-02-28T11:30+10:00,general,0.0000,1.2294
2025-02-28T12:00+10:00,general,0.0000,1.2765
2025-02-28T12:30+10:00,general,0.0000,1.2965
2025-02-28T13:00+10:00,general,0.0000,1.2647
2025-02-28T13:30+10:00,general,0.0000,1.2206
2025-02-28T14:00+10:00,general,0.0000,1.1538
2025-02-28T14:30+10:00,general,0.0000,1.0572
2025-02-28T15:00+10:00,general,0.0000,0.9521
2025-02-28T15:30+10:00,general,0.0000,0.7676
2025-02-28T16:00+10:00,general,0.0000,0.6034
2025-02-28T16:30+10:00,general,0.0000,0.4114
2025-02-28T17:00+10:00,general,0.0000,0.0891
2025-02-28T17:30+10:00,general,0.0790,0.0000
2025-02-28T18:00+10:00,general,0.3070,0.0000
2025-02-28T18:30+10:00,general,0.5737,0.0000
2025-02-28T19:00+10:00,general,0.7331,0.0000
2025-02-28T19:30+10:00,general,0.6395,0.0000
2025-02-28T20:00+10:00,general,0.7156,0.0000
2025-02-28T20:30+10:00,general,0.6112,0.0000
2025-02-28T21:00+10:00,general,0.5115,0.0000
2025-02-28T21:30+10:00,general,0.4926,0.0000
2025-02-28T22:00+10:00,general,0.4820,0.0000
2025-02-28T22:30+10:00,general,0.3004,0.0000
2025-02-28T23:00+10:00,general,0.2970,0.0000
2025-02-28T23:30+10:00,general,0.2389,0.0000
2025-03-01T00:00+10:00,general,0.1786,0.0000
2025-03-01T00:30+10:00,general,0.1440,0.0000
2025-03-01T01:00+10:00,general,0.1450,0.0000
2025-03-01T01:30+10:00,general,0.1566,0.0000
2025-03-01T02:00+10:00,general,0.1280,0.0000
2025-03-01T02:30+10:00,general,0.1423,0.0000
2025-03-01T03:00+10:00,general,0.1467,0.0000
2025-03-01T03:30+10:00,general,0.1314,0.0000
2025-03-01T04:00+10:00,general,0.1573,0.0000
2025-03-01T04:30+10:00,general,0.1433,0.0000
2025-03-01T05:00+10:00,general,0.1786,0.0000
2025-03-01T05:30+10:00,general,0.1688,0.0000
2025-03-01T06:00+10:00,general,0.2138,0.0000
2025-03-01T06:30+10:00,general,0.2093,0.0000
2025-03-01T07:00+10:00,general,0.0767,0.0000
2025-03-01T07:30+10:00,general,0.0000,0.0704
2025-03-01T08:00+10:00,general,0.0000,0.2893
2025-03-01T08:30+10:00,general,0.0000,0.5109
2025-03-01T09:00+10:00,general,0.0000,0.6364
2025-03-01T09:30+10:00,general,0.0000,0.8409
2025-03-01T10:00+10:00,general,0.0000,0.9819
2025-03-01T10:30+10:00,general,0.0000,1.0801
2025-03-01T11:00+10:00,general,0.0000,1.1915
2025-03-01T11:30+10:00,general,0.0000,1.2427
2025-03-01T12:00+10:00,general,0.0000,1.2750
2025-03-01T12:30+10:00,general,0.0000,1.3150
2025-03-01T13:00+10:00,general,0.0000,1.2612
2025-03-01T13:30+10:00,general,0.0000,1.2281
2025-03-01T14:00+10:00,general,0.0000,1.1545
2025-03-01T14:30+10:00,general,0.0000,1.0877
2025-03-01T15:00+10:00,general,0.0000,0.9551
2025-03-01T15:30+10:00,general,0.0000,0.7684
2025-03-01T16:00+10:00,general,0.0000,0.5679
2025-03-01T16:30+10:00,general,0.0000,0.4097
2025-03-01T17:00+10:00,general,0.0000,0.1154
2025-03-01T17:30+10:00,general,0.1536,0.0000
2025-03-01T18:00+10:00,general,0.3793,0.0000
2025-03-01T18:30+10:00,general,0.6847,0.0000
2025-03-01T19:00+10:00,general,0.6041,0.0000
2025-03-01T19:30+10:00,general,0.5929,0.0000
2025-03-01T20:00+10:00,general,0.6686,0.0000
2025-03-01T20:30+10:00,general,0.6847,0.0000
2025-03-01T21:00+10:00,general,0.6157,0.0000
2025-03-01T21:30+10:00,general,0.5683,0.0000
2025-03-01T22:00+10:00,general,0.4428,0.0000
2025-03-01T22:30+10:00,general,0.3979,0.0000
2025-03-01T23:00+10:00,general,0.2543,0.0000
2025-03-01T23:30+10:00,general,0.2679,0.0000
2025-03-02T00:00+10:00,general,0.2006,0.0000
2025-03-02T00:30+10:00,general,0.1458,0.0000
2025-03-02T01:00+10:00,general,0.1485,0.0000
2025-03-02T01:30+10:00,general,0.1622,0.0000
2025-03-02T02:00+10:00,general,0.1653,0.0000
2025-03-02T02:30+10:00,general,0.1366,0.0000
2025-03-02T03:00+10:00,general,0.1418,0.0000
2025-03-02T03:30+10:00,general,0.1438,0.0000
2025-03-02T04:00+10:00,general,0.1494,0.0000
2025-03-02T04:30+10:00,general,0.1440,0.0000
2025-03-02T05:00+10:00,general,0.1739,0.0000
2025-03-02T05:30+10:00,general,0.1979,0.0000
2025-03-02T06:00+10:00,general,0.2193,0.0000
2025-03-02T06:30+10:00,general,0.2293,0.0000
2025-03-02T07:00+10:00,general,0.0945,0.0000
2025-03-02T07:30+10:00,general,0.0000,0.0697
2025-03-02T08:00+10:00,general,0.0000,0.2859
2025-03-02T08:30+10:00,general,0.0000,0.5072
2025-03-02T09:00+10:00,general,0.0000,0.6774
2025-03-02T09:30+10:00,general,0.0000,0.8224
2025-03-02T10:00+10:00,general,0.0000,0.9691
2025-03-02T10:30+10:00,general,0.0000,1.1033
2025-03-02T11:00+10:00,general,0.0000,1.1678
2025-03-02T11:30+10:00,general,0.0000,1.2376
2025-03-02T12:00+10:00,general,0.0000,1.2747
2025-03-02T12:30+10:00,general,0.0000,1.3077
2025-03-02T13:00+10:00,general,0.0000,1.2821
2025-03-02T13:30+10:00,general,0.0000,1.2550
2025-03-02T14:00+10:00,general,0.0000,1.1697
2025-03-02T14:30+10:00,general,0.0000,1.0441
2025-03-02T15:00+10:00,general,0.0000,0.9440
2025-03-02T15:30+10:00,general,0.0000,0.7519
2025-03-02T16:00+10:00,general,0.0000,0.5547
2025-03-02T16:30+10:00,general,0.0000,0.3459
2025-03-02T17:00+10:00,general,0.0000,0.1641
2025-03-02T17:30+10:00,general,0.1458,0.0000
2025-03-02T18:00+10:00,general,0.4452,0.0000
2025-03-02T18:30+10:00,general,0.5864,0.0000
2025-03-02T19:00+10:00,general,0.6557,0.0000
2025-03-02T19:30+10:00,general,0.7578,0.0000
2025-03-02T20:00+10:00,general,0.6330,0.0000
2025-03-02T20:30+10:00,general,0.6644,0.0000
2025-03-02T21:00+10:00,general,0.5281,0.0000
2025-03-02T21:30+10:00,general,0.5034,0.0000
2025-03-02T22:00+10:00,general,0.3849,0.0000
2025-03-02T22:30+10:00,general,0.3961,0.0000
2025-03-02T23:00+10:00,general,0.2577,0.0000
2025-03-02T23:30+10:00,general,0.2467,0.0000
2025-03-03T00:00+10:00,general,0.2260,0.0000
2025-03-03T00:30+10:00,general,0.1408,0.0000
2025-03-03T01:00+10:00,general,0.1325,0.0000
2025-03-03T01:30+10:00,general,0.1689,0.0000
2025-03-03T02:00+10:00,general,0.1445,0.0000
2025-03-03T02:30+10:00,general,0.1450,0.0000
2025-03-03T03:00+10:00,general,0.1266,0.0000
2025-03-03T03:30+10:00,general,0.1601,0.0000
2025-03-03T04:00+10:00,general,0.1569,0.0000
2025-03-03T04:30+10:00,general,0.1546,0.0000
2025-03-03T05:00+10:00,general,0.1983,0.0000
2025-03-03T05:30+10:00,general,0.1654,0.0000
2025-03-03T06:00+10:00,general,0.2424,0.0000
2025-03-03T06:30+10:00,general,0.2408,0.0000
2025-03-03T07:00+10:00,general,0.0447,0.0000
2025-03-03T07:30+10:00,general,0.0000,0.1439
2025-03-03T08:00+10:00,general,0.0000,0.2971
2025-03-03T08:30+10:00,general,0.0000,0.4472
2025-03-03T09:00+10:00,general,0.0000,0.6653
2025-03-03T09:30+10:00,general,0.0000,0.8133
2025-03-03T10:00+10:00,general,0.0000,0.9903
2025-03-03T10:30+10:00,general,0.0000,1.0835
2025-03-03T11:00+10:00,general,0.0000,1.1960
2025-03-03T11:30+10:00,general,0.0000,1.2178
2025-03-03T12:00+10:00,general,0.0000,1.2628
2025-03-03T12:30+10:00,general,0.0000,1.2861
2025-03-03T13:00+10:00,general,0.0000,1.2556
2025-03-03T13:30+10:00,general,0.0000,1.2506
2025-03-03T14:00+10:00,general,0.0000,1.1586
2025-03-03T14:30+10:00,general,0.0000,1.0839
2025-03-03T15:00+10:00,general,0.0000,0.9065
2025-03-03T15:30+10:00,general,0.0000,0.7421
2025-03-03T16:00+10:00,general,0.0000,0.6246
2025-03-03T16:30+10:00,general,0.0000,0.3733
2025-03-03T17:00+10:00,general,0.0000,0.1195
2025-03-03T17:30+10:00,general,0.1523,0.0000
2025-03-03T18:00+10:00,general,0.3643,0.0000
2025-03-03T18:30+10:00,general,0.6886,0.0000
2025-03-03T19:00+10:00,general,0.7813,0.0000
2025-03-03T19:30+10:00,general,0.6693,0.0000
2025-03-03T20:00+10:00,general,0.5963,0.0000
2025-03-03T20:30+10:00,general,0.7314,0.0000
2025-03-03T21:00+10:00,general,0.5160,0.0000
2025-03-03T21:30+10:00,general,0.4593,0.0000
2025-03-03T22:00+10:00,general,0.3926,0.0000
2025-03-03T22:30+10:00,general,0.3715,0.0000
2025-03-03T23:00+10:00,general,0.2491,0.0000
2025-03-03T23:30+10:00,general,0.2566,0.0000
2025-03-04T00:00+10:00,general,0.2285,0.0000
2025-03-04T00:30+10:00,general,0.1314,0.0000
2025-03-04T01:00+10:00,general,0.1420,0.0000
2025-03-04T01:30+10:00,general,0.1630,0.0000
2025-03-04T02:00+10:00,general,0.1410,0.0000
2025-03-04T02:30+10:00,general,0.1526,0.0000
2025-03-04T03:00+10:00,general,0.1677,0.0000
2025-03-04T03:30+10:00,general,0.1693,0.0000
2025-03-04T04:00+10:00,general,0.1605,0.0000
2025-03-04T04:30+10:00,general,0.1712,0.0000
2025-03-04T05:00+10:00,general,0.1776,0.0000
2025-03-04T05:30+10:00,general,0.2002,0.0000
2025-03-04T06:00+10:00,general,0.2442,0.0000
2025-03-04T06:30+10:00,general,0.2351,0.0000
2025-03-04T07:00+10:00,general,0.0624,0.0000
2025-03-04T07:30+10:00,general,0.0000,0.1247
2025-03-04T08:00+10:00,general,0.0000,0.2587
2025-03-04T08:30+10:00,general,0.0000,0.4770
2025-03-04T09:00+10:00,general,0.0000,0.6408
2025-03-04T09:30+10:00,general,0.0000,0.8373
2025-03-04T10:00+10:00,general,0.0000,0.9370
2025-03-04T10:30+10:00,general,0.0000,1.0720
2025-03-04T11:00+10:00,general,0.0000,1.1460
2025-03-04T11:30+10:00,general,0.0000,1.2229
2025-03-04T12:00+10:00,general,0.0000,1.2830
2025-03-04T12:30+10:00,general,0.0000,1.2772
2025-03-04T13:00+10:00,general,0.0000,1.2730
2025-03-04T13:30+10:00,general,0.0000,1.2045
2025-03-04T14:00+10:00,general,0.0000,1.1700
2025-03-04T14:30+10:00,general,0.0000,1.0350
2025-03-04T15:00+10:00,general,0.0000,0.9038
2025-03-04T15:30+10:00,general,0.0000,0.7454
2025-03-04T16:00+10:00,general,0.0000,0.5941
2025-03-04T16:30+10:00,general,0.0000,0.3946
2025-03-04T17:00+10:00,general,0.0000,0.1411
2025-03-04T17:30+10:00,general,0.0851,0.0000
2025-03-04T18:00+10:00,general,0.3864,0.0000
2025-03-04T18:30+10:00,general,0.6108,0.0000
2025-03-04T19:00+10:00,general,0.7644,0.0000
2025-03-04T19:30+10:00,general,0.7910,0.0000
2025-03-04T20:00+10:00,general,0.5875,0.0000
2025-03-04T20:30+10:00,general,0.6590,0.0000
2025-03-04T21:00+10:00,general,0.5972,0.0000
2025-03-04T21:30+10:00,general,0.5559,0.0000
2025-03-04T22:00+10:00,general,0.4200,0.0000
2025-03-04T22:30+10:00,general,0.3801,0.0000
2025-03-04T23:00+10:00,general,0.3130,0.0000
2025-03-04T23:30+10:00,general,0.2264,0.0000
2025-03-05T00:00+10:00,general,0.1875,0.0000
2025-03-05T00:30+10:00,general,0.1356,0.0000
2025-03-05T01:00+10:00,general,0.1515,0.0000
2025-03-05T01:30+10:00,general,0.1423,0.0000
2025-03-05T02:00+10:00,general,0.1565,0.0000
2025-03-05T02:30+10:00,general,0.1333,0.0000
2025-03-05T03:00+10:00,general,0.1276,0.0000
2025-03-05T03:30+10:00,general,0.1669,0.0000
2025-03-05T04:00+10:00,general,0.1554,0.0000
2025-03-05T04:30+10:00,general,0.1613,0.0000
2025-03-05T05:00+10:00,general,0.1556,0.0000
2025-03-05T05:30+10:00,general,0.1704,0.0000
2025-03-05T06:00+10:00,general,0.2177,0.0000
2025-03-05T06:30+10:00,general,0.2662,0.0000
2025-03-05T07:00+10:00,general,0.0796,0.0000
2025-03-05T07:30+10:00,general,0.0000,0.0958
2025-03-05T08:00+10:00,general,0.0000,0.3125
2025-03-05T08:30+10:00,general,0.0000,0.4563
2025-03-05T09:00+10:00,general,0.0000,0.6272
2025-03-05T09:30+10:00,general,0.0000,0.8108
2025-03-05T10:00+10:00,general,0.0000,0.9647
2025-03-05T10:30+10:00,general,0.0000,1.0581
2025-03-05T11:00+10:00,general,0.0000,1.1480
2025-03-05T11:30+10:00,general,0.0000,1.2448
2025-03-05T12:00+10:00,general,0.0000,1.2449
2025-03-05T12:30+10:00,general,0.0000,1.2788
2025-03-05T13:00+10:00,general,0.0000,1.2400
2025-03-05T13:30+10:00,general,0.0000,1.2361
2025-03-05T14:00+10:00,general,0.0000,1.1511
2025-03-05T14:30+10:00,general,0.0000,1.0539
2025-03-05T15:00+10:00,general,0.0000,0.9283
2025-03-05T15:30+10:00,general,0.0000,0.7841
2025-03-05T16:00+10:00,general,0.0000,0.6209
2025-03-05T16:30+10:00,general,0.0000,0.3269
2025-03-05T17:00+10:00,general,0.0000,0.1482
2025-03-05T17:30+10:00,general,0.0727,0.0000
2025-03-05T18:00+10:00,general,0.3575,0.0000
2025-03-05T18:30+10:00,general,0.6933,0.0000
2025-03-05T19:00+10:00,general,0.5953,0.0000
2025-03-05T19:30+10:00,general,0.7258,0.0000
2025-03-05T20:00+10:00,general,0.6654,0.0000
2025-03-05T20:30+10:00,general,0.5760,0.0000
2025-03-05T21:00+10:00,general,0.5010,0.0000
2025-03-05T21:30+10:00,general,0.5607,0.0000
2025-03-05T22:00+10:00,general,0.4386,0.0000
2025-03-05T22:30+10:00,general,0.3491,0.0000
2025-03-05T23:00+10:00,general,0.2657,0.0000
2025-03-05T23:30+10:00,general,0.2397,0.0000
2025-03-06T00:00+10:00,general,0.2222,0.0000
2025-03-06T00:30+10:00,general,0.1289,0.0000
2025-03-06T01:00+10:00,general,0.1597,0.0000
2025-03-06T01:30+10:00,general,0.1645,0.0000
2025-03-06T02:00+10:00,general,0.1609,0.0000
2025-03-06T02:30+10:00,general,0.1280,0.0000
2025-03-06T03:00+10:00,general,0.1539,0.0000
2025-03-06T03:30+10:00,general,0.1523,0.0000
2025-03-06T04:00+10:00,general,0.1305,0.0000
2025-03-06T04:30+10:00,general,0.1819,0.0000
2025-03-06T05:00+10:00,general,0.1850,0.0000
2025-03-06T05:30+10:00,general,0.2151,0.0000
2025-03-06T06:00+10:00,general,0.2034,0.0000
2025-03-06T06:30+10:00,general,0.2107,0.0000
2025-03-06T07:00+10:00,general,0.0526,0.0000
2025-03-06T07:30+10:00,general,0.0000,0.1214
2025-03-06T08:00+10:00,general,0.0000,0.2901
2025-03-06T08:30+10:00,general,0.0000,0.4445
2025-03-06T09:00+10:00,general,0.0000,0.6682
2025-03-06T09:30+10:00,general,0.0000,0.8074
2025-03-06T10:00+10:00,general,0.0000,0.9625
2025-03-06T10:30+10:00,general,0.0000,1.0605
2025-03-06T11:00+10:00,general,0.0000,1.1794
2025-03-06T11:30+10:00,general,0.0000,1.2356
2025-03-06T12:00+10:00,general,0.0000,1.2639
2025-03-06T12:30+10:00,general,0.0000,1.2864
2025-03-06T13:00+10:00,general,0.0000,1.2672
2025-03-06T13:30+10:00,general,0.0000,1.2254
2025-03-06T14:00+10:00,general,0.0000,1.1594
2025-03-06T14:30+10:00,general,0.0000,1.0643
2025-03-06T15:00+10:00,general,0.0000,0.9406
2025-03-06T15:30+10:00,general,0.0000,0.7814
2025-03-06T16:00+10:00,general,0.0000,0.5966
2025-03-06T16:30+10:00,general,0.0000,0.3197
2025-03-06T17:00+10:00,general,0.0000,0.1040
2025-03-06T17:30+10:00,general,0.1932,0.0000
2025-03-06T18:00+10:00,general,0.3131,0.0000
2025-03-06T18:30+10:00,general,0.5720,0.0000
2025-03-06T19:00+10:00,general,0.6094,0.0000
2025-03-06T19:30+10:00,general,0.6289,0.0000
2025-03-06T20:00+10:00,general,0.6791,0.0000
2025-03-06T20:30+10:00,general,0.6523,0.0000
2025-03-06T21:00+10:00,general,0.5439,0.0000
2025-03-06T21:30+10:00,general,0.5433,0.0000
2025-03-06T22:00+10:00,general,0.4380,0.0000
2025-03-06T22:30+10:00,general,0.3577,0.0000
2025-03-06T23:00+10:00,general,0.2787,0.0000
2025-03-06T23:30+10:00,general,0.2346,0.0000
2025-03-07T00:00+10:00,general,0.2130,0.0000
2025-03-07T00:30+10:00,general,0.1462,0.0000
2025-03-07T01:00+10:00,general,0.1461,0.0000
2025-03-07T01:30+10:00,general,0.1347,0.0000
2025-03-07T02:00+10:00,general,0.1325,0.0000
2025-03-07T02:30+10:00,general,0.1618,0.0000
2025-03-07T03:00+10:00,general,0.1304,0.0000
2025-03-07T03:30+10:00,general,0.1675,0.0000
2025-03-07T04:00+10:00,general,0.1382,0.0000
2025-03-07T04:30+10:00,general,0.1806,0.0000
2025-03-07T05:00+10:00,general,0.1483,0.0000
2025-03-07T05:30+10:00,general,0.1848,0.0000
2025-03-07T06:00+10:00,general,0.2403,0.0000
2025-03-07T06:30+10:00,general,0.2395,0.0000
2025-03-07T07:00+10:00,general,0.0560,0.0000
2025-03-07T07:30+10:00,general,0.0000,0.1215
2025-03-07T08:00+10:00,general,0.0000,0.2595
2025-03-07T08:30+10:00,general,0.0000,0.4505
2025-03-07T09:00+10:00,general,0.0000,0.6392
2025-03-07T09:30+10:00,general,0.0000,0.8284
2025-03-07T10:00+10:00,general,0.0000,0.9634
2025-03-07T10:30+10:00,general,0.0000,1.0825
2025-03-07T11:00+10:00,general,0.0000,1.1697
2025-03-07T11:30+10:00,general,0.0000,1.2217
2025-03-07T12:00+10:00,general,0.0000,1.2663
2025-03-07T12:30+10:00,general,0.0000,1.2573
2025-03-07T13:00+10:00,general,0.0000,1.2453
2025-03-07T13:30+10:00,general,0.0000,1.2098
2025-03-07T14:00+10:00,general,0.0000,1.1272
2025-03-07T14:30+10:00,general,0.0000,1.0701
2025-03-07T15:00+10:00,general,0.0000,0.9130
2025-03-07T15:30+10:00,general,0.0000,0.7418
2025-03-07T16:00+10:00,general,0.0000,0.5961
2025-03-07T16:30+10:00,general,0.0000,0.3482
2025-03-07T17:00+10:00,general,0.0000,0.0821
2025-03-07T17:30+10:00,general,0.0739,0.0000
2025-03-07T18:00+10:00,general,0.4170,0.0000
2025-03-07T18:30+10:00,general,0.6827,0.0000
2025-03-07T19:00+10:00,general,0.5962,0.0000
2025-03-07T19:30+10:00,general,0.7273,0.0000
2025-03-07T20:00+10:00,general,0.7598,0.0000
2025-03-07T20:30+10:00,general,0.5492,0.0000
2025-03-07T21:00+10:00,general,0.5503,0.0000
2025-03-07T21:30+10:00,general,0.5651,0.0000
2025-03-07T22:00+10:00,general,0.3738,0.0000
2025-03-07T22:30+10:00,general,0.3600,0.0000
2025-03-07T23:00+10:00,general,0.2950,0.0000
2025-03-07T23:30+10:00,general,0.2602,0.0000
2025-03-08T00:00+10:00,general,0.1893,0.0000
2025-03-08T00:30+10:00,general,0.1292,0.0000
2025-03-08T01:00+10:00,general,0.1421,0.0000
2025-03-08T01:30+10:00,general,0.1458,0.0000
2025-03-08T02:00+10:00,general,0.1467,0.0000
2025-03-08T02:30+10:00,general,0.1625,0.0000
2025-03-08T03:00+10:00,general,0.1424,0.0000
2025-03-08T03:30+10:00,general,0.1417,0.0000
2025-03-08T04:00+10:00,general,0.1450,0.0000
2025-03-08T04:30+10:00,general,0.1397,0.0000
2025-03-08T05:00+10:00,general,0.1827,0.0000
2025-03-08T05:30+10:00,general,0.2152,0.0000
2025-03-08T06:00+10:00,general,0.2139,0.0000
2025-03-08T06:30+10:00,general,0.2097,0.0000
2025-03-08T07:00+10:00,general,0.0632,0.0000
2025-03-08T07:30+10:00,general,0.0000,0.0802
2025-03-08T08:00+10:00,general,0.0000,0.2576
2025-03-08T08:30+10:00,general,0.0000,0.4511
2025-03-08T09:00+10:00,general,0.0000,0.6573
2025-03-08T09:30+10:00,general,0.0000,0.8248
2025-03-08T10:00+10:00,general,0.0000,0.9720
2025-03-08T10:30+10:00,general,0.0000,1.0538
2025-03-08T11:00+10:00,general,0.0000,1.1533
2025-03-08T11:30+10:00,general,0.0000,1.2145
2025-03-08T12:00+10:00,general,0.0000,1.2502
2025-03-08T12:30+10:00,general,0.0000,1.2419
2025-03-08T13:00+10:00,general,0.0000,1.2255
2025-03-08T13:30+10:00,general,0.0000,1.1957
2025-03-08T14:00+10:00,general,0.0000,1.1255
2025-03-08T14:30+10:00,general,0.0000,1.0323
2025-03-08T15:00+10:00,general,0.0000,0.9416
2025-03-08T15:30+10:00,general,0.0000,0.7570
2025-03-08T16:00+10:00,general,0.0000,0.5935
2025-03-08T16:30+10:00,general,0.0000,0.4019
2025-03-08T17:00+10:00,general,0.0000,0.0790
2025-03-08T17:30+10:00,general,0.1913,0.0000
2025-03-08T18:00+10:00,general,0.4454,0.0000
2025-03-08T18:30+10:00,general,0.6927,0.0000
2025-03-08T19:00+10:00,general,0.6354,0.0000
2025-03-08T19:30+10:00,general,0.6968,0.0000
2025-03-08T20:00+10:00,general,0.6000,0.0000
2025-03-08T20:30+10:00,general,0.6935,0.0000
2025-03-08T21:00+10:00,general,0.5163,0.0000
2025-03-08T21:30+10:00,general,0.5418,0.0000
2025-03-08T22:00+10:00,general,0.4415,0.0000
2025-03-08T22:30+10:00,general,0.3772,0.0000
2025-03-08T23:00+10:00,general,0.3263,0.0000
2025-03-08T23:30+10:00,general,0.2626,0.0000
2025-03-09T00:00+10:00,general,0.2235,0.0000
2025-03-09T00:30+10:00,general,0.1512,0.0000
2025-03-09T01:00+10:00,general,0.1337,0.0000
2025-03-09T01:30+10:00,general,0.1289,0.0000
2025-03-09T02:00+10:00,general,0.1359,0.0000
2025-03-09T02:30+10:00,general,0.1422,0.0000
2025-03-09T03:00+10:00,general,0.1326,0.0000
2025-03-09T03:30+10:00,general,0.1698,0.0000
2025-03-09T04:00+10:00,general,0.1559,0.0000
2025-03-09T04:30+10:00,general,0.1707,0.0000
2025-03-09T05:00+10:00,general,0.1983,0.0000
2025-03-09T05:30+10:00,general,0.2101,0.0000
2025-03-09T06:00+10:00,general,0.2262,0.0000
2025-03-09T06:30+10:00,general,0.2109,0.0000
2025-03-09T07:00+10:00,general,0.0706,0.0000
2025-03-09T07:30+10:00,general,0.0000,0.0982
2025-03-09T08:00+10:00,general,0.0000,0.2946
2025-03-09T08:30+10:00,general,0.0000,0.4883
2025-03-09T09:00+10:00,general,0.0000,0.6296
2025-03-09T09:30+10:00,general,0.0000,0.7838
2025-03-09T10:00+10:00,general,0.0000,0.9355
2025-03-09T10:30+10:00,general,0.0000,1.0737
2025-03-09T11:00+10:00,general,0.0000,1.1500
2025-03-09T11:30+10:00,general,0.0000,1.2278
2025-03-09T12:00+10:00,general,0.0000,1.2515
2025-03-09T12:30+10:00,general,0.0000,1.2351
2025-03-09T13:00+10:00,general,0.0000,1.2542
2025-03-09T13:30+10:00,general,0.0000,1.1939
2025-03-09T14:00+10:00,general,0.0000,1.1505
2025-03-09T14:30+10:00,general,0.0000,1.0140
2025-03-09T15:00+10:00,general,0.0000,0.8976
2025-03-09T15:30+10:00,general,0.0000,0.7712
2025-03-09T16:00+10:00,general,0.0000,0.5269
2025-03-09T16:30+10:00,general,0.0000,0.3147
2025-03-09T17:00+10:00,general,0.0000,0.0735
2025-03-09T17:30+10:00,general,0.1292,0.0000
2025-03-09T18:00+10:00,general,0.4334,0.0000
2025-03-09T18:30+10:00,general,0.7127,0.0000
2025-03-09T19:00+10:00,general,0.6535,0.0000
2025-03-09T19:30+10:00,general,0.6886,0.0000
2025-03-09T20:00+10:00,general,0.7139,0.0000
2025-03-09T20:30+10:00,general,0.7109,0.0000
2025-03-09T21:00+10:00,general,0.6080,0.0000
2025-03-09T21:30+10:00,general,0.4480,0.0000
2025-03-09T22:00+10:00,general,0.4624,0.0000
2025-03-09T22:30+10:00,general,0.3090,0.0000
2025-03-09T23:00+10:00,general,0.3252,0.0000
2025-03-09T23:30+10:00,general,0.2670,0.0000
2025-03-10T00:00+10:00,general,0.2324,0.0000
2025-03-10T00:30+10:00,general,0.1305,0.0000
2025-03-10T01:00+10:00,general,0.1686,0.0000
2025-03-10T01:30+10:00,general,0.1544,0.0000
2025-03-10T02:00+10:00,general,0.1451,0.0000
2025-03-10T02:30+10:00,general,0.1397,0.0000
2025-03-10T03:00+10:00,general,0.1540,0.0000
2025-03-10T03:30+10:00,general,0.1357,0.0000
2025-03-10T04:00+10:00,general,0.1363,0.0000
2025-03-10T04:30+10:00,general,0.1634,0.0000
2025-03-10T05:00+10:00,general,0.1959,0.0000
2025-03-10T05:30+10:00,general,0.1795,0.0000
2025-03-10T06:00+10:00,general,0.2356,0.0000
2025-03-10T06:30+10:00,general,0.2397,0.0000
2025-03-10T07:00+10:00,general,0.0518,0.0000
2025-03-10T07:30+10:00,general,0.0000,0.1223
2025-03-10T08:00+10:00,general,0.0000,0.2588
2025-03-10T08:30+10:00,general,0.0000,0.4243
2025-03-10T09:00+10:00,general,0.0000,0.6182
2025-03-10T09:30+10:00,general,0.0000,0.7765
2025-03-10T10:00+10:00,general,0.0000,0.9487
2025-03-10T10:30+10:00,general,0.0000,1.0656
2025-03-10T11:00+10:00,general,0.0000,1.1344
2025-03-10T11:30+10:00,general,0.0000,1.1829
2025-03-10T12:00+10:00,general,0.0000,1.2222
2025-03-10T12:30+10:00,general,0.0000,1.2449
2025-03-10T13:00+10:00,general,0.0000,1.2463
2025-03-10T13:30+10:00,general,0.0000,1.2172
2025-03-10T14:00+10:00,general,0.0000,1.1108
2025-03-10T14:30+10:00,general,0.0000,1.0359
2025-03-10T15:00+10:00,general,0.0000,0.8767
2025-03-10T15:30+10:00,general,0.0000,0.7343
2025-03-10T16:00+10:00,general,0.0000,0.5737
2025-03-10T16:30+10:00,general,0.0000,0.3105
2025-03-10T17:00+10:00,general,0.0000,0.1217
2025-03-10T17:30+10:00,general,0.1854,0.0000
2025-03-10T18:00+10:00,general,0.4763,0.0000
2025-03-10T18:30+10:00,general,0.5753,0.0000
2025-03-10T19:00+10:00,general,0.6952,0.0000
2025-03-10T19:30+10:00,general,0.6687,0.0000
2025-03-10T20:00+10:00,general,0.6404,0.0000
2025-03-10T20:30+10:00,general,0.7073,0.0000
2025-03-10T21:00+10:00,general,0.6127,0.0000
2025-03-10T21:30+10:00,general,0.4307,0.0000
2025-03-10T22:00+10:00,general,0.3811,0.0000
2025-03-10T22:30+10:00,general,0.3721,0.0000
2025-03-10T23:00+10:00,general,0.2783,0.0000
2025-03-10T23:30+10:00,general,0.2632,0.0000
2025-03-11T00:00+10:00,general,0.2183,0.0000
2025-03-11T00:30+10:00,general,0.1484,0.0000
2025-03-11T01:00+10:00,general,0.1467,0.0000
2025-03-11T01:30+10:00,general,0.1457,0.0000
2025-03-11T02:00+10:00,general,0.1572,0.0000
2025-03-11T02:30+10:00,general,0.1594,0.0000
2025-03-11T03:00+10:00,general,0.1279,0.0000
2025-03-11T03:30+10:00,general,0.1526,0.0000
2025-03-11T04:00+10:00,general,0.1518,0.0000
2025-03-11T04:30+10:00,general,0.1729,0.0000
2025-03-11T05:00+10:00,general,0.1869,0.0000
2025-03-11T05:30+10:00,general,0.1834,0.0000
2025-03-11T06:00+10:00,general,0.2154,0.0000
2025-03-11T06:30+10:00,general,0.2543,0.0000
2025-03-11T07:00+10:00,general,0.0837,0.0000
2025-03-11T07:30+10:00,general,0.0000,0.0973
2025-03-11T08:00+10:00,general,0.0000,0.2685
2025-03-11T08:30+10:00,general,0.0000,0.4687
2025-03-11T09:00+10:00,general,0.0000,0.6432
2025-03-11T09:30+10:00,general,0.0000,0.7997
2025-03-11T10:00+10:00,general,0.0000,0.9108
2025-03-11T10:30+10:00,general,0.0000,1.0595
2025-03-11T11:00+10:00,general,0.0000,1.1359
2025-03-11T11:30+10:00,general,0.0000,1.2100
2025-03-11T12:00+10:00,general,0.0000,1.2450
2025-03-11T12:30+10:00,general,0.0000,1.2247
2025-03-11T13:00+10:00,general,0.0000,1.2502
2025-03-11T13:30+10:00,general,0.0000,1.1740
2025-03-11T14:00+10:00,general,0.0000,1.0973
2025-03-11T14:30+10:00,general,0.0000,1.0026
2025-03-11T15:00+10:00,general,0.0000,0.9203
2025-03-11T15:30+10:00,general,0.0000,0.7774
2025-03-11T16:00+10:00,general,0.0000,0.5987
2025-03-11T16:30+10:00,general,0.0000,0.3073
2025-03-11T17:00+10:00,general,0.0000,0.1041
2025-03-11T17:30+10:00,general,0.2096,0.0000
2025-03-11T18:00+10:00,general,0.4401,0.0000
2025-03-11T18:30+10:00,general,0.7229,0.0000
2025-03-11T19:00+10:00,general,0.6670,0.0000
2025-03-11T19:30+10:00,general,0.7203,0.0000
2025-03-11T20:00+10:00,general,0.6576,0.0000
2025-03-11T20:30+10:00,general,0.6469,0.0000
2025-03-11T21:00+10:00,general,0.5943,0.0000
2025-03-11T21:30+10:00,general,0.4282,0.0000
2025-03-11T22:00+10:00,general,0.4473,0.0000
2025-03-11T22:30+10:00,general,0.3807,0.0000
2025-03-11T23:00+10:00,general,0.3271,0.0000
2025-03-11T23:30+10:00,general,0.2531,0.0000
2025-03-12T00:00+10:00,general,0.2184,0.0000
2025-03-12T00:30+10:00,general,0.1340,0.0000
2025-03-12T01:00+10:00,general,0.1624,0.0000
2025-03-12T01:30+10:00,general,0.1440,0.0000
2025-03-12T02:00+10:00,general,0.1409,0.0000
2025-03-12T02:30+10:00,general,0.1461,0.0000
2025-03-12T03:00+10:00,general,0.1604,0.0000
2025-03-12T03:30+10:00,general,0.1491,0.0000
2025-03-12T04:00+10:00,general,0.1590,0.0000
2025-03-12T04:30+10:00,general,0.1449,0.0000
2025-03-12T05:00+10:00,general,0.1477,0.0000
2025-03-12T05:30+10:00,general,0.1950,0.0000
2025-03-12T06:00+10:00,general,0.2129,0.0000
2025-03-12T06:30+10:00,general,0.2189,0.0000
2025-03-12T07:00+10:00,general,0.1122,0.0000
2025-03-12T07:30+10:00,general,0.0000,0.0570
2025-03-12T08:00+10:00,general,0.0000,0.2772
2025-03-12T08:30+10:00,general,0.0000,0.4808
2025-03-12T09:00+10:00,general,0.0000,0.6406
2025-03-12T09:30+10:00,general,0.0000,0.7873
2025-03-12T10:00+10:00,general,0.0000,0.9539
2025-03-12T10:30+10:00,general,0.0000,1.0264
2025-03-12T11:00+10:00,general,0.0000,1.1171
2025-03-12T11:30+10:00,general,0.0000,1.1703
2025-03-12T12:00+10:00,general,0.0000,1.2293
2025-03-12T12:30+10:00,general,0.0000,1.2298
2025-03-12T13:00+10:00,general,0.0000,1.2095
2025-03-12T13:30+10:00,general,0.0000,1.1937
2025-03-12T14:00+10:00,general,0.0000,1.1161
2025-03-12T14:30+10:00,general,0.0000,1.0343
2025-03-12T15:00+10:00,general,0.0000,0.8943
2025-03-12T15:30+10:00,general,0.0000,0.7757
2025-03-12T16:00+10:00,general,0.0000,0.5864
2025-03-12T16:30+10:00,general,0.0000,0.3541
2025-03-12T17:00+10:00,general,0.0000,0.0920
2025-03-12T17:30+10:00,general,0.0950,0.0000
2025-03-12T18:00+10:00,general,0.3148,0.0000
2025-03-12T18:30+10:00,general,0.5674,0.0000
2025-03-12T19:00+10:00,general,0.7482,0.0000
2025-03-12T19:30+10:00,general,0.6337,0.0000
2025-03-12T20:00+10:00,general,0.6971,0.0000
2025-03-12T20:30+10:00,general,0.6156,0.0000
2025-03-12T21:00+10:00,general,0.5430,0.0000
2025-03-12T21:30+10:00,general,0.5471,0.0000
2025-03-12T22:00+10:00,general,0.4727,0.0000
2025-03-12T22:30+10:00,general,0.3497,0.0000
2025-03-12T23:00+10:00,general,0.2593,0.0000
2025-03-12T23:30+10:00,general,0.2373,0.0000
2025-03-13T00:00+10:00,general,0.2249,0.0000
2025-03-13T00:30+10:00,general,0.1549,0.0000
2025-03-13T01:00+10:00,general,0.1503,0.0000
2025-03-13T01:30+10:00,general,0.1587,0.0000
2025-03-13T02:00+10:00,general,0.1350,0.0000
2025-03-13T02:30+10:00,general,0.1317,0.0000
2025-03-13T03:00+10:00,general,0.1691,0.0000
2025-03-13T03:30+10:00,general,0.1273,0.0000
2025-03-13T04:00+10:00,general,0.1374,0.0000
2025-03-13T04:30+10:00,general,0.1478,0.0000
2025-03-13T05:00+10:00,general,0.1845,0.0000
2025-03-13T05:30+10:00,general,0.2052,0.0000
2025-03-13T06:00+10:00,general,0.2402,0.0000
2025-03-13T06:30+10:00,general,0.2616,0.0000
2025-03-13T07:00+10:00,general,0.0527,0.0000
2025-03-13T07:30+10:00,general,0.0000,0.1043
2025-03-13T08:00+10:00,general,0.0000,0.2396
2025-03-13T08:30+10:00,general,0.0000,0.4475
2025-03-13T09:00+10:00,general,0.0000,0.6097
2025-03-13T09:30+10:00,general,0.0000,0.7749
2025-03-13T10:00+10:00,general,0.0000,0.9297
2025-03-13T10:30+10:00,general,0.0000,1.0412
2025-03-13T11:00+10:00,general,0.0000,1.1323
2025-03-13T11:30+10:00,general,0.0000,1.1808
2025-03-13T12:00+10:00,general,0.0000,1.2350
2025-03-13T12:30+10:00,general,0.0000,1.2195
2025-03-13T13:00+10:00,general,0.0000,1.2400
2025-03-13T13:30+10:00,general,0.0000,1.1971
2025-03-13T14:00+10:00,general,0.0000,1.0993
2025-03-13T14:30+10:00,general,0.0000,1.0094
2025-03-13T15:00+10:00,general,0.0000,0.9089
2025-03-13T15:30+10:00,general,0.0000,0.7728
2025-03-13T16:00+10:00,general,0.0000,0.5437
2025-03-13T16:30+10:00,general,0.0000,0.3243
2025-03-13T17:00+10:00,general,0.0000,0.1658
2025-03-13T17:30+10:00,general,0.1241,0.0000
2025-03-13T18:00+10:00,general,0.3224,0.0000
2025-03-13T18:30+10:00,general,0.5422,0.0000
2025-03-13T19:00+10:00,general,0.5828,0.0000
2025-03-13T19:30+10:00,general,0.6325,0.0000
2025-03-13T20:00+10:00,general,0.7650,0.0000
2025-03-13T20:30+10:00,general,0.6459,0.0000
2025-03-13T21:00+10:00,general,0.6344,0.0000
2025-03-13T21:30+10:00,general,0.4456,0.0000
2025-03-13T22:00+10:00,general,0.3814,0.0000
2025-03-13T22:30+10:00,general,0.3719,0.0000
2025-03-13T23:00+10:00,general,0.3098,0.0000
2025-03-13T23:30+10:00,general,0.2577,0.0000
2025-03-14T00:00+10:00,general,0.2219,0.0000
2025-03-14T00:30+10:00,general,0.1574,0.0000
2025-03-14T01:00+10:00,general,0.1465,0.0000
2025-03-14T01:30+10:00,general,0.1383,0.0000
2025-03-14T02:00+10:00,general,0.1496,0.0000
2025-03-14T02:30+10:00,general,0.1442,0.0000
2025-03-14T03:00+10:00,general,0.1632,0.0000
2025-03-14T03:30+10:00,general,0.1498,0.0000
2025-03-14T04:00+10:00,general,0.1635,0.0000
2025-03-14T04:30+10:00,general,0.1470,0.0000
2025-03-14T05:00+10:00,general,0.1761,0.0000
2025-03-14T05:30+10:00,general,0.1644,0.0000
2025-03-14T06:00+10:00,general,0.1866,0.0000
2025-03-14T06:30+10:00,general,0.2208,0.0000
2025-03-14T07:00+10:00,general,0.0671,0.0000
2025-03-14T07:30+10:00,general,0.0000,0.0941
2025-03-14T08:00+10:00,general,0.0000,0.2636
2025-03-14T08:30+10:00,general,0.0000,0.4235
2025-03-14T09:00+10:00,general,0.0000,0.6157
2025-03-14T09:30+10:00,general,0.0000,0.8038
2025-03-14T10:00+10:00,general,0.0000,0.9055
2025-03-14T10:30+10:00,general,0.0000,1.0416
2025-03-14T11:00+10:00,general,0.0000,1.1362
2025-03-14T11:30+10:00,general,0.0000,1.1810
2025-03-14T12:00+10:00,general,0.0000,1.1966
2025-03-14T12:30+10:00,general,0.0000,1.2272
2025-03-14T13:00+10:00,general,0.0000,1.2088
2025-03-14T13:30+10:00,general,0.0000,1.1930
2025-03-14T14:00+10:00,general,0.0000,1.1218
2025-03-14T14:30+10:00,general,0.0000,1.0092
2025-03-14T15:00+10:00,general,0.0000,0.8734
2025-03-14T15:30+10:00,general,0.0000,0.7630
2025-03-14T16:00+10:00,general,0.0000,0.5867
2025-03-14T16:30+10:00,general,0.0000,0.2981
2025-03-14T17:00+10:00,general,0.0000,0.0990
2025-03-14T17:30+10:00,general,0.1661,0.0000
2025-03-14T18:00+10:00,general,0.4403,0.0000
2025-03-14T18:30+10:00,general,0.6875,0.0000
2025-03-14T19:00+10:00,general,0.7720,0.0000
2025-03-14T19:30+10:00,general,0.7183,0.0000
2025-03-14T20:00+10:00,general,0.6824,0.0000
2025-03-14T20:30+10:00,general,0.6302,0.0000
2025-03-14T21:00+10:00,general,0.5375,0.0000
2025-03-14T21:30+10:00,general,0.4424,0.0000
2025-03-14T22:00+10:00,general,0.4273,0.0000
2025-03-14T22:30+10:00,general,0.3130,0.0000
2025-03-14T23:00+10:00,general,0.2505,0.0000
2025-03-14T23:30+10:00,general,0.2207,0.0000
2025-03-15T00:00+10:00,general,0.2359,0.0000
2025-03-15T00:30+10:00,general,0.1454,0.0000
2025-03-15T01:00+10:00,general,0.1288,0.0000
2025-03-15T01:30+10:00,general,0.1283,0.0000
2025-03-15T02:00+10:00,general,0.1276,0.0000
2025-03-15T02:30+10:00,general,0.1442,0.0000
2025-03-15T03:00+10:00,general,0.1597,0.0000
2025-03-15T03:30+10:00,general,0.1705,0.0000
2025-03-15T04:00+10:00,general,0.1498,0.0000
2025-03-15T04:30+10:00,general,0.1479,0.0000
2025-03-15T05:00+10:00,general,0.1538,0.0000
2025-03-15T05:30+10:00,general,0.2026,0.0000
2025-03-15T06:00+10:00,general,0.2093,0.0000
2025-03-15T06:30+10:00,general,0.2719,0.0000
2025-03-15T07:00+10:00,general,0.0933,0.0000
2025-03-15T07:30+10:00,general,0.0000,0.0890
2025-03-15T08:00+10:00,general,0.0000,0.2347
2025-03-15T08:30+10:00,general,0.0000,0.4315
2025-03-15T09:00+10:00,general,0.0000,0.5939
2025-03-15T09:30+10:00,general,0.0000,0.7812
2025-03-15T10:00+10:00,general,0.0000,0.8967
2025-03-15T10:30+10:00,general,0.0000,1.0136
2025-03-15T11:00+10:00,general,0.0000,1.1189
2025-03-15T11:30+10:00,general,0.0000,1.1550
2025-03-15T12:00+10:00,general,0.0000,1.2049
2025-03-15T12:30+10:00,general,0.0000,1.2271
2025-03-15T13:00+10:00,general,0.0000,1.1985
2025-03-15T13:30+10:00,general,0.0000,1.1755
2025-03-15T14:00+10:00,general,0.0000,1.0884
2025-03-15T14:30+10:00,general,0.0000,1.0154
2025-03-15T15:00+10:00,general,0.0000,0.8857
2025-03-15T15:30+10:00,general,0.0000,0.7049
2025-03-15T16:00+10:00,general,0.0000,0.5755
2025-03-15T16:30+10:00,general,0.0000,0.3860
2025-03-15T17:00+10:00,general,0.0000,0.1639
2025-03-15T17:30+10:00,general,0.2116,0.0000
2025-03-15T18:00+10:00,general,0.3602,0.0000
2025-03-15T18:30+10:00,general,0.6026,0.0000
2025-03-15T19:00+10:00,general,0.7071,0.0000
2025-03-15T19:30+10:00,general,0.7681,0.0000
2025-03-15T20:00+10:00,general,0.6183,0.0000
2025-03-15T20:30+10:00,general,0.5691,0.0000
2025-03-15T21:00+10:00,general,0.5813,0.0000
2025-03-15T21:30+10:00,general,0.5109,0.0000
2025-03-15T22:00+10:00,general,0.4728,0.0000
2025-03-15T22:30+10:00,general,0.3052,0.0000
2025-03-15T23:00+10:00,general,0.3299,0.0000
2025-03-15T23:30+10:00,general,0.2230,0.0000
2025-03-16T00:00+10:00,general,0.1751,0.0000
2025-03-16T00:30+10:00,general,0.1626,0.0000
2025-03-16T01:00+10:00,general,0.1337,0.0000
2025-03-16T01:30+10:00,general,0.1553,0.0000
2025-03-16T02:00+10:00,general,0.1654,0.0000
2025-03-16T02:30+10:00,general,0.1442,0.0000
2025-03-16T03:00+10:00,general,0.1560,0.0000
2025-03-16T03:30+10:00,general,0.1535,0.0000
2025-03-16T04:00+10:00,general,0.1656,0.0000
2025-03-16T04:30+10:00,general,0.1742,0.0000
2025-03-16T05:00+10:00,general,0.1827,0.0000
2025-03-16T05:30+10:00,general,0.1694,0.0000
2025-03-16T06:00+10:00,general,0.1991,0.0000
2025-03-16T06:30+10:00,general,0.2590,0.0000
2025-03-16T07:00+10:00,general,0.0782,0.0000
2025-03-16T07:30+10:00,general,0.0000,0.1244
2025-03-16T08:00+10:00,general,0.0000,0.2911
2025-03-16T08:30+10:00,general,0.0000,0.4176
2025-03-16T09:00+10:00,general,0.0000,0.6140
2025-03-16T09:30+10:00,general,0.0000,0.7682
2025-03-16T10:00+10:00,general,0.0000,0.8948
2025-03-16T10:30+10:00,general,0.0000,1.0199
2025-03-16T11:00+10:00,general,0.0000,1.1286
2025-03-16T11:30+10:00,general,0.0000,1.1768
2025-03-16T12:00+10:00,general,0.0000,1.1877
2025-03-16T12:30+10:00,general,0.0000,1.2325
2025-03-16T13:00+10:00,general,0.0000,1.2068
2025-03-16T13:30+10:00,general,0.0000,1.1473
2025-03-16T14:00+10:00,general,0.0000,1.0947
2025-03-16T14:30+10:00,general,0.0000,1.0228
2025-03-16T15:00+10:00,general,0.0000,0.8661
2025-03-16T15:30+10:00,general,0.0000,0.7262
2025-03-16T16:00+10:00,general,0.0000,0.5870
2025-03-16T16:30+10:00,general,0.0000,0.2986
2025-03-16T17:00+10:00,general,0.0000,0.0563
2025-03-16T17:30+10:00,general,0.1497,0.0000
2025-03-16T18:00+10:00,general,0.3599,0.0000
2025-03-16T18:30+10:00,general,0.6705,0.0000
2025-03-16T19:00+10:00,general,0.6308,0.0000
2025-03-16T19:30+10:00,general,0.7053,0.0000
2025-03-16T20:00+10:00,general,0.6029,0.0000
2025-03-16T20:30+10:00,general,0.5832,0.0000
2025-03-16T21:00+10:00,general,0.5484,0.0000
2025-03-16T21:30+10:00,general,0.5689,0.0000
2025-03-16T22:00+10:00,general,0.3798,0.0000
2025-03-16T22:30+10:00,general,0.3534,0.0000
2025-03-16T23:00+10:00,general,0.2856,0.0000
2025-03-16T23:30+10:00,general,0.2482,0.0000
2025-03-17T00:00+10:00,general,0.2115,0.0000
2025-03-17T00:30+10:00,general,0.1519,0.0000
2025-03-17T01:00+10:00,general,0.1418,0.0000
2025-03-17T01:30+10:00,general,0.1356,0.0000
2025-03-17T02:00+10:00,general,0.1481,0.0000
2025-03-17T02:30+10:00,general,0.1278,0.0000
2025-03-17T03:00+10:00,general,0.1594,0.0000
2025-03-17T03:30+10:00,general,0.1344,0.0000
2025-03-17T04:00+10:00,general,0.1371,0.0000
2025-03-17T04:30+10:00,general,0.1698,0.0000
2025-03-17T05:00+10:00,general,0.1922,0.0000
2025-03-17T05:30+10:00,general,0.1685,0.0000
2025-03-17T06:00+10:00,general,0.2337,0.0000
2025-03-17T06:30+10:00,general,0.2466,0.0000
2025-03-17T07:00+10:00,general,0.0845,0.0000
2025-03-17T07:30+10:00,general,0.0000,0.0653
2025-03-17T08:00+10:00,general,0.0000,0.2392
2025-03-17T08:30+10:00,general,0.0000,0.4488
2025-03-17T09:00+10:00,general,0.0000,0.6324
2025-03-17T09:30+10:00,general,0.0000,0.7880
2025-03-17T10:00+10:00,general,0.0000,0.9158
2025-03-17T10:30+10:00,general,0.0000,1.0258
2025-03-17T11:00+10:00,general,0.0000,1.1134
2025-03-17T11:30+10:00,general,0.0000,1.1494
2025-03-17T12:00+10:00,general,0.0000,1.1991
2025-03-17T12:30+10:00,general,0.0000,1.2028
2025-03-17T13:00+10:00,general,0.0000,1.1926
2025-03-17T13:30+10:00,general,0.0000,1.1436
2025-03-17T14:00+10:00,general,0.0000,1.0997
2025-03-17T14:30+10:00,general,0.0000,0.9726
2025-03-17T15:00+10:00,general,0.0000,0.8837
2025-03-17T15:30+10:00,general,0.0000,0.6907
2025-03-17T16:00+10:00,general,0.0000,0.5166
2025-03-17T16:30+10:00,general,0.0000,0.3477
2025-03-17T17:00+10:00,general,0.0000,0.0377
2025-03-17T17:30+10:00,general,0.0845,0.0000
2025-03-17T18:00+10:00,general,0.4151,0.0000
2025-03-17T18:30+10:00,general,0.5990,0.0000
2025-03-17T19:00+10:00,general,0.7273,0.0000
2025-03-17T19:30+10:00,general,0.7524,0.0000
2025-03-17T20:00+10:00,general,0.7483,0.0000
2025-03-17T20:30+10:00,general,0.6667,0.0000
2025-03-17T21:00+10:00,general,0.6597,0.0000
2025-03-17T21:30+10:00,general,0.5479,0.0000
2025-03-17T22:00+10:00,general,0.4580,0.0000
2025-03-17T22:30+10:00,general,0.3589,0.0000
2025-03-17T23:00+10:00,general,0.2690,0.0000
2025-03-17T23:30+10:00,general,0.2699,0.0000
2025-03-18T00:00+10:00,general,0.2033,0.0000
2025-03-18T00:30+10:00,general,0.1365,0.0000
2025-03-18T01:00+10:00,general,0.1511,0.0000
2025-03-18T01:30+10:00,general,0.1478,0.0000
2025-03-18T02:00+10:00,general,0.1523,0.0000
2025-03-18T02:30+10:00,general,0.1598,0.0000
2025-03-18T03:00+10:00,general,0.1527,0.0000
2025-03-18T03:30+10:00,general,0.1597,0.0000
2025-03-18T04:00+10:00,general,0.1409,0.0000
2025-03-18T04:30+10:00,general,0.1780,0.0000
2025-03-18T05:00+10:00,general,0.1770,0.0000
2025-03-18T05:30+10:00,general,0.2184,0.0000
2025-03-18T06:00+10:00,general,0.1889,0.0000
2025-03-18T06:30+10:00,general,0.2095,0.0000
2025-03-18T07:00+10:00,general,0.1121,0.0000
2025-03-18T07:30+10:00,general,0.0000,0.0919
2025-03-18T08:00+10:00,general,0.0000,0.2628
2025-03-18T08:30+10:00,general,0.0000,0.4311
2025-03-18T09:00+10:00,general,0.0000,0.6074
2025-03-18T09:30+10:00,general,0.0000,0.7488
2025-03-18T10:00+10:00,general,0.0000,0.9273
2025-03-18T10:30+10:00,general,0.0000,1.0332
2025-03-18T11:00+10:00,general,0.0000,1.1078
2025-03-18T11:30+10:00,general,0.0000,1.1449
2025-03-18T12:00+10:00,general,0.0000,1.2055
2025-03-18T12:30+10:00,general,0.0000,1.1827
2025-03-18T13:00+10:00,general,0.0000,1.1920
2025-03-18T13:30+10:00,general,0.0000,1.1361
2025-03-18T14:00+10:00,general,0.0000,1.0786
2025-03-18T14:30+10:00,general,0.0000,0.9905
2025-03-18T15:00+10:00,general,0.0000,0.8663
2025-03-18T15:30+10:00,general,0.0000,0.6980
2025-03-18T16:00+10:00,general,0.0000,0.5515
2025-03-18T16:30+10:00,general,0.0000,0.3265
2025-03-18T17:00+10:00,general,0.0000,0.1174
2025-03-18T17:30+10:00,general,0.1646,0.0000
2025-03-18T18:00+10:00,general,0.4453,0.0000
2025-03-18T18:30+10:00,general,0.6529,0.0000
2025-03-18T19:00+10:00,general,0.5891,0.0000
2025-03-18T19:30+10:00,general,0.7717,0.0000
2025-03-18T20:00+10:00,general,0.7486,0.0000
2025-03-18T20:30+10:00,general,0.6036,0.0000
2025-03-18T21:00+10:00,general,0.5551,0.0000
2025-03-18T21:30+10:00,general,0.4422,0.0000
2025-03-18T22:00+10:00,general,0.4688,0.0000
2025-03-18T22:30+10:00,general,0.2988,0.0000
2025-03-18T23:00+10:00,general,0.2849,0.0000
2025-03-18T23:30+10:00,general,0.2625,0.0000
2025-03-19T00:00+10:00,general,0.1772,0.0000
2025-03-19T00:30+10:00,general,0.1669,0.0000
2025-03-19T01:00+10:00,general,0.1530,0.0000
2025-03-19T01:30+10:00,general,0.1545,0.0000
2025-03-19T02:00+10:00,general,0.1278,0.0000
2025-03-19T02:30+10:00,general,0.1455,0.0000
2025-03-19T03:00+10:00,general,0.1579,0.0000
2025-03-19T03:30+10:00,general,0.1479,0.0000
2025-03-19T04:00+10:00,general,0.1396,0.0000
2025-03-19T04:30+10:00,general,0.1588,0.0000
2025-03-19T05:00+10:00,general,0.1652,0.0000
2025-03-19T05:30+10:00,general,0.2092,0.0000
2025-03-19T06:00+10:00,general,0.2389,0.0000
2025-03-19T06:30+10:00,general,0.2611,0.0000
2025-03-19T07:00+10:00,general,0.0896,0.0000
2025-03-19T07:30+10:00,general,0.0000,0.0935
2025-03-19T08:00+10:00,general,0.0000,0.2776
2025-03-19T08:30+10:00,general,0.0000,0.4137
2025-03-19T09:00+10:00,general,0.0000,0.5756
2025-03-19T09:30+10:00,general,0.0000,0.7555
2025-03-19T10:00+10:00,general,0.0000,0.9177
2025-03-19T10:30+10:00,general,0.0000,1.0152
2025-03-19T11:00+10:00,general,0.0000,1.0854
2025-03-19T11:30+10:00,general,0.0000,1.1657
2025-03-19T12:00+10:00,general,0.0000,1.1734
2025-03-19T12:30+10:00,general,0.0000,1.2044
2025-03-19T13:00+10:00,general,0.0000,1.1818
2025-03-19T13:30+10:00,general,0.0000,1.1614
2025-03-19T14:00+10:00,general,0.0000,1.0618
2025-03-19T14:30+10:00,general,0.0000,0.9889
2025-03-19T15:00+10:00,general,0.0000,0.8492
2025-03-19T15:30+10:00,general,0.0000,0.7443
2025-03-19T16:00+10:00,general,0.0000,0.5551
2025-03-19T16:30+10:00,general,0.0000,0.3184
2025-03-19T17:00+10:00,general,0.0000,0.1500
2025-03-19T17:30+10:00,general,0.1341,0.0000
2025-03-19T18:00+10:00,general,0.4327,0.0000
2025-03-19T18:30+10:00,general,0.7305,0.0000
2025-03-19T19:00+10:00,general,0.7342,0.0000
2025-03-19T19:30+10:00,general,0.7826,0.0000
2025-03-19T20:00+10:00,general,0.7670,0.0000
2025-03-19T20:30+10:00,general,0.6301,0.0000
2025-03-19T21:00+10:00,general,0.5808,0.0000
2025-03-19T21:30+10:00,general,0.4656,0.0000
2025-03-19T22:00+10:00,general,0.4638,0.0000
2025-03-19T22:30+10:00,general,0.3438,0.0000
2025-03-19T23:00+10:00,general,0.2659,0.0000
2025-03-19T23:30+10:00,general,0.2398,0.0000
2025-03-20T00:00+10:00,general,0.1915,0.0000
2025-03-20T00:30+10:00,general,0.1275,0.0000
2025-03-20T01:00+10:00,general,0.1567,0.0000
2025-03-20T01:30+10:00,general,0.1301,0.0000
2025-03-20T02:00+10:00,general,0.1309,0.0000
2025-03-20T02:30+10:00,general,0.1661,0.0000
2025-03-20T03:00+10:00,general,0.1400,0.0000
2025-03-20T03:30+10:00,general,0.1715,0.0000
2025-03-20T04:00+10:00,general,0.1528,0.0000
2025-03-20T04:30+10:00,general,0.1678,0.0000
2025-03-20T05:00+10:00,general,0.1801,0.0000
2025-03-20T05:30+10:00,general,0.1629,0.0000
2025-03-20T06:00+10:00,general,0.1893,0.0000
2025-03-20T06:30+10:00,general,0.2701,0.0000
2025-03-20T07:00+10:00,general,0.1117,0.0000
2025-03-20T07:30+10:00,general,0.0000,0.1153
2025-03-20T08:00+10:00,general,0.0000,0.2603
2025-03-20T08:30+10:00,general,0.0000,0.4115
2025-03-20T09:00+10:00,general,0.0000,0.6084
2025-03-20T09:30+10:00,general,0.0000,0.7579
2025-03-20T10:00+10:00,general,0.0000,0.8771
2025-03-20T10:30+10:00,general,0.0000,1.0037
2025-03-20T11:00+10:00,general,0.0000,1.0843
2025-03-20T11:30+10:00,general,0.0000,1.1310
2025-03-20T12:00+10:00,general,0.0000,1.1678
2025-03-20T12:30+10:00,general,0.0000,1.2045
2025-03-20T13:00+10:00,general,0.0000,1.1745
2025-03-20T13:30+10:00,general,0.0000,1.1250
2025-03-20T14:00+10:00,general,0.0000,1.0748
2025-03-20T14:30+10:00,general,0.0000,0.9748
2025-03-20T15:00+10:00,general,0.0000,0.8477
2025-03-20T15:30+10:00,general,0.0000,0.7033
2025-03-20T16:00+10:00,general,0.0000,0.5253
2025-03-20T16:30+10:00,general,0.0000,0.3142
2025-03-20T17:00+10:00,general,0.0000,0.0593
2025-03-20T17:30+10:00,general,0.2181,0.0000
2025-03-20T18:00+10:00,general,0.4642,0.0000
2025-03-20T18:30+10:00,general,0.6845,0.0000
2025-03-20T19:00+10:00,general,0.5962,0.0000
2025-03-20T19:30+10:00,general,0.7070,0.0000
2025-03-20T20:00+10:00,general,0.7703,0.0000
2025-03-20T20:30+10:00,general,0.5512,0.0000
2025-03-20T21:00+10:00,general,0.6582,0.0000
2025-03-20T21:30+10:00,general,0.4384,0.0000
2025-03-20T22:00+10:00,general,0.3579,0.0000
2025-03-20T22:30+10:00,general,0.3176,0.0000
2025-03-20T23:00+10:00,general,0.2846,0.0000
2025-03-20T23:30+10:00,general,0.2432,0.0000
2025-03-21T00:00+10:00,general,0.1818,0.0000
2025-03-21T00:30+10:00,general,0.1424,0.0000
2025-03-21T01:00+10:00,general,0.1462,0.0000
2025-03-21T01:30+10:00,general,0.1359,0.0000
2025-03-21T02:00+10:00,general,0.1454,0.0000
2025-03-21T02:30+10:00,general,0.1330,0.0000
2025-03-21T03:00+10:00,general,0.1676,0.0000
2025-03-21T03:30+10:00,general,0.1397,0.0000
2025-03-21T04:00+10:00,general,0.1350,0.0000
2025-03-21T04:30+10:00,general,0.1499,0.0000
2025-03-21T05:00+10:00,general,0.1981,0.0000
2025-03-21T05:30+10:00,general,0.1990,0.0000
2025-03-21T06:00+10:00,general,0.1901,0.0000
2025-03-21T06:30+10:00,general,0.2060,0.0000
2025-03-21T07:00+10:00,general,0.1069,0.0000
2025-03-21T07:30+10:00,general,0.0000,0.1186
2025-03-21T08:00+10:00,general,0.0000,0.2760
2025-03-21T08:30+10:00,general,0.0000,0.4130
2025-03-21T09:00+10:00,general,0.0000,0.6187
2025-03-21T09:30+10:00,general,0.0000,0.7789
2025-03-21T10:00+10:00,general,0.0000,0.8866
2025-03-21T10:30+10:00,general,0.0000,0.9860
2025-03-21T11:00+10:00,general,0.0000,1.0966
2025-03-21T11:30+10:00,general,0.0000,1.1226
2025-03-21T12:00+10:00,general,0.0000,1.1857
2025-03-21T12:30+10:00,general,0.0000,1.1885
2025-03-21T13:00+10:00,general,0.0000,1.1715
2025-03-21T13:30+10:00,general,0.0000,1.1443
2025-03-21T14:00+10:00,general,0.0000,1.0933
2025-03-21T14:30+10:00,general,0.0000,0.9623
2025-03-21T15:00+10:00,general,0.0000,0.8565
2025-03-21T15:30+10:00,general,0.0000,0.7279
2025-03-21T16:00+10:00,general,0.0000,0.5045
2025-03-21T16:30+10:00,general,0.0000,0.3537
2025-03-21T17:00+10:00,general,0.0000,0.0943
2025-03-21T17:30+10:00,general,0.1700,0.0000
2025-03-21T18:00+10:00,general,0.3281,0.0000
2025-03-21T18:30+10:00,general,0.6051,0.0000
2025-03-21T19:00+10:00,general,0.7400,0.0000
2025-03-21T19:30+10:00,general,0.7869,0.0000
2025-03-21T20:00+10:00,general,0.6685,0.0000
2025-03-21T20:30+10:00,general,0.5658,0.0000
2025-03-21T21:00+10:00,general,0.6238,0.0000
2025-03-21T21:30+10:00,general,0.4540,0.0000
2025-03-21T22:00+10:00,general,0.4148,0.0000
2025-03-21T22:30+10:00,general,0.3378,0.0000
2025-03-21T23:00+10:00,general,0.2654,0.0000
2025-03-21T23:30+10:00,general,0.2088,0.0000
2025-03-22T00:00+10:00,general,0.2355,0.0000
2025-03-22T00:30+10:00,general,0.1326,0.0000
2025-03-22T01:00+10:00,general,0.1515,0.0000
2025-03-22T01:30+10:00,general,0.1260,0.0000
2025-03-22T02:00+10:00,general,0.1274,0.0000
2025-03-22T02:30+10:00,general,0.1440,0.0000
2025-03-22T03:00+10:00,general,0.1645,0.0000
2025-03-22T03:30+10:00,general,0.1583,0.0000
2025-03-22T04:00+10:00,general,0.1682,0.0000
2025-03-22T04:30+10:00,general,0.1544,0.0000
2025-03-22T05:00+10:00,general,0.1790,0.0000
2025-03-22T05:30+10:00,general,0.1708,0.0000
2025-03-22T06:00+10:00,general,0.1888,0.0000
2025-03-22T06:30+10:00,general,0.2543,0.0000
2025-03-22T07:00+10:00,general,0.0474,0.0000
2025-03-22T07:30+10:00,general,0.0000,0.1159
2025-03-22T08:00+10:00,general,0.0000,0.2473
2025-03-22T08:30+10:00,general,0.0000,0.3973
2025-03-22T09:00+10:00,general,0.0000,0.6074
2025-03-22T09:30+10:00,general,0.0000,0.7659
2025-03-22T10:00+10:00,general,0.0000,0.9063
2025-03-22T10:30+10:00,general,0.0000,1.0132
2025-03-22T11:00+10:00,general,0.0000,1.0652
2025-03-22T11:30+10:00,general,0.0000,1.1496
2025-03-22T12:00+10:00,general,0.0000,1.1899
2025-03-22T12:30+10:00,general,0.0000,1.1726
2025-03-22T13:00+10:00,general,0.0000,1.1455
2025-03-22T13:30+10:00,general,0.0000,1.1362
2025-03-22T14:00+10:00,general,0.0000,1.0424
2025-03-22T14:30+10:00,general,0.0000,0.9764
2025-03-22T15:00+10:00,general,0.0000,0.8339
2025-03-22T15:30+10:00,general,0.0000,0.7147
2025-03-22T16:00+10:00,general,0.0000,0.5258
2025-03-22T16:30+10:00,general,0.0000,0.3544
2025-03-22T17:00+10:00,general,0.0000,0.1044
2025-03-22T17:30+10:00,general,0.1332,0.0000
2025-03-22T18:00+10:00,general,0.4646,0.0000
2025-03-22T18:30+10:00,general,0.6802,0.0000
2025-03-22T19:00+10:00,general,0.5973,0.0000
2025-03-22T19:30+10:00,general,0.7396,0.0000
2025-03-22T20:00+10:00,general,0.7373,0.0000
2025-03-22T20:30+10:00,general,0.5821,0.0000
2025-03-22T21:00+10:00,general,0.5560,0.0000
2025-03-22T21:30+10:00,general,0.4354,0.0000
2025-03-22T22:00+10:00,general,0.4540,0.0000
2025-03-22T22:30+10:00,general,0.3684,0.0000
2025-03-22T23:00+10:00,general,0.3154,0.0000
2025-03-22T23:30+10:00,general,0.2229,0.0000
2025-03-23T00:00+10:00,general,0.2320,0.0000
2025-03-23T00:30+10:00,general,0.1651,0.0000
2025-03-23T01:00+10:00,general,0.1505,0.0000
2025-03-23T01:30+10:00,general,0.1658,0.0000
2025-03-23T02:00+10:00,general,0.1382,0.0000
2025-03-23T02:30+10:00,general,0.1438,0.0000
2025-03-23T03:00+10:00,general,0.1371,0.0000
2025-03-23T03:30+10:00,general,0.1276,0.0000
2025-03-23T04:00+10:00,general,0.1416,0.0000
2025-03-23T04:30+10:00,general,0.1500,0.0000
2025-03-23T05:00+10:00,general,0.1645,0.0000
2025-03-23T05:30+10:00,general,0.1692,0.0000
2025-03-23T06:00+10:00,general,0.2224,0.0000
2025-03-23T06:30+10:00,general,0.2137,0.0000
2025-03-23T07:00+10:00,general,0.1009,0.0000
2025-03-23T07:30+10:00,general,0.0000,0.0415
2025-03-23T08:00+10:00,general,0.0000,0.2384
2025-03-23T08:30+10:00,general,0.0000,0.3979
2025-03-23T09:00+10:00,general,0.0000,0.5722
2025-03-23T09:30+10:00,general,0.0000,0.7729
2025-03-23T10:00+10:00,general,0.0000,0.8660
2025-03-23T10:30+10:00,general,0.0000,1.0033
2025-03-23T11:00+10:00,general,0.0000,1.0575
2025-03-23T11:30+10:00,general,0.0000,1.1420
2025-03-23T12:00+10:00,general,0.0000,1.1739
2025-03-23T12:30+10:00,general,0.0000,1.1709
2025-03-23T13:00+10:00,general,0.0000,1.1635
2025-03-23T13:30+10:00,general,0.0000,1.1196
2025-03-23T14:00+10:00,general,0.0000,1.0617
2025-03-23T14:30+10:00,general,0.0000,0.9717
2025-03-23T15:00+10:00,general,0.0000,0.8191
2025-03-23T15:30+10:00,general,0.0000,0.7295
2025-03-23T16:00+10:00,general,0.0000,0.4982
2025-03-23T16:30+10:00,general,0.0000,0.2780
2025-03-23T17:00+10:00,general,0.0000,0.1021
2025-03-23T17:30+10:00,general,0.1089,0.0000
2025-03-23T18:00+10:00,general,0.3957,0.0000
2025-03-23T18:30+10:00,general,0.6484,0.0000
2025-03-23T19:00+10:00,general,0.6228,0.0000
2025-03-23T19:30+10:00,general,0.7551,0.0000
2025-03-23T20:00+10:00,general,0.6729,0.0000
2025-03-23T20:30+10:00,general,0.5746,0.0000
2025-03-23T21:00+10:00,general,0.5707,0.0000
2025-03-23T21:30+10:00,general,0.5310,0.0000
2025-03-23T22:00+10:00,general,0.4488,0.0000
2025-03-23T22:30+10:00,general,0.3272,0.0000
2025-03-23T23:00+10:00,general,0.2739,0.0000
2025-03-23T23:30+10:00,general,0.2459,0.0000
2025-03-24T00:00+10:00,general,0.1891,0.0000
2025-03-24T00:30+10:00,general,0.1410,0.0000
2025-03-24T01:00+10:00,general,0.1490,0.0000
2025-03-24T01:30+10:00,general,0.1474,0.0000
2025-03-24T02:00+10:00,general,0.1681,0.0000
2025-03-24T02:30+10:00,general,0.1640,0.0000
2025-03-24T03:00+10:00,general,0.1398,0.0000
2025-03-24T03:30+10:00,general,0.1587,0.0000
2025-03-24T04:00+10:00,general,0.1662,0.0000
2025-03-24T04:30+10:00,general,0.1497,0.0000
2025-03-24T05:00+10:00,general,0.1491,0.0000
2025-03-24T05:30+10:00,general,0.1711,0.0000
2025-03-24T06:00+10:00,general,0.2024,0.0000
2025-03-24T06:30+10:00,general,0.2482,0.0000
2025-03-24T07:00+10:00,general,0.0660,0.0000
2025-03-24T07:30+10:00,general,0.0000,0.0976
2025-03-24T08:00+10:00,general,0.0000,0.2239
2025-03-24T08:30+10:00,general,0.0000,0.3895
2025-03-24T09:00+10:00,general,0.0000,0.5802
2025-03-24T09:30+10:00,general,0.0000,0.7359
2025-03-24T10:00+10:00,general,0.0000,0.8591
2025-03-24T10:30+10:00,general,0.0000,0.9729
2025-03-24T11:00+10:00,general,0.0000,1.0794
2025-03-24T11:30+10:00,general,0.0000,1.1246
2025-03-24T12:00+10:00,general,0.0000,1.1545
2025-03-24T12:30+10:00,general,0.0000,1.1735
2025-03-24T13:00+10:00,general,0.0000,1.1343
2025-03-24T13:30+10:00,general,0.0000,1.1179
2025-03-24T14:00+10:00,general,0.0000,1.0299
2025-03-24T14:30+10:00,general,0.0000,0.9568
2025-03-24T15:00+10:00,general,0.0000,0.8114
2025-03-24T15:30+10:00,general,0.0000,0.7259
2025-03-24T16:00+10:00,general,0.0000,0.5337
2025-03-24T16:30+10:00,general,0.0000,0.3584
2025-03-24T17:00+10:00,general,0.0000,0.1463
2025-03-24T17:30+10:00,general,0.1052,0.0000
2025-03-24T18:00+10:00,general,0.3969,0.0000
2025-03-24T18:30+10:00,general,0.6820,0.0000
2025-03-24T19:00+10:00,general,0.6212,0.0000
2025-03-24T19:30+10:00,general,0.6265,0.0000
2025-03-24T20:00+10:00,general,0.7209,0.0000
2025-03-24T20:30+10:00,general,0.6334,0.0000
2025-03-24T21:00+10:00,general,0.4884,0.0000
2025-03-24T21:30+10:00,general,0.4659,0.0000
2025-03-24T22:00+10:00,general,0.4559,0.0000
2025-03-24T22:30+10:00,general,0.3349,0.0000
2025-03-24T23:00+10:00,general,0.2553,0.0000
2025-03-24T23:30+10:00,general,0.2398,0.0000
2025-03-25T00:00+10:00,general,0.2043,0.0000
2025-03-25T00:30+10:00,general,0.1290,0.0000
2025-03-25T01:00+10:00,general,0.1487,0.0000
2025-03-25T01:30+10:00,general,0.1294,0.0000
2025-03-25T02:00+10:00,general,0.1675,0.0000
2025-03-25T02:30+10:00,general,0.1407,0.0000
2025-03-25T03:00+10:00,general,0.1673,0.0000
2025-03-25T03:30+10:00,general,0.1378,0.0000
2025-03-25T04:00+10:00,general,0.1319,0.0000
2025-03-25T04:30+10:00,general,0.1558,0.0000
2025-03-25T05:00+10:00,general,0.1816,0.0000
2025-03-25T05:30+10:00,general,0.1757,0.0000
2025-03-25T06:00+10:00,general,0.1948,0.0000
2025-03-25T06:30+10:00,general,0.2322,0.0000
2025-03-25T07:00+10:00,general,0.1094,0.0000
2025-03-25T07:30+10:00,general,0.0000,0.0487
2025-03-25T08:00+10:00,general,0.0000,0.2783
2025-03-25T08:30+10:00,general,0.0000,0.4089
2025-03-25T09:00+10:00,general,0.0000,0.6083
2025-03-25T09:30+10:00,general,0.0000,0.7449
2025-03-25T10:00+10:00,general,0.0000,0.8806
2025-03-25T10:30+10:00,general,0.0000,1.0005
2025-03-25T11:00+10:00,general,0.0000,1.0440
2025-03-25T11:30+10:00,general,0.0000,1.1236
2025-03-25T12:00+10:00,general,0.0000,1.1446
2025-03-25T12:30+10:00,general,0.0000,1.1705
2025-03-25T13:00+10:00,general,0.0000,1.1686
2025-03-25T13:30+10:00,general,0.0000,1.0871
2025-03-25T14:00+10:00,general,0.0000,1.0325
2025-03-25T14:30+10:00,general,0.0000,0.9399
2025-03-25T15:00+10:00,general,0.0000,0.8245
2025-03-25T15:30+10:00,general,0.0000,0.7143
2025-03-25T16:00+10:00,general,0.0000,0.4812
2025-03-25T16:30+10:00,general,0.0000,0.3376
2025-03-25T17:00+10:00,general,0.0000,0.1149
2025-03-25T17:30+10:00,general,0.1607,0.0000
2025-03-25T18:00+10:00,general,0.3352,0.0000
2025-03-25T18:30+10:00,general,0.6762,0.0000
2025-03-25T19:00+10:00,general,0.5893,0.0000
2025-03-25T19:30+10:00,general,0.7088,0.0000
2025-03-25T20:00+10:00,general,0.6583,0.0000
2025-03-25T20:30+10:00,general,0.7036,0.0000
2025-03-25T21:00+10:00,general,0.5244,0.0000
2025-03-25T21:30+10:00,general,0.4980,0.0000
2025-03-25T22:00+10:00,general,0.4173,0.0000
2025-03-25T22:30+10:00,general,0.3442,0.0000
2025-03-25T23:00+10:00,general,0.2671,0.0000
2025-03-25T23:30+10:00,general,0.2512,0.0000
2025-03-26T00:00+10:00,general,0.1914,0.0000
2025-03-26T00:30+10:00,general,0.1316,0.0000
2025-03-26T01:00+10:00,general,0.1580,0.0000
2025-03-26T01:30+10:00,general,0.1448,0.0000
2025-03-26T02:00+10:00,general,0.1588,0.0000
2025-03-26T02:30+10:00,general,0.1368,0.0000
2025-03-26T03:00+10:00,general,0.1336,0.0000
2025-03-26T03:30+10:00,general,0.1579,0.0000
2025-03-26T04:00+10:00,general,0.1314,0.0000
2025-03-26T04:30+10:00,general,0.1578,0.0000
2025-03-26T05:00+10:00,general,0.1925,0.0000
2025-03-26T05:30+10:00,general,0.2009,0.0000
2025-03-26T06:00+10:00,general,0.2442,0.0000
2025-03-26T06:30+10:00,general,0.2273,0.0000
2025-03-26T07:00+10:00,general,0.1186,0.0000
2025-03-26T07:30+10:00,general,0.0000,0.0969
2025-03-26T08:00+10:00,general,0.0000,0.2184
2025-03-26T08:30+10:00,general,0.0000,0.4347
2025-03-26T09:00+10:00,general,0.0000,0.5580
2025-03-26T09:30+10:00,general,0.0000,0.7068
2025-03-26T10:00+10:00,general,0.0000,0.8453
2025-03-26T10:30+10:00,general,0.0000,0.9558
2025-03-26T11:00+10:00,general,0.0000,1.0620
2025-03-26T11:30+10:00,general,0.0000,1.1097
2025-03-26T12:00+10:00,general,0.0000,1.1675
2025-03-26T12:30+10:00,general,0.0000,1.1436
2025-03-26T13:00+10:00,general,0.0000,1.1410
2025-03-26T13:30+10:00,general,0.0000,1.1037
2025-03-26T14:00+10:00,general,0.0000,1.0408
2025-03-26T14:30+10:00,general,0.0000,0.9624
2025-03-26T15:00+10:00,general,0.0000,0.8347
2025-03-26T15:30+10:00,general,0.0000,0.6666
2025-03-26T16:00+10:00,general,0.0000,0.5188
2025-03-26T16:30+10:00,general,0.0000,0.2721
2025-03-26T17:00+10:00,general,0.0000,0.0374
2025-03-26T17:30+10:00,general,0.1477,0.0000
2025-03-26T18:00+10:00,general,0.3343,0.0000
2025-03-26T18:30+10:00,general,0.5595,0.0000
2025-03-26T19:00+10:00,general,0.5839,0.0000
2025-03-26T19:30+10:00,general,0.6451,0.0000
2025-03-26T20:00+10:00,general,0.6174,0.0000
2025-03-26T20:30+10:00,general,0.6020,0.0000
2025-03-26T21:00+10:00,general,0.6233,0.0000
2025-03-26T21:30+10:00,general,0.4919,0.0000
2025-03-26T22:00+10:00,general,0.3934,0.0000
2025-03-26T22:30+10:00,general,0.2999,0.0000
2025-03-26T23:00+10:00,general,0.2734,0.0000
2025-03-26T23:30+10:00,general,0.2623,0.0000
2025-03-27T00:00+10:00,general,0.2191,0.0000
2025-03-27T00:30+10:00,general,0.1525,0.0000
2025-03-27T01:00+10:00,general,0.1307,0.0000
2025-03-27T01:30+10:00,general,0.1424,0.0000
2025-03-27T02:00+10:00,general,0.1461,0.0000
2025-03-27T02:30+10:00,general,0.1672,0.0000
2025-03-27T03:00+10:00,general,0.1691,0.0000
2025-03-27T03:30+10:00,general,0.1390,0.0000
2025-03-27T04:00+10:00,general,0.1714,0.0000
2025-03-27T04:30+10:00,general,0.1407,0.0000
2025-03-27T05:00+10:00,general,0.1850,0.0000
2025-03-27T05:30+10:00,general,0.1986,0.0000
2025-03-27T06:00+10:00,general,0.2024,0.0000
2025-03-27T06:30+10:00,general,0.2465,0.0000
2025-03-27T07:00+10:00,general,0.0960,0.0000
2025-03-27T07:30+10:00,general,0.0000,0.0342
2025-03-27T08:00+10:00,general,0.0000,0.2547
2025-03-27T08:30+10:00,general,0.0000,0.3858
2025-03-27T09:00+10:00,general,0.0000,0.5611
2025-03-27T09:30+10:00,general,0.0000,0.7459
2025-03-27T10:00+10:00,general,0.0000,0.8402
2025-03-27T10:30+10:00,general,0.0000,0.9836
2025-03-27T11:00+10:00,general,0.0000,1.0655
2025-03-27T11:30+10:00,general,0.0000,1.0846
2025-03-27T12:00+10:00,general,0.0000,1.1339
2025-03-27T12:30+10:00,general,0.0000,1.1282
2025-03-27T13:00+10:00,general,0.0000,1.1573
2025-03-27T13:30+10:00,general,0.0000,1.0805
2025-03-27T14:00+10:00,general,0.0000,1.0471
2025-03-27T14:30+10:00,general,0.0000,0.9490
2025-03-27T15:00+10:00,general,0.0000,0.8309
2025-03-27T15:30+10:00,general,0.0000,0.7063
2025-03-27T16:00+10:00,general,0.0000,0.5246
2025-03-27T16:30+10:00,general,0.0000,0.2875
2025-03-27T17:00+10:00,general,0.0000,0.0383
2025-03-27T17:30+10:00,general,0.1659,0.0000
2025-03-27T18:00+10:00,general,0.4764,0.0000
2025-03-27T18:30+10:00,general,0.5849,0.0000
2025-03-27T19:00+10:00,general,0.6107,0.0000
2025-03-27T19:30+10:00,general,0.7046,0.0000
2025-03-27T20:00+10:00,general,0.7107,0.0000
2025-03-27T20:30+10:00,general,0.6330,0.0000
2025-03-27T21:00+10:00,general,0.5749,0.0000
2025-03-27T21:30+10:00,general,0.5360,0.0000
2025-03-27T22:00+10:00,general,0.4047,0.0000
2025-03-27T22:30+10:00,general,0.3768,0.0000
2025-03-27T23:00+10:00,general,0.2665,0.0000
2025-03-27T23:30+10:00,general,0.2288,0.0000
2025-03-28T00:00+10:00,general,0.2152,0.0000
2025-03-28T00:30+10:00,general,0.1288,0.0000
2025-03-28T01:00+10:00,general,0.1610,0.0000
2025-03-28T01:30+10:00,general,0.1599,0.0000
2025-03-28T02:00+10:00,general,0.1263,0.0000
2025-03-28T02:30+10:00,general,0.1455,0.0000
2025-03-28T03:00+10:00,general,0.1397,0.0000
2025-03-28T03:30+10:00,general,0.1305,0.0000
2025-03-28T04:00+10:00,general,0.1443,0.0000
2025-03-28T04:30+10:00,general,0.1797,0.0000
2025-03-28T05:00+10:00,general,0.1556,0.0000
2025-03-28T05:30+10:00,general,0.1787,0.0000
2025-03-28T06:00+10:00,general,0.2138,0.0000
2025-03-28T06:30+10:00,general,0.2199,0.0000
2025-03-28T07:00+10:00,general,0.1192,0.0000
2025-03-28T07:30+10:00,general,0.0000,0.0786
2025-03-28T08:00+10:00,general,0.0000,0.2672
2025-03-28T08:30+10:00,general,0.0000,0.4086
2025-03-28T09:00+10:00,general,0.0000,0.5911
2025-03-28T09:30+10:00,general,0.0000,0.7026
2025-03-28T10:00+10:00,general,0.0000,0.8484
2025-03-28T10:30+10:00,general,0.0000,0.9502
2025-03-28T11:00+10:00,general,0.0000,1.0565
2025-03-28T11:30+10:00,general,0.0000,1.1061
2025-03-28T12:00+10:00,general,0.0000,1.1551
2025-03-28T12:30+10:00,general,0.0000,1.1631
2025-03-28T13:00+10:00,general,0.0000,1.1447
2025-03-28T13:30+10:00,general,0.0000,1.0710
2025-03-28T14:00+10:00,general,0.0000,1.0125
2025-03-28T14:30+10:00,general,0.0000,0.9221
2025-03-28T15:00+10:00,general,0.0000,0.7934
2025-03-28T15:30+10:00,general,0.0000,0.6780
2025-03-28T16:00+10:00,general,0.0000,0.5401
2025-03-28T16:30+10:00,general,0.0000,0.2668
2025-03-28T17:00+10:00,general,0.0000,0.1103
2025-03-28T17:30+10:00,general,0.1902,0.0000
2025-03-28T18:00+10:00,general,0.4084,0.0000
2025-03-28T18:30+10:00,general,0.6282,0.0000
2025-03-28T19:00+10:00,general,0.6608,0.0000
2025-03-28T19:30+10:00,general,0.7662,0.0000
2025-03-28T20:00+10:00,general,0.7561,0.0000
2025-03-28T20:30+10:00,general,0.5542,0.0000
2025-03-28T21:00+10:00,general,0.5029,0.0000
2025-03-28T21:30+10:00,general,0.4886,0.0000
2025-03-28T22:00+10:00,general,0.4362,0.0000
2025-03-28T22:30+10:00,general,0.3020,0.0000
2025-03-28T23:00+10:00,general,0.2821,0.0000
2025-03-28T23:30+10:00,general,0.2394,0.0000
2025-03-29T00:00+10:00,general,0.2112,0.0000
2025-03-29T00:30+10:00,general,0.1425,0.0000
2025-03-29T01:00+10:00,general,0.1353,0.0000
2025-03-29T01:30+10:00,general,0.1438,0.0000
2025-03-29T02:00+10:00,general,0.1624,0.0000
2025-03-29T02:30+10:00,general,0.1666,0.0000
2025-03-29T03:00+10:00,general,0.1439,0.0000
2025-03-29T03:30+10:00,general,0.1486,0.0000
2025-03-29T04:00+10:00,general,0.1486,0.0000
2025-03-29T04:30+10:00,general,0.1706,0.0000
2025-03-29T05:00+10:00,general,0.1654,0.0000
2025-03-29T05:30+10:00,general,0.1860,0.0000
2025-03-29T06:00+10:00,general,0.2468,0.0000
2025-03-29T06:30+10:00,general,0.2349,0.0000
2025-03-29T07:00+10:00,general,0.0658,0.0000
2025-03-29T07:30+10:00,general,0.0000,0.0676
2025-03-29T08:00+10:00,general,0.0000,0.1937
2025-03-29T08:30+10:00,general,0.0000,0.4174
2025-03-29T09:00+10:00,general,0.0000,0.5919
2025-03-29T09:30+10:00,general,0.0000,0.7250
2025-03-29T10:00+10:00,general,0.0000,0.8375
2025-03-29T10:30+10:00,general,0.0000,0.9465
2025-03-29T11:00+10:00,general,0.0000,1.0234
2025-03-29T11:30+10:00,general,0.0000,1.0884
2025-03-29T12:00+10:00,general,0.0000,1.1379
2025-03-29T12:30+10:00,general,0.0000,1.1399
2025-03-29T13:00+10:00,general,0.0000,1.1065
2025-03-29T13:30+10:00,general,0.0000,1.0712
2025-03-29T14:00+10:00,general,0.0000,1.0255
2025-03-29T14:30+10:00,general,0.0000,0.9359
2025-03-29T15:00+10:00,general,0.0000,0.8409
2025-03-29T15:30+10:00,general,0.0000,0.6740
2025-03-29T16:00+10:00,general,0.0000,0.4787
2025-03-29T16:30+10:00,general,0.0000,0.3152
2025-03-29T17:00+10:00,general,0.0000,0.0123
2025-03-29T17:30+10:00,general,0.2148,0.0000
2025-03-29T18:00+10:00,general,0.3659,0.0000
2025-03-29T18:30+10:00,general,0.6126,0.0000
2025-03-29T19:00+10:00,general,0.6850,0.0000
2025-03-29T19:30+10:00,general,0.6628,0.0000
2025-03-29T20:00+10:00,general,0.5900,0.0000
2025-03-29T20:30+10:00,general,0.6636,0.0000
2025-03-29T21:00+10:00,general,0.5613,0.0000
2025-03-29T21:30+10:00,general,0.4919,0.0000
2025-03-29T22:00+10:00,general,0.4135,0.0000
2025-03-29T22:30+10:00,general,0.3242,0.0000
2025-03-29T23:00+10:00,general,0.2952,0.0000
2025-03-29T23:30+10:00,general,0.2644,0.0000
2025-03-30T00:00+10:00,general,0.1856,0.0000
2025-03-30T00:30+10:00,general,0.1484,0.0000
2025-03-30T01:00+10:00,general,0.1325,0.0000
2025-03-30T01:30+10:00,general,0.1605,0.0000
2025-03-30T02:00+10:00,general,0.1532,0.0000
2025-03-30T02:30+10:00,general,0.1270,0.0000
2025-03-30T03:00+10:00,general,0.1496,0.0000
2025-03-30T03:30+10:00,general,0.1714,0.0000
2025-03-30T04:00+10:00,general,0.1686,0.0000
2025-03-30T04:30+10:00,general,0.1370,0.0000
2025-03-30T05:00+10:00,general,0.1804,0.0000
2025-03-30T05:30+10:00,general,0.1666,0.0000
2025-03-30T06:00+10:00,general,0.2010,0.0000
2025-03-30T06:30+10:00,general,0.2563,0.0000
2025-03-30T07:00+10:00,general,0.1306,0.0000
2025-03-30T07:30+10:00,general,0.0000,0.0944
2025-03-30T08:00+10:00,general,0.0000,0.2266
2025-03-30T08:30+10:00,general,0.0000,0.4332
2025-03-30T09:00+10:00,general,0.0000,0.5850
2025-03-30T09:30+10:00,general,0.0000,0.7343
2025-03-30T10:00+10:00,general,0.0000,0.8679
2025-03-30T10:30+10:00,general,0.0000,0.9450
2025-03-30T11:00+10:00,general,0.0000,1.0384
2025-03-30T11:30+10:00,general,0.0000,1.0987
2025-03-30T12:00+10:00,general,0.0000,1.1189
2025-03-30T12:30+10:00,general,0.0000,1.1331
2025-03-30T13:00+10:00,general,0.0000,1.1335
2025-03-30T13:30+10:00,general,0.0000,1.0816
2025-03-30T14:00+10:00,general,0.0000,1.0302
2025-03-30T14:30+10:00,general,0.0000,0.9528
2025-03-30T15:00+10:00,general,0.0000,0.8321
2025-03-30T15:30+10:00,general,0.0000,0.6779
2025-03-30T16:00+10:00,general,0.0000,0.5114
2025-03-30T16:30+10:00,general,0.0000,0.2821
2025-03-30T17:00+10:00,general,0.0000,0.1138
2025-03-30T17:30+10:00,general,0.1981,0.0000
2025-03-30T18:00+10:00,general,0.3618,0.0000
2025-03-30T18:30+10:00,general,0.6886,0.0000
2025-03-30T19:00+10:00,general,0.6516,0.0000
2025-03-30T19:30+10:00,general,0.6511,0.0000
2025-03-30T20:00+10:00,general,0.7252,0.0000
2025-03-30T20:30+10:00,general,0.6367,0.0000
2025-03-30T21:00+10:00,general,0.5703,0.0000
2025-03-30T21:30+10:00,general,0.4389,0.0000
2025-03-30T22:00+10:00,general,0.4020,0.0000
2025-03-30T22:30+10:00,general,0.3612,0.0000
2025-03-30T23:00+10:00,general,0.2957,0.0000
2025-03-30T23:30+10:00,general,0.2241,0.0000
2025-03-31T00:00+10:00,general,0.2353,0.0000
2025-03-31T00:30+10:00,general,0.1488,0.0000
2025-03-31T01:00+10:00,general,0.1316,0.0000
2025-03-31T01:30+10:00,general,0.1340,0.0000
2025-03-31T02:00+10:00,general,0.1453,0.0000
2025-03-31T02:30+10:00,general,0.1632,0.0000
2025-03-31T03:00+10:00,general,0.1333,0.0000
2025-03-31T03:30+10:00,general,0.1443,0.0000
2025-03-31T04:00+10:00,general,0.1655,0.0000
2025-03-31T04:30+10:00,general,0.1452,0.0000
2025-03-31T05:00+10:00,general,0.1636,0.0000
2025-03-31T05:30+10:00,general,0.2157,0.0000
2025-03-31T06:00+10:00,general,0.2179,0.0000
2025-03-31T06:30+10:00,general,0.2324,0.0000
2025-03-31T07:00+10:00,general,0.0909,0.0000
2025-03-31T07:30+10:00,general,0.0000,0.0709
2025-03-31T08:00+10:00,general,0.0000,0.2239
2025-03-31T08:30+10:00,general,0.0000,0.3780
2025-03-31T09:00+10:00,general,0.0000,0.5803
2025-03-31T09:30+10:00,general,0.0000,0.6990
2025-03-31T10:00+10:00,general,0.0000,0.8285
2025-03-31T10:30+10:00,general,0.0000,0.9527
2025-03-31T11:00+10:00,general,0.0000,1.0060
2025-03-31T11:30+10:00,general,0.0000,1.0925
2025-03-31T12:00+10:00,general,0.0000,1.1072
2025-03-31T12:30+10:00,general,0.0000,1.1174
2025-03-31T13:00+10:00,general,0.0000,1.1036
2025-03-31T13:30+10:00,general,0.0000,1.0597
2025-03-31T14:00+10:00,general,0.0000,0.9983
2025-03-31T14:30+10:00,general,0.0000,0.9319
2025-03-31T15:00+10:00,general,0.0000,0.8337
2025-03-31T15:30+10:00,general,0.0000,0.6469
2025-03-31T16:00+10:00,general,0.0000,0.5183
2025-03-31T16:30+10:00,general,0.0000,0.2993
2025-03-31T17:00+10:00,general,0.0000,0.0368
2025-03-31T17:30+10:00,general,0.1409,0.0000
2025-03-31T18:00+10:00,general,0.3488,0.0000
2025-03-31T18:30+10:00,general,0.6469,0.0000
2025-03-31T19:00+10:00,general,0.7130,0.0000
2025-03-31T19:30+10:00,general,0.6003,0.0000
2025-03-31T20:00+10:00,general,0.6765,0.0000
2025-03-31T20:30+10:00,general,0.5759,0.0000
2025-03-31T21:00+10:00,general,0.6034,0.0000
2025-03-31T21:30+10:00,general,0.4975,0.0000
2025-03-31T22:00+10:00,general,0.4591,0.0000
2025-03-31T22:30+10:00,general,0.3727,0.0000
2025-03-31T23:00+10:00,general,0.2873,0.0000
2025-03-31T23:30+10:00,general,0.2536,0.0000
2025-04-01T00:00+10:00,general,0.1782,0.0000
2025-04-01T00:30+10:00,general,0.1396,0.0000
2025-04-01T01:00+10:00,general,0.1542,0.0000
2025-04-01T01:30+10:00,general,0.1412,0.0000
2025-04-01T02:00+10:00,general,0.1259,0.0000
2025-04-01T02:30+10:00,general,0.1274,0.0000
2025-04-01T03:00+10:00,general,0.1314,0.0000
2025-04-01T03:30+10:00,general,0.1320,0.0000
2025-04-01T04:00+10:00,general,0.1624,0.0000
2025-04-01T04:30+10:00,general,0.1656,0.0000
2025-04-01T05:00+10:00,general,0.1503,0.0000
2025-04-01T05:30+10:00,general,0.1963,0.0000
2025-04-01T06:00+10:00,general,0.2230,0.0000
2025-04-01T06:30+10:00,general,0.2674,0.0000
2025-04-01T07:00+10:00,general,0.0753,0.0000
2025-04-01T07:30+10:00,general,0.0000,0.0491
2025-04-01T08:00+10:00,general,0.0000,0.1965
2025-04-01T08:30+10:00,general,0.0000,0.3900
2025-04-01T09:00+10:00,general,0.0000,0.5467
2025-04-01T09:30+10:00,general,0.0000,0.6953
2025-04-01T10:00+10:00,general,0.0000,0.8200
2025-04-01T10:30+10:00,general,0.0000,0.9322
2025-04-01T11:00+10:00,general,0.0000,1.0164
2025-04-01T11:30+10:00,general,0.0000,1.0963
2025-04-01T12:00+10:00,general,0.0000,1.1082
2025-04-01T12:30+10:00,general,0.0000,1.1152
2025-04-01T13:00+10:00,general,0.0000,1.1082
2025-04-01T13:30+10:00,general,0.0000,1.0788
2025-04-01T14:00+10:00,general,0.0000,0.9970
2025-04-01T14:30+10:00,general,0.0000,0.8924
2025-04-01T15:00+10:00,general,0.0000,0.7813
2025-04-01T15:30+10:00,general,0.0000,0.6844
2025-04-01T16:00+10:00,general,0.0000,0.4484
2025-04-01T16:30+10:00,general,0.0000,0.2509
2025-04-01T17:00+10:00,general,0.0000,0.1038
2025-04-01T17:30+10:00,general,0.1120,0.0000
2025-04-01T18:00+10:00,general,0.3299,0.0000
2025-04-01T18:30+10:00,general,0.6012,0.0000
2025-04-01T19:00+10:00,general,0.6985,0.0000
2025-04-01T19:30+10:00,general,0.6005,0.0000
2025-04-01T20:00+10:00,general,0.6465,0.0000
2025-04-01T20:30+10:00,general,0.5603,0.0000
2025-04-01T21:00+10:00,general,0.6574,0.0000
2025-04-01T21:30+10:00,general,0.5048,0.0000
2025-04-01T22:00+10:00,general,0.4062,0.0000
2025-04-01T22:30+10:00,general,0.3289,0.0000
2025-04-01T23:00+10:00,general,0.2721,0.0000
2025-04-01T23:30+10:00,general,0.2322,0.0000
2025-04-02T00:00+10:00,general,0.1952,0.0000
2025-04-02T00:30+10:00,general,0.1584,0.0000
2025-04-02T01:00+10:00,general,0.1376,0.0000
2025-04-02T01:30+10:00,general,0.1325,0.0000
2025-04-02T02:00+10:00,general,0.1519,0.0000
2025-04-02T02:30+10:00,general,0.1289,0.0000
2025-04-02T03:00+10:00,general,0.1671,0.0000
2025-04-02T03:30+10:00,general,0.1660,0.0000
2025-04-02T04:00+10:00,general,0.1404,0.0000
2025-04-02T04:30+10:00,general,0.1691,0.0000
2025-04-02T05:00+10:00,general,0.1930,0.0000
2025-04-02T05:30+10:00,general,0.1874,0.0000
2025-04-02T06:00+10:00,general,0.2213,0.0000
2025-04-02T06:30+10:00,general,0.2747,0.0000
2025-04-02T07:00+10:00,general,0.0918,0.0000
2025-04-02T07:30+10:00,general,0.0000,0.0388
2025-04-02T08:00+10:00,general,0.0000,0.2365
2025-04-02T08:30+10:00,general,0.0000,0.3695
2025-04-02T09:00+10:00,general,0.0000,0.5402
2025-04-02T09:30+10:00,general,0.0000,0.6801
2025-04-02T10:00+10:00,general,0.0000,0.8475
2025-04-02T10:30+10:00,general,0.0000,0.9469
2025-04-02T11:00+10:00,general,0.0000,0.9901
2025-04-02T11:30+10:00,general,0.0000,1.0669
2025-04-02T12:00+10:00,general,0.0000,1.0865
2025-04-02T12:30+10:00,general,0.0000,1.1231
2025-04-02T13:00+10:00,general,0.0000,1.1005
2025-04-02T13:30+10:00,general,0.0000,1.0431
2025-04-02T14:00+10:00,general,0.0000,0.9947
2025-04-02T14:30+10:00,general,0.0000,0.9031
2025-04-02T15:00+10:00,general,0.0000,0.7960
2025-04-02T15:30+10:00,general,0.0000,0.6817
2025-04-02T16:00+10:00,general,0.0000,0.4808
2025-04-02T16:30+10:00,general,0.0000,0.2876
2025-04-02T17:00+10:00,general,0.0000,0.0121
2025-04-02T17:30+10:00,general,0.2233,0.0000
2025-04-02T18:00+10:00,general,0.4663,0.0000
2025-04-02T18:30+10:00,general,0.6624,0.0000
2025-04-02T19:00+10:00,general,0.6373,0.0000
2025-04-02T19:30+10:00,general,0.6120,0.0000
2025-04-02T20:00+10:00,general,0.7076,0.0000
2025-04-02T20:30+10:00,general,0.5762,0.0000
2025-04-02T21:00+10:00,general,0.5971,0.0000
2025-04-02T21:30+10:00,general,0.5709,0.0000
2025-04-02T22:00+10:00,general,0.3694,0.0000
2025-04-02T22:30+10:00,general,0.3283,0.0000
2025-04-02T23:00+10:00,general,0.2892,0.0000
2025-04-02T23:30+10:00,general,0.2652,0.0000
2025-04-03T00:00+10:00,general,0.2271,0.0000
2025-04-03T00:30+10:00,general,0.1266,0.0000
2025-04-03T01:00+10:00,general,0.1631,0.0000
2025-04-03T01:30+10:00,general,0.1561,0.0000
2025-04-03T02:00+10:00,general,0.1275,0.0000
2025-04-03T02:30+10:00,general,0.1607,0.0000
2025-04-03T03:00+10:00,general,0.1505,0.0000
2025-04-03T03:30+10:00,general,0.1563,0.0000
2025-04-03T04:00+10:00,general,0.1710,0.0000
2025-04-03T04:30+10:00,general,0.1629,0.0000
2025-04-03T05:00+10:00,general,0.1944,0.0000
2025-04-03T05:30+10:00,general,0.2144,0.0000
2025-04-03T06:00+10:00,general,0.2208,0.0000
2025-04-03T06:30+10:00,general,0.2480,0.0000
2025-04-03T07:00+10:00,general,0.1174,0.0000
2025-04-03T07:30+10:00,general,0.0000,0.0329
2025-04-03T08:00+10:00,general,0.0000,0.2302
2025-04-03T08:30+10:00,general,0.0000,0.3775
2025-04-03T09:00+10:00,general,0.0000,0.5682
2025-04-03T09:30+10:00,general,0.0000,0.7099
2025-04-03T10:00+10:00,general,0.0000,0.7987
2025-04-03T10:30+10:00,general,0.0000,0.9469
2025-04-03T11:00+10:00,general,0.0000,1.0264
2025-04-03T11:30+10:00,general,0.0000,1.0529
2025-04-03T12:00+10:00,general,0.0000,1.0982
2025-04-03T12:30+10:00,general,0.0000,1.1163
2025-04-03T13:00+10:00,general,0.0000,1.0937
2025-04-03T13:30+10:00,general,0.0000,1.0462
2025-04-03T14:00+10:00,general,0.0000,0.9826
2025-04-03T14:30+10:00,general,0.0000,0.9327
2025-04-03T15:00+10:00,general,0.0000,0.8140
2025-04-03T15:30+10:00,general,0.0000,0.6261
2025-04-03T16:00+10:00,general,0.0000,0.4434
2025-04-03T16:30+10:00,general,0.0000,0.2562
2025-04-03T17:00+10:00,general,0.0000,0.0225
2025-04-03T17:30+10:00,general,0.1651,0.0000
2025-04-03T18:00+10:00,general,0.4356,0.0000
2025-04-03T18:30+10:00,general,0.6451,0.0000
2025-04-03T19:00+10:00,general,0.5990,0.0000
2025-04-03T19:30+10:00,general,0.6358,0.0000
2025-04-03T20:00+10:00,general,0.7621,0.0000
2025-04-03T20:30+10:00,general,0.5524,0.0000
2025-04-03T21:00+10:00,general,0.5985,0.0000
2025-04-03T21:30+10:00,general,0.4351,0.0000
2025-04-03T22:00+10:00,general,0.4146,0.0000
2025-04-03T22:30+10:00,general,0.3813,0.0000
2025-04-03T23:00+10:00,general,0.3101,0.0000
2025-04-03T23:30+10:00,general,0.2643,0.0000
2025-04-04T00:00+10:00,general,0.1946,0.0000
2025-04-04T00:30+10:00,general,0.1335,0.0000
2025-04-04T01:00+10:00,general,0.1335,0.0000
2025-04-04T01:30+10:00,general,0.1319,0.0000
2025-04-04T02:00+10:00,general,0.1669,0.0000
2025-04-04T02:30+10:00,general,0.1441,0.0000
2025-04-04T03:00+10:00,general,0.1422,0.0000
2025-04-04T03:30+10:00,general,0.1653,0.0000
2025-04-04T04:00+10:00,general,0.1507,0.0000
2025-04-04T04:30+10:00,general,0.1596,0.0000
2025-04-04T05:00+10:00,general,0.1767,0.0000
2025-04-04T05:30+10:00,general,0.1970,0.0000
2025-04-04T06:00+10:00,general,0.2148,0.0000
2025-04-04T06:30+10:00,general,0.2264,0.0000
2025-04-04T07:00+10:00,general,0.0622,0.0000
2025-04-04T07:30+10:00,general,0.0000,0.0824
2025-04-04T08:00+10:00,general,0.0000,0.2050
2025-04-04T08:30+10:00,general,0.0000,0.3837
2025-04-04T09:00+10:00,general,0.0000,0.5398
2025-04-04T09:30+10:00,general,0.0000,0.6909
2025-04-04T10:00+10:00,general,0.0000,0.8424
2025-04-04T10:30+10:00,general,0.0000,0.9013
2025-04-04T11:00+10:00,general,0.0000,0.9920
2025-04-04T11:30+10:00,general,0.0000,1.0443
2025-04-04T12:00+10:00,general,0.0000,1.0970
2025-04-04T12:30+10:00,general,0.0000,1.0858
2025-04-04T13:00+10:00,general,0.0000,1.0936
2025-04-04T13:30+10:00,general,0.0000,1.0275
2025-04-04T14:00+10:00,general,0.0000,0.9897
2025-04-04T14:30+10:00,general,0.0000,0.9015
2025-04-04T15:00+10:00,general,0.0000,0.7862
2025-04-04T15:30+10:00,general,0.0000,0.6506
2025-04-04T16:00+10:00,general,0.0000,0.4627
2025-04-04T16:30+10:00,general,0.0000,0.2251
2025-04-04T17:00+10:00,general,0.0000,0.0169
2025-04-04T17:30+10:00,general,0.1159,0.0000
2025-04-04T18:00+10:00,general,0.3699,0.0000
2025-04-04T18:30+10:00,general,0.6902,0.0000
2025-04-04T19:00+10:00,general,0.7735,0.0000
2025-04-04T19:30+10:00,general,0.7866,0.0000
2025-04-04T20:00+10:00,general,0.6102,0.0000
2025-04-04T20:30+10:00,general,0.6687,0.0000
2025-04-04T21:00+10:00,general,0.5689,0.0000
2025-04-04T21:30+10:00,general,0.5441,0.0000
2025-04-04T22:00+10:00,general,0.4259,0.0000
2025-04-04T22:30+10:00,general,0.3336,0.0000
2025-04-04T23:00+10:00,general,0.3211,0.0000
2025-04-04T23:30+10:00,general,0.2336,0.0000
2025-04-05T00:00+10:00,general,0.2326,0.0000
2025-04-05T00:30+10:00,general,0.1270,0.0000
2025-04-05T01:00+10:00,general,0.1433,0.0000
2025-04-05T01:30+10:00,general,0.1512,0.0000
2025-04-05T02:00+10:00,general,0.1395,0.0000
2025-04-05T02:30+10:00,general,0.1311,0.0000
2025-04-05T03:00+10:00,general,0.1365,0.0000
2025-04-05T03:30+10:00,general,0.1523,0.0000
2025-04-05T04:00+10:00,general,0.1503,0.0000
2025-04-05T04:30+10:00,general,0.1370,0.0000
2025-04-05T05:00+10:00,general,0.1756,0.0000
2025-04-05T05:30+10:00,general,0.1692,0.0000
2025-04-05T06:00+10:00,general,0.2127,0.0000
2025-04-05T06:30+10:00,general,0.2677,0.0000
2025-04-05T07:00+10:00,general,0.1076,0.0000
2025-04-05T07:30+10:00,general,0.0000,0.0544
2025-04-05T08:00+10:00,general,0.0000,0.2338
2025-04-05T08:30+10:00,general,0.0000,0.4092
2025-04-05T09:00+10:00,general,0.0000,0.5388
2025-04-05T09:30+10:00,general,0.0000,0.6895
2025-04-05T10:00+10:00,general,0.0000,0.7958
2025-04-05T10:30+10:00,general,0.0000,0.8919
2025-04-05T11:00+10:00,general,0.0000,0.9874
2025-04-05T11:30+10:00,general,0.0000,1.0434
2025-04-05T12:00+10:00,general,0.0000,1.0966
2025-04-05T12:30+10:00,general,0.0000,1.1013
2025-04-05T13:00+10:00,general,0.0000,1.0659
2025-04-05T13:30+10:00,general,0.0000,1.0558
2025-04-05T14:00+10:00,general,0.0000,0.9561
2025-04-05T14:30+10:00,general,0.0000,0.8884
2025-04-05T15:00+10:00,general,0.0000,0.7541
2025-04-05T15:30+10:00,general,0.0000,0.6722
2025-04-05T16:00+10:00,general,0.0000,0.5085
2025-04-05T16:30+10:00,general,0.0000,0.2279
2025-04-05T17:00+10:00,general,0.0000,0.0131
2025-04-05T17:30+10:00,general,0.1468,0.0000
2025-04-05T18:00+10:00,general,0.4646,0.0000
2025-04-05T18:30+10:00,general,0.7044,0.0000
2025-04-05T19:00+10:00,general,0.7236,0.0000
2025-04-05T19:30+10:00,general,0.6301,0.0000
2025-04-05T20:00+10:00,general,0.6702,0.0000
2025-04-05T20:30+10:00,general,0.7027,0.0000
2025-04-05T21:00+10:00,general,0.5244,0.0000
2025-04-05T21:30+10:00,general,0.5254,0.0000
2025-04-05T22:00+10:00,general,0.4818,0.0000
2025-04-05T22:30+10:00,general,0.3864,0.0000
2025-04-05T23:00+10:00,general,0.2637,0.0000
2025-04-05T23:30+10:00,general,0.2445,0.0000
2025-04-06T00:00+10:00,general,0.1867,0.0000
2025-04-06T00:30+10:00,general,0.1292,0.0000
2025-04-06T01:00+10:00,general,0.1501,0.0000
2025-04-06T01:30+10:00,general,0.1670,0.0000
2025-04-06T02:00+10:00,general,0.1607,0.0000
2025-04-06T02:30+10:00,general,0.1569,0.0000
2025-04-06T03:00+10:00,general,0.1507,0.0000
2025-04-06T03:30+10:00,general,0.1653,0.0000
2025-04-06T04:00+10:00,general,0.1708,0.0000
2025-04-06T04:30+10:00,general,0.1575,0.0000
2025-04-06T05:00+10:00,general,0.1748,0.0000
2025-04-06T05:30+10:00,general,0.1939,0.0000
2025-04-06T06:00+10:00,general,0.2006,0.0000
2025-04-06T06:30+10:00,general,0.2753,0.0000
2025-04-06T07:00+10:00,general,0.1032,0.0000
2025-04-06T07:30+10:00,general,0.0000,0.0230
2025-04-06T08:00+10:00,general,0.0000,0.1831
2025-04-06T08:30+10:00,general,0.0000,0.3600
2025-04-06T09:00+10:00,general,0.0000,0.5267
2025-04-06T09:30+10:00,general,0.0000,0.6827
2025-04-06T10:00+10:00,general,0.0000,0.8260
2025-04-06T10:30+10:00,general,0.0000,0.9100
2025-04-06T11:00+10:00,general,0.0000,1.0043
2025-04-06T11:30+10:00,general,0.0000,1.0652
2025-04-06T12:00+10:00,general,0.0000,1.0731
2025-04-06T12:30+10:00,general,0.0000,1.0891
2025-04-06T13:00+10:00,general,0.0000,1.0678
2025-04-06T13:30+10:00,general,0.0000,1.0399
2025-04-06T14:00+10:00,general,0.0000,0.9975
2025-04-06T14:30+10:00,general,0.0000,0.8733
2025-04-06T15:00+10:00,general,0.0000,0.7622
2025-04-06T15:30+10:00,general,0.0000,0.6266
2025-04-06T16:00+10:00,general,0.0000,0.4408
2025-04-06T16:30+10:00,general,0.0000,0.3114
2025-04-06T17:00+10:00,general,0.0000,0.1043
2025-04-06T17:30+10:00,general,0.1632,0.0000
2025-04-06T18:00+10:00,general,0.4414,0.0000
2025-04-06T18:30+10:00,general,0.5601,0.0000
2025-04-06T19:00+10:00,general,0.6787,0.0000
2025-04-06T19:30+10:00,general,0.6766,0.0000
2025-04-06T20:00+10:00,general,0.7707,0.0000
2025-04-06T20:30+10:00,general,0.5630,0.0000
2025-04-06T21:00+10:00,general,0.6534,0.0000
2025-04-06T21:30+10:00,general,0.4885,0.0000
2025-04-06T22:00+10:00,general,0.3616,0.0000
2025-04-06T22:30+10:00,general,0.3223,0.0000
2025-04-06T23:00+10:00,general,0.2592,0.0000
2025-04-06T23:30+10:00,general,0.2452,0.0000
2025-04-07T00:00+10:00,general,0.2190,0.0000
2025-04-07T00:30+10:00,general,0.1462,0.0000
2025-04-07T01:00+10:00,general,0.1578,0.0000
2025-04-07T01:30+10:00,general,0.1693,0.0000
2025-04-07T02:00+10:00,general,0.1602,0.0000
2025-04-07T02:30+10:00,general,0.1372,0.0000
2025-04-07T03:00+10:00,general,0.1593,0.0000
2025-04-07T03:30+10:00,general,0.1688,0.0000
2025-04-07T04:00+10:00,general,0.1456,0.0000
2025-04-07T04:30+10:00,general,0.1379,0.0000
2025-04-07T05:00+10:00,general,0.1695,0.0000
2025-04-07T05:30+10:00,general,0.2088,0.0000
2025-04-07T06:00+10:00,general,0.1899,0.0000
2025-04-07T06:30+10:00,general,0.2206,0.0000
2025-04-07T07:00+10:00,general,0.0870,0.0000
2025-04-07T07:30+10:00,general,0.0000,0.0450
2025-04-07T08:00+10:00,general,0.0000,0.1803
2025-04-07T08:30+10:00,general,0.0000,0.4017
2025-04-07T09:00+10:00,general,0.0000,0.5550
2025-04-07T09:30+10:00,general,0.0000,0.6767
2025-04-07T10:00+10:00,general,0.0000,0.7852
2025-04-07T10:30+10:00,general,0.0000,0.9162
2025-04-07T11:00+10:00,general,0.0000,0.9671
2025-04-07T11:30+10:00,general,0.0000,1.0468
2025-04-07T12:00+10:00,general,0.0000,1.0890
2025-04-07T12:30+10:00,general,0.0000,1.0973
2025-04-07T13:00+10:00,general,0.0000,1.0750
2025-04-07T13:30+10:00,general,0.0000,1.0106
2025-04-07T14:00+10:00,general,0.0000,0.9796
2025-04-07T14:30+10:00,general,0.0000,0.9073
2025-04-07T15:00+10:00,general,0.0000,0.7401
2025-04-07T15:30+10:00,general,0.0000,0.6217
2025-04-07T16:00+10:00,general,0.0000,0.4868
2025-04-07T16:30+10:00,general,0.0000,0.2362
2025-04-07T17:00+10:00,general,0.0000,0.0189
2025-04-07T17:30+10:00,general,0.1196,0.0000
2025-04-07T18:00+10:00,general,0.3656,0.0000
2025-04-07T18:30+10:00,general,0.6054,0.0000
2025-04-07T19:00+10:00,general,0.6335,0.0000
2025-04-07T19:30+10:00,general,0.7738,0.0000
2025-04-07T20:00+10:00,general,0.6567,0.0000
2025-04-07T20:30+10:00,general,0.5757,0.0000
2025-04-07T21:00+10:00,general,0.5932,0.0000
2025-04-07T21:30+10:00,general,0.4615,0.0000
2025-04-07T22:00+10:00,general,0.3774,0.0000
2025-04-07T22:30+10:00,general,0.3592,0.0000
2025-04-07T23:00+10:00,general,0.2831,0.0000
2025-04-07T23:30+10:00,general,0.2082,0.0000
2025-04-08T00:00+10:00,general,0.2070,0.0000
2025-04-08T00:30+10:00,general,0.1567,0.0000
2025-04-08T01:00+10:00,general,0.1557,0.0000
2025-04-08T01:30+10:00,general,0.1635,0.0000
2025-04-08T02:00+10:00,general,0.1572,0.0000
2025-04-08T02:30+10:00,general,0.1278,0.0000
2025-04-08T03:00+10:00,general,0.1387,0.0000
2025-04-08T03:30+10:00,general,0.1530,0.0000
2025-04-08T04:00+10:00,general,0.1634,0.0000
2025-04-08T04:30+10:00,general,0.1818,0.0000
2025-04-08T05:00+10:00,general,0.1557,0.0000
2025-04-08T05:30+10:00,general,0.2004,0.0000
2025-04-08T06:00+10:00,general,0.2130,0.0000
2025-04-08T06:30+10:00,general,0.2729,0.0000
2025-04-08T07:00+10:00,general,0.1181,0.0000
2025-04-08T07:30+10:00,general,0.0000,0.0221
2025-04-08T08:00+10:00,general,0.0000,0.2019
2025-04-08T08:30+10:00,general,0.0000,0.3353
2025-04-08T09:00+10:00,general,0.0000,0.5513
2025-04-08T09:30+10:00,general,0.0000,0.6462
2025-04-08T10:00+10:00,general,0.0000,0.8144
2025-04-08T10:30+10:00,general,0.0000,0.8994
2025-04-08T11:00+10:00,general,0.0000,0.9905
2025-04-08T11:30+10:00,general,0.0000,1.0492
2025-04-08T12:00+10:00,general,0.0000,1.0410
2025-04-08T12:30+10:00,general,0.0000,1.0764
2025-04-08T13:00+10:00,general,0.0000,1.0754
2025-04-08T13:30+10:00,general,0.0000,1.0225
2025-04-08T14:00+10:00,general,0.0000,0.9753
2025-04-08T14:30+10:00,general,0.0000,0.8523
2025-04-08T15:00+10:00,general,0.0000,0.7928
2025-04-08T15:30+10:00,general,0.0000,0.6108
2025-04-08T16:00+10:00,general,0.0000,0.4915
2025-04-08T16:30+10:00,general,0.0000,0.2473
2025-04-08T17:00+10:00,general,0.0000,0.1027
2025-04-08T17:30+10:00,general,0.1280,0.0000
2025-04-08T18:00+10:00,general,0.4101,0.0000
2025-04-08T18:30+10:00,general,0.6828,0.0000
2025-04-08T19:00+10:00,general,0.6214,0.0000
2025-04-08T19:30+10:00,general,0.7470,0.0000
2025-04-08T20:00+10:00,general,0.6949,0.0000
2025-04-08T20:30+10:00,general,0.5834,0.0000
2025-04-08T21:00+10:00,general,0.6226,0.0000
2025-04-08T21:30+10:00,general,0.4557,0.0000
2025-04-08T22:00+10:00,general,0.4484,0.0000
2025-04-08T22:30+10:00,general,0.3207,0.0000
2025-04-08T23:00+10:00,general,0.2743,0.0000
2025-04-08T23:30+10:00,general,0.2295,0.0000
2025-04-09T00:00+10:00,general,0.2185,0.0000
2025-04-09T00:30+10:00,general,0.1448,0.0000
2025-04-09T01:00+10:00,general,0.1283,0.0000
2025-04-09T01:30+10:00,general,0.1481,0.0000
2025-04-09T02:00+10:00,general,0.1339,0.0000
2025-04-09T02:30+10:00,general,0.1690,0.0000
2025-04-09T03:00+10:00,general,0.1428,0.0000
2025-04-09T03:30+10:00,general,0.1579,0.0000
2025-04-09T04:00+10:00,general,0.1384,0.0000
2025-04-09T04:30+10:00,general,0.1484,0.0000
2025-04-09T05:00+10:00,general,0.1812,0.0000
2025-04-09T05:30+10:00,general,0.1971,0.0000
2025-04-09T06:00+10:00,general,0.2300,0.0000
2025-04-09T06:30+10:00,general,0.2212,0.0000
2025-04-09T07:00+10:00,general,0.1382,0.0000
2025-04-09T07:30+10:00,general,0.0000,0.0853
2025-04-09T08:00+10:00,general,0.0000,0.2413
2025-04-09T08:30+10:00,general,0.0000,0.3564
2025-04-09T09:00+10:00,general,0.0000,0.5016
2025-04-09T09:30+10:00,general,0.0000,0.6785
2025-04-09T10:00+10:00,general,0.0000,0.8054
2025-04-09T10:30+10:00,general,0.0000,0.8698
2025-04-09T11:00+10:00,general,0.0000,0.9895
2025-04-09T11:30+10:00,general,0.0000,1.0042
2025-04-09T12:00+10:00,general,0.0000,1.0746
2025-04-09T12:30+10:00,general,0.0000,1.0564
2025-04-09T13:00+10:00,general,0.0000,1.0597
2025-04-09T13:30+10:00,general,0.0000,1.0018
2025-04-09T14:00+10:00,general,0.0000,0.9417
2025-04-09T14:30+10:00,general,0.0000,0.8917
2025-04-09T15:00+10:00,general,0.0000,0.7881
2025-04-09T15:30+10:00,general,0.0000,0.6100
2025-04-09T16:00+10:00,general,0.0000,0.4411
2025-04-09T16:30+10:00,general,0.0000,0.2894
2025-04-09T17:00+10:00,general,0.0000,0.0713
2025-04-09T17:30+10:00,general,0.1464,0.0000
2025-04-09T18:00+10:00,general,0.3933,0.0000
2025-04-09T18:30+10:00,general,0.7068,0.0000
2025-04-09T19:00+10:00,general,0.6991,0.0000
2025-04-09T19:30+10:00,general,0.7987,0.0000
2025-04-09T20:00+10:00,general,0.7552,0.0000
2025-04-09T20:30+10:00,general,0.7263,0.0000
2025-04-09T21:00+10:00,general,0.6259,0.0000
2025-04-09T21:30+10:00,general,0.4726,0.0000
2025-04-09T22:00+10:00,general,0.4183,0.0000
2025-04-09T22:30+10:00,general,0.3839,0.0000
2025-04-09T23:00+10:00,general,0.3043,0.0000
2025-04-09T23:30+10:00,general,0.2273,0.0000
2025-04-10T00:00+10:00,general,0.2286,0.0000
2025-04-10T00:30+10:00,general,0.1685,0.0000
2025-04-10T01:00+10:00,general,0.1335,0.0000
2025-04-10T01:30+10:00,general,0.1393,0.0000
2025-04-10T02:00+10:00,general,0.1498,0.0000
2025-04-10T02:30+10:00,general,0.1328,0.0000
2025-04-10T03:00+10:00,general,0.1652,0.0000
2025-04-10T03:30+10:00,general,0.1629,0.0000
2025-04-10T04:00+10:00,general,0.1565,0.0000
2025-04-10T04:30+10:00,general,0.1655,0.0000
2025-04-10T05:00+10:00,general,0.1980,0.0000
2025-04-10T05:30+10:00,general,0.2001,0.0000
2025-04-10T06:00+10:00,general,0.1840,0.0000
2025-04-10T06:30+10:00,general,0.2698,0.0000
2025-04-10T07:00+10:00,general,0.1260,0.0000
2025-04-10T07:30+10:00,general,0.0000,0.0112
2025-04-10T08:00+10:00,general,0.0000,0.2081
2025-04-10T08:30+10:00,general,0.0000,0.3414
2025-04-10T09:00+10:00,general,0.0000,0.5308
2025-04-10T09:30+10:00,general,0.0000,0.6597
2025-04-10T10:00+10:00,general,0.0000,0.7979
2025-04-10T10:30+10:00,general,0.0000,0.8937
2025-04-10T11:00+10:00,general,0.0000,0.9737
2025-04-10T11:30+10:00,general,0.0000,1.0118
2025-04-10T12:00+10:00,general,0.0000,1.0527
2025-04-10T12:30+10:00,general,0.0000,1.0763
2025-04-10T13:00+10:00,general,0.0000,1.0313
2025-04-10T13:30+10:00,general,0.0000,0.9947
2025-04-10T14:00+10:00,general,0.0000,0.9487
2025-04-10T14:30+10:00,general,0.0000,0.8586
2025-04-10T15:00+10:00,general,0.0000,0.7740
2025-04-10T15:30+10:00,general,0.0000,0.6348
2025-04-10T16:00+10:00,general,0.0000,0.4053
2025-04-10T16:30+10:00,general,0.0000,0.2840
2025-04-10T17:00+10:00,general,0.0000,0.0904
2025-04-10T17:30+10:00,general,0.2575,0.0000
2025-04-10T18:00+10:00,general,0.4115,0.0000
2025-04-10T18:30+10:00,general,0.5682,0.0000
2025-04-10T19:00+10:00,general,0.7491,0.0000
2025-04-10T19:30+10:00,general,0.6246,0.0000
2025-04-10T20:00+10:00,general,0.6018,0.0000
2025-04-10T20:30+10:00,general,0.5435,0.0000
2025-04-10T21:00+10:00,general,0.5759,0.0000
2025-04-10T21:30+10:00,general,0.5378,0.0000
2025-04-10T22:00+10:00,general,0.4080,0.0000
2025-04-10T22:30+10:00,general,0.3971,0.0000
2025-04-10T23:00+10:00,general,0.2578,0.0000
2025-04-10T23:30+10:00,general,0.2135,0.0000
2025-04-11T00:00+10:00,general,0.1775,0.0000
2025-04-11T00:30+10:00,general,0.1692,0.0000
2025-04-11T01:00+10:00,general,0.1315,0.0000
2025-04-11T01:30+10:00,general,0.1650,0.0000
2025-04-11T02:00+10:00,general,0.1458,0.0000
2025-04-11T02:30+10:00,general,0.1555,0.0000
2025-04-11T03:00+10:00,general,0.1594,0.0000
2025-04-11T03:30+10:00,general,0.1516,0.0000
2025-04-11T04:00+10:00,general,0.1459,0.0000
2025-04-11T04:30+10:00,general,0.1718,0.0000
2025-04-11T05:00+10:00,general,0.1885,0.0000
2025-04-11T05:30+10:00,general,0.1945,0.0000
2025-04-11T06:00+10:00,general,0.1992,0.0000
2025-04-11T06:30+10:00,general,0.2634,0.0000
2025-04-11T07:00+10:00,general,0.1301,0.0000
2025-04-11T07:30+10:00,general,0.0000,0.0786
2025-04-11T08:00+10:00,general,0.0000,0.1715
2025-04-11T08:30+10:00,general,0.0000,0.3646
2025-04-11T09:00+10:00,general,0.0000,0.4983
2025-04-11T09:30+10:00,general,0.0000,0.6373
2025-04-11T10:00+10:00,general,0.0000,0.7745
2025-04-11T10:30+10:00,general,0.0000,0.8692
2025-04-11T11:00+10:00,general,0.0000,0.9751
2025-04-11T11:30+10:00,general,0.0000,1.0288
2025-04-11T12:00+10:00,general,0.0000,1.0361
2025-04-11T12:30+10:00,general,0.0000,1.0687
2025-04-11T13:00+10:00,general,0.0000,1.0612
2025-04-11T13:30+10:00,general,0.0000,1.0195
2025-04-11T14:00+10:00,general,0.0000,0.9571
2025-04-11T14:30+10:00,general,0.0000,0.8600
2025-04-11T15:00+10:00,general,0.0000,0.7232
2025-04-11T15:30+10:00,general,0.0000,0.5986
2025-04-11T16:00+10:00,general,0.0000,0.4321
2025-04-11T16:30+10:00,general,0.0000,0.2436
2025-04-11T17:00+10:00,general,0.0163,0.0000
2025-04-11T17:30+10:00,general,0.2262,0.0000
2025-04-11T18:00+10:00,general,0.4238,0.0000
2025-04-11T18:30+10:00,general,0.5940,0.0000
2025-04-11T19:00+10:00,general,0.7345,0.0000
2025-04-11T19:30+10:00,general,0.7833,0.0000
2025-04-11T20:00+10:00,general,0.7720,0.0000
2025-04-11T20:30+10:00,general,0.6901,0.0000
2025-04-11T21:00+10:00,general,0.5421,0.0000
2025-04-11T21:30+10:00,general,0.5423,0.0000
2025-04-11T22:00+10:00,general,0.4553,0.0000
2025-04-11T22:30+10:00,general,0.3458,0.0000
2025-04-11T23:00+10:00,general,0.3050,0.0000
2025-04-11T23:30+10:00,general,0.2152,0.0000
2025-04-12T00:00+10:00,general,0.2324,0.0000
2025-04-12T00:30+10:00,general,0.1608,0.0000
2025-04-12T01:00+10:00,general,0.1543,0.0000
2025-04-12T01:30+10:00,general,0.1494,0.0000
2025-04-12T02:00+10:00,general,0.1400,0.0000
2025-04-12T02:30+10:00,general,0.1485,0.0000
2025-04-12T03:00+10:00,general,0.1684,0.0000
2025-04-12T03:30+10:00,general,0.1545,0.0000
2025-04-12T04:00+10:00,general,0.1576,0.0000
2025-04-12T04:30+10:00,general,0.1794,0.0000
2025-04-12T05:00+10:00,general,0.1613,0.0000
2025-04-12T05:30+10:00,general,0.1774,0.0000
2025-04-12T06:00+10:00,general,0.2171,0.0000
2025-04-12T06:30+10:00,general,0.2454,0.0000
2025-04-12T07:00+10:00,general,0.0809,0.0000
2025-04-12T07:30+10:00,general,0.0000,0.0773
2025-04-12T08:00+10:00,general,0.0000,0.1834
2025-04-12T08:30+10:00,general,0.0000,0.3808
2025-04-12T09:00+10:00,general,0.0000,0.5001
2025-04-12T09:30+10:00,general,0.0000,0.6389
2025-04-12T10:00+10:00,general,0.0000,0.7857
2025-04-12T10:30+10:00,general,0.0000,0.8712
2025-04-12T11:00+10:00,general,0.0000,0.9388
2025-04-12T11:30+10:00,general,0.0000,1.0137
2025-04-12T12:00+10:00,general,0.0000,1.0281
2025-04-12T12:30+10:00,general,0.0000,1.0599
2025-04-12T13:00+10:00,general,0.0000,1.0408
2025-04-12T13:30+10:00,general,0.0000,0.9870
2025-04-12T14:00+10:00,general,0.0000,0.9212
2025-04-12T14:30+10:00,general,0.0000,0.8495
2025-04-12T15:00+10:00,general,0.0000,0.7242
2025-04-12T15:30+10:00,general,0.0000,0.6300
2025-04-12T16:00+10:00,general,0.0000,0.4786
2025-04-12T16:30+10:00,general,0.0000,0.2158
2025-04-12T17:00+10:00,general,0.0000,0.0518
2025-04-12T17:30+10:00,general,0.2183,0.0000
2025-04-12T18:00+10:00,general,0.4368,0.0000
2025-04-12T18:30+10:00,general,0.6104,0.0000
2025-04-12T19:00+10:00,general,0.5795,0.0000
2025-04-12T19:30+10:00,general,0.6028,0.0000
2025-04-12T20:00+10:00,general,0.6408,0.0000
2025-04-12T20:30+10:00,general,0.7243,0.0000
2025-04-12T21:00+10:00,general,0.5527,0.0000
2025-04-12T21:30+10:00,general,0.4357,0.0000
2025-04-12T22:00+10:00,general,0.4425,0.0000
2025-04-12T22:30+10:00,general,0.3430,0.0000
2025-04-12T23:00+10:00,general,0.2894,0.0000
2025-04-12T23:30+10:00,general,0.2165,0.0000
2025-04-13T00:00+10:00,general,0.1968,0.0000
2025-04-13T00:30+10:00,general,0.1529,0.0000
2025-04-13T01:00+10:00,general,0.1505,0.0000
2025-04-13T01:30+10:00,general,0.1435,0.0000
2025-04-13T02:00+10:00,general,0.1634,0.0000
2025-04-13T02:30+10:00,general,0.1311,0.0000
2025-04-13T03:00+10:00,general,0.1539,0.0000
2025-04-13T03:30+10:00,general,0.1307,0.0000
2025-04-13T04:00+10:00,general,0.1452,0.0000
2025-04-13T04:30+10:00,general,0.1621,0.0000
2025-04-13T05:00+10:00,general,0.1623,0.0000
2025-04-13T05:30+10:00,general,0.1808,0.0000
2025-04-13T06:00+10:00,general,0.2267,0.0000
2025-04-13T06:30+10:00,general,0.2497,0.0000
2025-04-13T07:00+10:00,general,0.1206,0.0000
2025-04-13T07:30+10:00,general,0.0000,0.0004
2025-04-13T08:00+10:00,general,0.0000,0.1813
2025-04-13T08:30+10:00,general,0.0000,0.3429
2025-04-13T09:00+10:00,general,0.0000,0.4895
2025-04-13T09:30+10:00,general,0.0000,0.6503
2025-04-13T10:00+10:00,general,0.0000,0.7848
2025-04-13T10:30+10:00,general,0.0000,0.8743
2025-04-13T11:00+10:00,general,0.0000,0.9383
2025-04-13T11:30+10:00,general,0.0000,1.0151
2025-04-13T12:00+10:00,general,0.0000,1.0139
2025-04-13T12:30+10:00,general,0.0000,1.0295
2025-04-13T13:00+10:00,general,0.0000,1.0438
2025-04-13T13:30+10:00,general,0.0000,0.9813
2025-04-13T14:00+10:00,general,0.0000,0.9115
2025-04-13T14:30+10:00,general,0.0000,0.8407
2025-04-13T15:00+10:00,general,0.0000,0.7135
2025-04-13T15:30+10:00,general,0.0000,0.6156
2025-04-13T16:00+10:00,general,0.0000,0.4124
2025-04-13T16:30+10:00,general,0.0000,0.2830
2025-04-13T17:00+10:00,general,0.0000,0.0260
2025-04-13T17:30+10:00,general,0.1188,0.0000
2025-04-13T18:00+10:00,general,0.4963,0.0000
2025-04-13T18:30+10:00,general,0.6182,0.0000
2025-04-13T19:00+10:00,general,0.6353,0.0000
2025-04-13T19:30+10:00,general,0.7892,0.0000
2025-04-13T20:00+10:00,general,0.6779,0.0000
2025-04-13T20:30+10:00,general,0.6846,0.0000
2025-04-13T21:00+10:00,general,0.6390,0.0000
2025-04-13T21:30+10:00,general,0.4302,0.0000
2025-04-13T22:00+10:00,general,0.3592,0.0000
2025-04-13T22:30+10:00,general,0.3615,0.0000
2025-04-13T23:00+10:00,general,0.3122,0.0000
2025-04-13T23:30+10:00,general,0.2429,0.0000
2025-04-14T00:00+10:00,general,0.1808,0.0000
2025-04-14T00:30+10:00,general,0.1688,0.0000
2025-04-14T01:00+10:00,general,0.1257,0.0000
2025-04-14T01:30+10:00,general,0.1450,0.0000
2025-04-14T02:00+10:00,general,0.1383,0.0000
2025-04-14T02:30+10:00,general,0.1276,0.0000
2025-04-14T03:00+10:00,general,0.1499,0.0000
2025-04-14T03:30+10:00,general,0.1287,0.0000
2025-04-14T04:00+10:00,general,0.1662,0.0000
2025-04-14T04:30+10:00,general,0.1695,0.0000
2025-04-14T05:00+10:00,general,0.1967,0.0000
2025-04-14T05:30+10:00,general,0.1960,0.0000
2025-04-14T06:00+10:00,general,0.1896,0.0000
2025-04-14T06:30+10:00,general,0.2630,0.0000
2025-04-14T07:00+10:00,general,0.1329,0.0000
2025-04-14T07:30+10:00,general,0.0000,0.0478
2025-04-14T08:00+10:00,general,0.0000,0.1547
2025-04-14T08:30+10:00,general,0.0000,0.3252
2025-04-14T09:00+10:00,general,0.0000,0.5237
2025-04-14T09:30+10:00,general,0.0000,0.6613
2025-04-14T10:00+10:00,general,0.0000,0.7898
2025-04-14T10:30+10:00,general,0.0000,0.8589
2025-04-14T11:00+10:00,general,0.0000,0.9291
2025-04-14T11:30+10:00,general,0.0000,1.0137
2025-04-14T12:00+10:00,general,0.0000,1.0321
2025-04-14T12:30+10:00,general,0.0000,1.0507
2025-04-14T13:00+10:00,general,0.0000,1.0187
2025-04-14T13:30+10:00,general,0.0000,0.9923
2025-04-14T14:00+10:00,general,0.0000,0.9076
2025-04-14T14:30+10:00,general,0.0000,0.8368
2025-04-14T15:00+10:00,general,0.0000,0.7170
2025-04-14T15:30+10:00,general,0.0000,0.5603
2025-04-14T16:00+10:00,general,0.0000,0.4509
2025-04-14T16:30+10:00,general,0.0000,0.2856
2025-04-14T17:00+10:00,general,0.0000,0.0144
2025-04-14T17:30+10:00,general,0.2043,0.0000
2025-04-14T18:00+10:00,general,0.4679,0.0000
2025-04-14T18:30+10:00,general,0.6353,0.0000
2025-04-14T19:00+10:00,general,0.7733,0.0000
2025-04-14T19:30+10:00,general,0.7849,0.0000
2025-04-14T20:00+10:00,general,0.6136,0.0000
2025-04-14T20:30+10:00,general,0.7214,0.0000
2025-04-14T21:00+10:00,general,0.5504,0.0000
2025-04-14T21:30+10:00,general,0.5171,0.0000
2025-04-14T22:00+10:00,general,0.4339,0.0000
2025-04-14T22:30+10:00,general,0.3789,0.0000
2025-04-14T23:00+10:00,general,0.3254,0.0000
2025-04-14T23:30+10:00,general,0.2094,0.0000
2025-04-15T00:00+10:00,general,0.2254,0.0000
2025-04-15T00:30+10:00,general,0.1270,0.0000
2025-04-15T01:00+10:00,general,0.1453,0.0000
2025-04-15T01:30+10:00,general,0.1338,0.0000
2025-04-15T02:00+10:00,general,0.1278,0.0000
2025-04-15T02:30+10:00,general,0.1644,0.0000
2025-04-15T03:00+10:00,general,0.1596,0.0000
2025-04-15T03:30+10:00,general,0.1300,0.0000
2025-04-15T04:00+10:00,general,0.1611,0.0000
2025-04-15T04:30+10:00,general,0.1427,0.0000
2025-04-15T05:00+10:00,general,0.1681,0.0000
2025-04-15T05:30+10:00,general,0.1751,0.0000
2025-04-15T06:00+10:00,general,0.2122,0.0000
2025-04-15T06:30+10:00,general,0.2139,0.0000
2025-04-15T07:00+10:00,general,0.1132,0.0000
2025-04-15T07:30+10:00,general,0.0000,0.0748
2025-04-15T08:00+10:00,general,0.0000,0.2087
2025-04-15T08:30+10:00,general,0.0000,0.3195
2025-04-15T09:00+10:00,general,0.0000,0.4847
2025-04-15T09:30+10:00,general,0.0000,0.6586
2025-04-15T10:00+10:00,general,0.0000,0.7378
2025-04-15T10:30+10:00,general,0.0000,0.8453
2025-04-15T11:00+10:00,general,0.0000,0.9229
2025-04-15T11:30+10:00,general,0.0000,1.0010
2025-04-15T12:00+10:00,general,0.0000,1.0313
2025-04-15T12:30+10:00,general,0.0000,1.0137
2025-04-15T13:00+10:00,general,0.0000,1.0126
2025-04-15T13:30+10:00,general,0.0000,0.9802
2025-04-15T14:00+10:00,general,0.0000,0.8983
2025-04-15T14:30+10:00,general,0.0000,0.8346
2025-04-15T15:00+10:00,general,0.0000,0.7234
2025-04-15T15:30+10:00,general,0.0000,0.5750
2025-04-15T16:00+10:00,general,0.0000,0.4387
2025-04-15T16:30+10:00,general,0.0000,0.2341
2025-04-15T17:00+10:00,general,0.0000,0.0461
2025-04-15T17:30+10:00,general,0.2509,0.0000
2025-04-15T18:00+10:00,general,0.4061,0.0000
2025-04-15T18:30+10:00,general,0.5986,0.0000
2025-04-15T19:00+10:00,general,0.7414,0.0000
2025-04-15T19:30+10:00,general,0.7633,0.0000
2025-04-15T20:00+10:00,general,0.7504,0.0000
2025-04-15T20:30+10:00,general,0.6932,0.0000
2025-04-15T21:00+10:00,general,0.6167,0.0000
2025-04-15T21:30+10:00,general,0.4296,0.0000
2025-04-15T22:00+10:00,general,0.4342,0.0000
2025-04-15T22:30+10:00,general,0.3598,0.0000
2025-04-15T23:00+10:00,general,0.3281,0.0000
2025-04-15T23:30+10:00,general,0.2097,0.0000
2025-04-16T00:00+10:00,general,0.1976,0.0000
2025-04-16T00:30+10:00,general,0.1275,0.0000
2025-04-16T01:00+10:00,general,0.1471,0.0000
2025-04-16T01:30+10:00,general,0.1417,0.0000
2025-04-16T02:00+10:00,general,0.1274,0.0000
2025-04-16T02:30+10:00,general,0.1445,0.0000
2025-04-16T03:00+10:00,general,0.1646,0.0000
2025-04-16T03:30+10:00,general,0.1675,0.0000
2025-04-16T04:00+10:00,general,0.1338,0.0000
2025-04-16T04:30+10:00,general,0.1589,0.0000
2025-04-16T05:00+10:00,general,0.1554,0.0000
2025-04-16T05:30+10:00,general,0.1634,0.0000
2025-04-16T06:00+10:00,general,0.2242,0.0000
2025-04-16T06:30+10:00,general,0.2117,0.0000
2025-04-16T07:00+10:00,general,0.1365,0.0000
2025-04-16T07:30+10:00,general,0.0000,0.0440
2025-04-16T08:00+10:00,general,0.0000,0.1850
2025-04-16T08:30+10:00,general,0.0000,0.3232
2025-04-16T09:00+10:00,general,0.0000,0.4638
2025-04-16T09:30+10:00,general,0.0000,0.6091
2025-04-16T10:00+10:00,general,0.0000,0.7436
2025-04-16T10:30+10:00,general,0.0000,0.8683
2025-04-16T11:00+10:00,general,0.0000,0.9288
2025-04-16T11:30+10:00,general,0.0000,0.9774
2025-04-16T12:00+10:00,general,0.0000,1.0185
2025-04-16T12:30+10:00,general,0.0000,1.0398
2025-04-16T13:00+10:00,general,0.0000,1.0027
2025-04-16T13:30+10:00,general,0.0000,0.9941
2025-04-16T14:00+10:00,general,0.0000,0.9272
2025-04-16T14:30+10:00,general,0.0000,0.8108
2025-04-16T15:00+10:00,general,0.0000,0.7037
2025-04-16T15:30+10:00,general,0.0000,0.6213
2025-04-16T16:00+10:00,general,0.0000,0.4531
2025-04-16T16:30+10:00,general,0.0000,0.1919
2025-04-16T17:00+10:00,general,0.0000,0.0230
2025-04-16T17:30+10:00,general,0.1432,0.0000
2025-04-16T18:00+10:00,general,0.4604,0.0000
2025-04-16T18:30+10:00,general,0.6776,0.0000
2025-04-16T19:00+10:00,general,0.6137,0.0000
2025-04-16T19:30+10:00,general,0.7085,0.0000
2025-04-16T20:00+10:00,general,0.7577,0.0000
2025-04-16T20:30+10:00,general,0.6085,0.0000
2025-04-16T21:00+10:00,general,0.5028,0.0000
2025-04-16T21:30+10:00,general,0.5561,0.0000
2025-04-16T22:00+10:00,general,0.3659,0.0000
2025-04-16T22:30+10:00,general,0.3933,0.0000
2025-04-16T23:00+10:00,general,0.2759,0.0000
2025-04-16T23:30+10:00,general,0.2333,0.0000
2025-04-17T00:00+10:00,general,0.1871,0.0000
2025-04-17T00:30+10:00,general,0.1572,0.0000
2025-04-17T01:00+10:00,general,0.1622,0.0000
2025-04-17T01:30+10:00,general,0.1287,0.0000
2025-04-17T02:00+10:00,general,0.1581,0.0000
2025-04-17T02:30+10:00,general,0.1672,0.0000
2025-04-17T03:00+10:00,general,0.1692,0.0000
2025-04-17T03:30+10:00,general,0.1643,0.0000
2025-04-17T04:00+10:00,general,0.1426,0.0000
2025-04-17T04:30+10:00,general,0.1393,0.0000
2025-04-17T05:00+10:00,general,0.1947,0.0000
2025-04-17T05:30+10:00,general,0.2182,0.0000
2025-04-17T06:00+10:00,general,0.1849,0.0000
2025-04-17T06:30+10:00,general,0.2761,0.0000
2025-04-17T07:00+10:00,general,0.1179,0.0000
2025-04-17T07:30+10:00,general,0.0016,0.0000
2025-04-17T08:00+10:00,general,0.0000,0.2118
2025-04-17T08:30+10:00,general,0.0000,0.3394
2025-04-17T09:00+10:00,general,0.0000,0.5054
2025-04-17T09:30+10:00,general,0.0000,0.6566
2025-04-17T10:00+10:00,general,0.0000,0.7402
2025-04-17T10:30+10:00,general,0.0000,0.8373
2025-04-17T11:00+10:00,general,0.0000,0.9264
2025-04-17T11:30+10:00,general,0.0000,0.9510
2025-04-17T12:00+10:00,general,0.0000,1.0065
2025-04-17T12:30+10:00,general,0.0000,1.0013
2025-04-17T13:00+10:00,general,0.0000,1.0118
2025-04-17T13:30+10:00,general,0.0000,0.9521
2025-04-17T14:00+10:00,general,0.0000,0.8849
2025-04-17T14:30+10:00,general,0.0000,0.8386
2025-04-17T15:00+10:00,general,0.0000,0.7036
2025-04-17T15:30+10:00,general,0.0000,0.6029
2025-04-17T16:00+10:00,general,0.0000,0.4301
2025-04-17T16:30+10:00,general,0.0000,0.2094
2025-04-17T17:00+10:00,general,0.0000,0.0599
2025-04-17T17:30+10:00,general,0.1867,0.0000
2025-04-17T18:00+10:00,general,0.5036,0.0000
2025-04-17T18:30+10:00,general,0.6769,0.0000
2025-04-17T19:00+10:00,general,0.7202,0.0000
2025-04-17T19:30+10:00,general,0.6964,0.0000
2025-04-17T20:00+10:00,general,0.6979,0.0000
2025-04-17T20:30+10:00,general,0.5850,0.0000
2025-04-17T21:00+10:00,general,0.5425,0.0000
2025-04-17T21:30+10:00,general,0.4248,0.0000
2025-04-17T22:00+10:00,general,0.3731,0.0000
2025-04-17T22:30+10:00,general,0.3115,0.0000
2025-04-17T23:00+10:00,general,0.3108,0.0000
2025-04-17T23:30+10:00,general,0.2089,0.0000
2025-04-18T00:00+10:00,general,0.1920,0.0000
2025-04-18T00:30+10:00,general,0.1581,0.0000
2025-04-18T01:00+10:00,general,0.1398,0.0000
2025-04-18T01:30+10:00,general,0.1462,0.0000
2025-04-18T02:00+10:00,general,0.1627,0.0000
2025-04-18T02:30+10:00,general,0.1289,0.0000
2025-04-18T03:00+10:00,general,0.1588,0.0000
2025-04-18T03:30+10:00,general,0.1662,0.0000
2025-04-18T04:00+10:00,general,0.1334,0.0000
2025-04-18T04:30+10:00,general,0.1438,0.0000
2025-04-18T05:00+10:00,general,0.1536,0.0000
2025-04-18T05:30+10:00,general,0.2078,0.0000
2025-04-18T06:00+10:00,general,0.2112,0.0000
2025-04-18T06:30+10:00,general,0.2326,0.0000
2025-04-18T07:00+10:00,general,0.0789,0.0000
2025-04-18T07:30+10:00,general,0.0060,0.0000
2025-04-18T08:00+10:00,general,0.0000,0.1548
2025-04-18T08:30+10:00,general,0.0000,0.3591
2025-04-18T09:00+10:00,general,0.0000,0.4609
2025-04-18T09:30+10:00,general,0.0000,0.6341
2025-04-18T10:00+10:00,general,0.0000,0.7542
2025-04-18T10:30+10:00,general,0.0000,0.8390
2025-04-18T11:00+10:00,general,0.0000,0.9155
2025-04-18T11:30+10:00,general,0.0000,0.9553
2025-04-18T12:00+10:00,general,0.0000,0.9741
2025-04-18T12:30+10:00,general,0.0000,1.0089
2025-04-18T13:00+10:00,general,0.0000,0.9834
2025-04-18T13:30+10:00,general,0.0000,0.9700
2025-04-18T14:00+10:00,general,0.0000,0.9173
2025-04-18T14:30+10:00,general,0.0000,0.8099
2025-04-18T15:00+10:00,general,0.0000,0.6818
2025-04-18T15:30+10:00,general,0.0000,0.5464
2025-04-18T16:00+10:00,general,0.0000,0.4016
2025-04-18T16:30+10:00,general,0.0000,0.2657
2025-04-18T17:00+10:00,general,0.0000,0.0702
2025-04-18T17:30+10:00,general,0.1489,0.0000
2025-04-18T18:00+10:00,general,0.5083,0.0000
2025-04-18T18:30+10:00,general,0.5705,0.0000
2025-04-18T19:00+10:00,general,0.6748,0.0000
2025-04-18T19:30+10:00,general,0.6242,0.0000
2025-04-18T20:00+10:00,general,0.7115,0.0000
2025-04-18T20:30+10:00,general,0.6307,0.0000
2025-04-18T21:00+10:00,general,0.5838,0.0000
2025-04-18T21:30+10:00,general,0.5444,0.0000
2025-04-18T22:00+10:00,general,0.4179,0.0000
2025-04-18T22:30+10:00,general,0.3854,0.0000
2025-04-18T23:00+10:00,general,0.3291,0.0000
2025-04-18T23:30+10:00,general,0.2623,0.0000
2025-04-19T00:00+10:00,general,0.2115,0.0000
2025-04-19T00:30+10:00,general,0.1536,0.0000
2025-04-19T01:00+10:00,general,0.1631,0.0000
2025-04-19T01:30+10:00,general,0.1357,0.0000
2025-04-19T02:00+10:00,general,0.1602,0.0000
2025-04-19T02:30+10:00,general,0.1442,0.0000
2025-04-19T03:00+10:00,general,0.1371,0.0000
2025-04-19T03:30+10:00,general,0.1393,0.0000
2025-04-19T04:00+10:00,general,0.1563,0.0000
2025-04-19T04:30+10:00,general,0.1412,0.0000
2025-04-19T05:00+10:00,general,0.1820,0.0000
2025-04-19T05:30+10:00,general,0.1735,0.0000
2025-04-19T06:00+10:00,general,0.2157,0.0000
2025-04-19T06:30+10:00,general,0.2215,0.0000
2025-04-19T07:00+10:00,general,0.1393,0.0000
2025-04-19T07:30+10:00,general,0.0000,0.0591
2025-04-19T08:00+10:00,general,0.0000,0.1908
2025-04-19T08:30+10:00,general,0.0000,0.3116
2025-04-19T09:00+10:00,general,0.0000,0.4948
2025-04-19T09:30+10:00,general,0.0000,0.6401
2025-04-19T10:00+10:00,general,0.0000,0.7228
2025-04-19T10:30+10:00,general,0.0000,0.8340
2025-04-19T11:00+10:00,general,0.0000,0.9138
2025-04-19T11:30+10:00,general,0.0000,0.9639
2025-04-19T12:00+10:00,general,0.0000,0.9677
2025-04-19T12:30+10:00,general,0.0000,1.0064
2025-04-19T13:00+10:00,general,0.0000,1.0026
2025-04-19T13:30+10:00,general,0.0000,0.9433
2025-04-19T14:00+10:00,general,0.0000,0.9023
2025-04-19T14:30+10:00,general,0.0000,0.8213
2025-04-19T15:00+10:00,general,0.0000,0.7079
2025-04-19T15:30+10:00,general,0.0000,0.6030
2025-04-19T16:00+10:00,general,0.0000,0.4416
2025-04-19T16:30+10:00,general,0.0000,0.2394
2025-04-19T17:00+10:00,general,0.0000,0.0008
2025-04-19T17:30+10:00,general,0.2721,0.0000
2025-04-19T18:00+10:00,general,0.4095,0.0000
2025-04-19T18:30+10:00,general,0.6076,0.0000
2025-04-19T19:00+10:00,general,0.6795,0.0000
2025-04-19T19:30+10:00,general,0.6564,0.0000
2025-04-19T20:00+10:00,general,0.7456,0.0000
2025-04-19T20:30+10:00,general,0.7188,0.0000
2025-04-19T21:00+10:00,general,0.5933,0.0000
2025-04-19T21:30+10:00,general,0.5607,0.0000
2025-04-19T22:00+10:00,general,0.4308,0.0000
2025-04-19T22:30+10:00,general,0.3214,0.0000
2025-04-19T23:00+10:00,general,0.2995,0.0000
2025-04-19T23:30+10:00,general,0.2372,0.0000
2025-04-20T00:00+10:00,general,0.2138,0.0000
2025-04-20T00:30+10:00,general,0.1520,0.0000
2025-04-20T01:00+10:00,general,0.1281,0.0000
2025-04-20T01:30+10:00,general,0.1498,0.0000
2025-04-20T02:00+10:00,general,0.1385,0.0000
2025-04-20T02:30+10:00,general,0.1522,0.0000
2025-04-20T03:00+10:00,general,0.1687,0.0000
2025-04-20T03:30+10:00,general,0.1698,0.0000
2025-04-20T04:00+10:00,general,0.1550,0.0000
2025-04-20T04:30+10:00,general,0.1689,0.0000
2025-04-20T05:00+10:00,general,0.1757,0.0000
2025-04-20T05:30+10:00,general,0.1698,0.0000
2025-04-20T06:00+10:00,general,0.2437,0.0000
2025-04-20T06:30+10:00,general,0.2465,0.0000
2025-04-20T07:00+10:00,general,0.0827,0.0000
2025-04-20T07:30+10:00,general,0.0000,0.0171
2025-04-20T08:00+10:00,general,0.0000,0.1792
2025-04-20T08:30+10:00,general,0.0000,0.3477
2025-04-20T09:00+10:00,general,0.0000,0.5081
2025-04-20T09:30+10:00,general,0.0000,0.6014
2025-04-20T10:00+10:00,general,0.0000,0.7563
2025-04-20T10:30+10:00,general,0.0000,0.8195
2025-04-20T11:00+10:00,general,0.0000,0.9081
2025-04-20T11:30+10:00,general,0.0000,0.9746
2025-04-20T12:00+10:00,general,0.0000,0.9933
2025-04-20T12:30+10:00,general,0.0000,0.9744
2025-04-20T13:00+10:00,general,0.0000,0.9723
2025-04-20T13:30+10:00,general,0.0000,0.9405
2025-04-20T14:00+10:00,general,0.0000,0.8881
2025-04-20T14:30+10:00,general,0.0000,0.8176
2025-04-20T15:00+10:00,general,0.0000,0.6920
2025-04-20T15:30+10:00,general,0.0000,0.5698
2025-04-20T16:00+10:00,general,0.0000,0.3732
2025-04-20T16:30+10:00,general,0.0000,0.2660
2025-04-20T17:00+10:00,general,0.0458,0.0000
2025-04-20T17:30+10:00,general,0.1983,0.0000
2025-04-20T18:00+10:00,general,0.3562,0.0000
2025-04-20T18:30+10:00,general,0.6618,0.0000
2025-04-20T19:00+10:00,general,0.7444,0.0000
2025-04-20T19:30+10:00,general,0.6670,0.0000
2025-04-20T20:00+10:00,general,0.7662,0.0000
2025-04-20T20:30+10:00,general,0.5559,0.0000
2025-04-20T21:00+10:00,general,0.5231,0.0000
2025-04-20T21:30+10:00,general,0.4485,0.0000
2025-04-20T22:00+10:00,general,0.3614,0.0000
2025-04-20T22:30+10:00,general,0.3744,0.0000
2025-04-20T23:00+10:00,general,0.2741,0.0000
2025-04-20T23:30+10:00,general,0.2464,0.0000
2025-04-21T00:00+10:00,general,0.2140,0.0000
2025-04-21T00:30+10:00,general,0.1588,0.0000
2025-04-21T01:00+10:00,general,0.1470,0.0000
2025-04-21T01:30+10:00,general,0.1480,0.0000
2025-04-21T02:00+10:00,general,0.1295,0.0000
2025-04-21T02:30+10:00,general,0.1488,0.0000
2025-04-21T03:00+10:00,general,0.1488,0.0000
2025-04-21T03:30+10:00,general,0.1435,0.0000
2025-04-21T04:00+10:00,general,0.1708,0.0000
2025-04-21T04:30+10:00,general,0.1547,0.0000
2025-04-21T05:00+10:00,general,0.1805,0.0000
2025-04-21T05:30+10:00,general,0.2156,0.0000
2025-04-21T06:00+10:00,general,0.2030,0.0000
2025-04-21T06:30+10:00,general,0.2128,0.0000
2025-04-21T07:00+10:00,general,0.1013,0.0000
2025-04-21T07:30+10:00,general,0.0000,0.0619
2025-04-21T08:00+10:00,general,0.0000,0.2074
2025-04-21T08:30+10:00,general,0.0000,0.3337
2025-04-21T09:00+10:00,general,0.0000,0.4498
2025-04-21T09:30+10:00,general,0.0000,0.6373
2025-04-21T10:00+10:00,general,0.0000,0.7222
2025-04-21T10:30+10:00,general,0.0000,0.8056
2025-04-21T11:00+10:00,general,0.0000,0.8928
2025-04-21T11:30+10:00,general,0.0000,0.9437
2025-04-21T12:00+10:00,general,0.0000,0.9874
2025-04-21T12:30+10:00,general,0.0000,0.9700
2025-04-21T13:00+10:00,general,0.0000,0.9585
2025-04-21T13:30+10:00,general,0.0000,0.9240
2025-04-21T14:00+10:00,general,0.0000,0.8597
2025-04-21T14:30+10:00,general,0.0000,0.8118
2025-04-21T15:00+10:00,general,0.0000,0.6959
2025-04-21T15:30+10:00,general,0.0000,0.5444
2025-04-21T16:00+10:00,general,0.0000,0.3638
2025-04-21T16:30+10:00,general,0.0000,0.2207
2025-04-21T17:00+10:00,general,0.0432,0.0000
2025-04-21T17:30+10:00,general,0.2172,0.0000
2025-04-21T18:00+10:00,general,0.5020,0.0000
2025-04-21T18:30+10:00,general,0.5977,0.0000
2025-04-21T19:00+10:00,general,0.7807,0.0000
2025-04-21T19:30+10:00,general,0.6504,0.0000
2025-04-21T20:00+10:00,general,0.6904,0.0000
2025-04-21T20:30+10:00,general,0.7184,0.0000
2025-04-21T21:00+10:00,general,0.6369,0.0000
2025-04-21T21:30+10:00,general,0.5225,0.0000
2025-04-21T22:00+10:00,general,0.4198,0.0000
2025-04-21T22:30+10:00,general,0.3562,0.0000
2025-04-21T23:00+10:00,general,0.3020,0.0000
2025-04-21T23:30+10:00,general,0.2697,0.0000
2025-04-22T00:00+10:00,general,0.2153,0.0000
2025-04-22T00:30+10:00,general,0.1628,0.0000
2025-04-22T01:00+10:00,general,0.1534,0.0000
2025-04-22T01:30+10:00,general,0.1417,0.0000
2025-04-22T02:00+10:00,general,0.1268,0.0000
2025-04-22T02:30+10:00,general,0.1602,0.0000
2025-04-22T03:00+10:00,general,0.1579,0.0000
2025-04-22T03:30+10:00,general,0.1565,0.0000
2025-04-22T04:00+10:00,general,0.1375,0.0000
2025-04-22T04:30+10:00,general,0.1629,0.0000
2025-04-22T05:00+10:00,general,0.1882,0.0000
2025-04-22T05:30+10:00,general,0.1664,0.0000
2025-04-22T06:00+10:00,general,0.1878,0.0000
2025-04-22T06:30+10:00,general,0.2204,0.0000
2025-04-22T07:00+10:00,general,0.1463,0.0000
2025-04-22T07:30+10:00,general,0.0000,0.0517
2025-04-22T08:00+10:00,general,0.0000,0.1379
2025-04-22T08:30+10:00,general,0.0000,0.3237
2025-04-22T09:00+10:00,general,0.0000,0.4479
2025-04-22T09:30+10:00,general,0.0000,0.5887
2025-04-22T10:00+10:00,general,0.0000,0.7358
2025-04-22T10:30+10:00,general,0.0000,0.8150
2025-04-22T11:00+10:00,general,0.0000,0.8801
2025-04-22T11:30+10:00,general,0.0000,0.9490
2025-04-22T12:00+10:00,general,0.0000,0.9559
2025-04-22T12:30+10:00,general,0.0000,0.9859
2025-04-22T13:00+10:00,general,0.0000,0.9768
2025-04-22T13:30+10:00,general,0.0000,0.9529
2025-04-22T14:00+10:00,general,0.0000,0.8617
2025-04-22T14:30+10:00,general,0.0000,0.8099
2025-04-22T15:00+10:00,general,0.0000,0.7084
2025-04-22T15:30+10:00,general,0.0000,0.5743
2025-04-22T16:00+10:00,general,0.0000,0.4215
2025-04-22T16:30+10:00,general,0.0000,0.2645
2025-04-22T17:00+10:00,general,0.0206,0.0000
2025-04-22T17:30+10:00,general,0.1494,0.0000
2025-04-22T18:00+10:00,general,0.4019,0.0000
2025-04-22T18:30+10:00,general,0.5905,0.0000
2025-04-22T19:00+10:00,general,0.7741,0.0000
2025-04-22T19:30+10:00,general,0.7385,0.0000
2025-04-22T20:00+10:00,general,0.7110,0.0000
2025-04-22T20:30+10:00,general,0.5488,0.0000
2025-04-22T21:00+10:00,general,0.5848,0.0000
2025-04-22T21:30+10:00,general,0.4818,0.0000
2025-04-22T22:00+10:00,general,0.4320,0.0000
2025-04-22T22:30+10:00,general,0.4001,0.0000
2025-04-22T23:00+10:00,general,0.2607,0.0000
2025-04-22T23:30+10:00,general,0.2368,0.0000
2025-04-23T00:00+10:00,general,0.2072,0.0000
2025-04-23T00:30+10:00,general,0.1323,0.0000
2025-04-23T01:00+10:00,general,0.1374,0.0000
2025-04-23T01:30+10:00,general,0.1289,0.0000
2025-04-23T02:00+10:00,general,0.1524,0.0000
2025-04-23T02:30+10:00,general,0.1574,0.0000
2025-04-23T03:00+10:00,general,0.1309,0.0000
2025-04-23T03:30+10:00,general,0.1687,0.0000
2025-04-23T04:00+10:00,general,0.1707,0.0000
2025-04-23T04:30+10:00,general,0.1733,0.0000
2025-04-23T05:00+10:00,general,0.1636,0.0000
2025-04-23T05:30+10:00,general,0.2043,0.0000
2025-04-23T06:00+10:00,general,0.2357,0.0000
2025-04-23T06:30+10:00,general,0.2525,0.0000
2025-04-23T07:00+10:00,general,0.1447,0.0000
2025-04-23T07:30+10:00,general,0.0000,0.0156
2025-04-23T08:00+10:00,general,0.0000,0.1895
2025-04-23T08:30+10:00,general,0.0000,0.3044
2025-04-23T09:00+10:00,general,0.0000,0.4427
2025-04-23T09:30+10:00,general,0.0000,0.5860
2025-04-23T10:00+10:00,general,0.0000,0.6941
2025-04-23T10:30+10:00,general,0.0000,0.8054
2025-04-23T11:00+10:00,general,0.0000,0.8901
2025-04-23T11:30+10:00,general,0.0000,0.9125
2025-04-23T12:00+10:00,general,0.0000,0.9620
2025-04-23T12:30+10:00,general,0.0000,0.9596
2025-04-23T13:00+10:00,general,0.0000,0.9556
2025-04-23T13:30+10:00,general,0.0000,0.9133
2025-04-23T14:00+10:00,general,0.0000,0.8576
2025-04-23T14:30+10:00,general,0.0000,0.8080
2025-04-23T15:00+10:00,general,0.0000,0.7063
2025-04-23T15:30+10:00,general,0.0000,0.5793
2025-04-23T16:00+10:00,general,0.0000,0.4227
2025-04-23T16:30+10:00,general,0.0000,0.1894
2025-04-23T17:00+10:00,general,0.0001,0.0000
2025-04-23T17:30+10:00,general,0.1370,0.0000
2025-04-23T18:00+10:00,general,0.3543,0.0000
2025-04-23T18:30+10:00,general,0.6898,0.0000
2025-04-23T19:00+10:00,general,0.6566,0.0000
2025-04-23T19:30+10:00,general,0.5948,0.0000
2025-04-23T20:00+10:00,general,0.6652,0.0000
2025-04-23T20:30+10:00,general,0.6457,0.0000
2025-04-23T21:00+10:00,general,0.4965,0.0000
2025-04-23T21:30+10:00,general,0.4506,0.0000
2025-04-23T22:00+10:00,general,0.3770,0.0000
2025-04-23T22:30+10:00,general,0.3317,0.0000
2025-04-23T23:00+10:00,general,0.2449,0.0000
2025-04-23T23:30+10:00,general,0.2162,0.0000
2025-04-24T00:00+10:00,general,0.1750,0.0000
2025-04-24T00:30+10:00,general,0.1485,0.0000
2025-04-24T01:00+10:00,general,0.1315,0.0000
2025-04-24T01:30+10:00,general,0.1382,0.0000
2025-04-24T02:00+10:00,general,0.1551,0.0000
2025-04-24T02:30+10:00,general,0.1521,0.0000
2025-04-24T03:00+10:00,general,0.1498,0.0000
2025-04-24T03:30+10:00,general,0.1601,0.0000
2025-04-24T04:00+10:00,general,0.1722,0.0000
2025-04-24T04:30+10:00,general,0.1416,0.0000
2025-04-24T05:00+10:00,general,0.1531,0.0000
2025-04-24T05:30+10:00,general,0.1738,0.0000
2025-04-24T06:00+10:00,general,0.2192,0.0000
2025-04-24T06:30+10:00,general,0.2209,0.0000
2025-04-24T07:00+10:00,general,0.1187,0.0000
2025-04-24T07:30+10:00,general,0.0000,0.0560
2025-04-24T08:00+10:00,general,0.0000,0.1705
2025-04-24T08:30+10:00,general,0.0000,0.3421
2025-04-24T09:00+10:00,general,0.0000,0.4860
2025-04-24T09:30+10:00,general,0.0000,0.6149
2025-04-24T10:00+10:00,general,0.0000,0.7020
2025-04-24T10:30+10:00,general,0.0000,0.8194
2025-04-24T11:00+10:00,general,0.0000,0.8894
2025-04-24T11:30+10:00,general,0.0000,0.9302
2025-04-24T12:00+10:00,general,0.0000,0.9563
2025-04-24T12:30+10:00,general,0.0000,0.9442
2025-04-24T13:00+10:00,general,0.0000,0.9639
2025-04-24T13:30+10:00,general,0.0000,0.9007
2025-04-24T14:00+10:00,general,0.0000,0.8413
2025-04-24T14:30+10:00,general,0.0000,0.7784
2025-04-24T15:00+10:00,general,0.0000,0.6776
2025-04-24T15:30+10:00,general,0.0000,0.5653
2025-04-24T16:00+10:00,general,0.0000,0.3908
2025-04-24T16:30+10:00,general,0.0000,0.2515
2025-04-24T17:00+10:00,general,0.0310,0.0000
2025-04-24T17:30+10:00,general,0.1875,0.0000
2025-04-24T18:00+10:00,general,0.5097,0.0000
2025-04-24T18:30+10:00,general,0.5651,0.0000
2025-04-24T19:00+10:00,general,0.6827,0.0000
2025-04-24T19:30+10:00,general,0.6269,0.0000
2025-04-24T20:00+10:00,general,0.7360,0.0000
2025-04-24T20:30+10:00,general,0.6369,0.0000
2025-04-24T21:00+10:00,general,0.5662,0.0000
2025-04-24T21:30+10:00,general,0.4432,0.0000
2025-04-24T22:00+10:00,general,0.4213,0.0000
2025-04-24T22:30+10:00,general,0.3037,0.0000
2025-04-24T23:00+10:00,general,0.3110,0.0000
2025-04-24T23:30+10:00,general,0.2404,0.0000
2025-04-25T00:00+10:00,general,0.1959,0.0000
2025-04-25T00:30+10:00,general,0.1404,0.0000
2025-04-25T01:00+10:00,general,0.1554,0.0000
2025-04-25T01:30+10:00,general,0.1602,0.0000
2025-04-25T02:00+10:00,general,0.1667,0.0000
2025-04-25T02:30+10:00,general,0.1672,0.0000
2025-04-25T03:00+10:00,general,0.1338,0.0000
2025-04-25T03:30+10:00,general,0.1456,0.0000
2025-04-25T04:00+10:00,general,0.1372,0.0000
2025-04-25T04:30+10:00,general,0.1705,0.0000
2025-04-25T05:00+10:00,general,0.1705,0.0000
2025-04-25T05:30+10:00,general,0.1823,0.0000
2025-04-25T06:00+10:00,general,0.2280,0.0000
2025-04-25T06:30+10:00,general,0.2230,0.0000
2025-04-25T07:00+10:00,general,0.1062,0.0000
2025-04-25T07:30+10:00,general,0.0015,0.0000
2025-04-25T08:00+10:00,general,0.0000,0.1654
2025-04-25T08:30+10:00,general,0.0000,0.3363
2025-04-25T09:00+10:00,general,0.0000,0.4439
2025-04-25T09:30+10:00,general,0.0000,0.6183
2025-04-25T10:00+10:00,general,0.0000,0.6913
2025-04-25T10:30+10:00,general,0.0000,0.8165
2025-04-25T11:00+10:00,general,0.0000,0.8711
2025-04-25T11:30+10:00,general,0.0000,0.9150
2025-04-25T12:00+10:00,general,0.0000,0.9685
2025-04-25T12:30+10:00,general,0.0000,0.9751
2025-04-25T13:00+10:00,general,0.0000,0.9622
2025-04-25T13:30+10:00,general,0.0000,0.9107
2025-04-25T14:00+10:00,general,0.0000,0.8806
2025-04-25T14:30+10:00,general,0.0000,0.7642
2025-04-25T15:00+10:00,general,0.0000,0.6700
2025-04-25T15:30+10:00,general,0.0000,0.5527
2025-04-25T16:00+10:00,general,0.0000,0.3628
2025-04-25T16:30+10:00,general,0.0000,0.2042
2025-04-25T17:00+10:00,general,0.0234,0.0000
2025-04-25T17:30+10:00,general,0.2092,0.0000
2025-04-25T18:00+10:00,general,0.4083,0.0000
2025-04-25T18:30+10:00,general,0.5818,0.0000
2025-04-25T19:00+10:00,general,0.6819,0.0000
2025-04-25T19:30+10:00,general,0.7332,0.0000
2025-04-25T20:00+10:00,general,0.6707,0.0000
2025-04-25T20:30+10:00,general,0.5449,0.0000
2025-04-25T21:00+10:00,general,0.5136,0.0000
2025-04-25T21:30+10:00,general,0.4731,0.0000
2025-04-25T22:00+10:00,general,0.3973,0.0000
2025-04-25T22:30+10:00,general,0.3528,0.0000
2025-04-25T23:00+10:00,general,0.3149,0.0000
2025-04-25T23:30+10:00,general,0.2590,0.0000
2025-04-26T00:00+10:00,general,0.1995,0.0000
2025-04-26T00:30+10:00,general,0.1277,0.0000
2025-04-26T01:00+10:00,general,0.1474,0.0000
2025-04-26T01:30+10:00,general,0.1473,0.0000
2025-04-26T02:00+10:00,general,0.1457,0.0000
2025-04-26T02:30+10:00,general,0.1429,0.0000
2025-04-26T03:00+10:00,general,0.1418,0.0000
2025-04-26T03:30+10:00,general,0.1449,0.0000
2025-04-26T04:00+10:00,general,0.1487,0.0000
2025-04-26T04:30+10:00,general,0.1789,0.0000
2025-04-26T05:00+10:00,general,0.1768,0.0000
2025-04-26T05:30+10:00,general,0.1753,0.0000
2025-04-26T06:00+10:00,general,0.2432,0.0000
2025-04-26T06:30+10:00,general,0.2672,0.0000
2025-04-26T07:00+10:00,general,0.0998,0.0000
2025-04-26T07:30+10:00,general,0.0000,0.0522
2025-04-26T08:00+10:00,general,0.0000,0.1904
2025-04-26T08:30+10:00,general,0.0000,0.3356
2025-04-26T09:00+10:00,general,0.0000,0.4472
2025-04-26T09:30+10:00,general,0.0000,0.6163
2025-04-26T10:00+10:00,general,0.0000,0.7169
2025-04-26T10:30+10:00,general,0.0000,0.7858
2025-04-26T11:00+10:00,general,0.0000,0.8626
2025-04-26T11:30+10:00,general,0.0000,0.9086
2025-04-26T12:00+10:00,general,0.0000,0.9434
2025-04-26T12:30+10:00,general,0.0000,0.9439
2025-04-26T13:00+10:00,general,0.0000,0.9580
2025-04-26T13:30+10:00,general,0.0000,0.9272
2025-04-26T14:00+10:00,general,0.0000,0.8764
2025-04-26T14:30+10:00,general,0.0000,0.7912
2025-04-26T15:00+10:00,general,0.0000,0.6935
2025-04-26T15:30+10:00,general,0.0000,0.5135
2025-04-26T16:00+10:00,general,0.0000,0.3720
2025-04-26T16:30+10:00,general,0.0000,0.2266
2025-04-26T17:00+10:00,general,0.0000,0.0305
2025-04-26T17:30+10:00,general,0.2222,0.0000
2025-04-26T18:00+10:00,general,0.3609,0.0000
2025-04-26T18:30+10:00,general,0.6515,0.0000
2025-04-26T19:00+10:00,general,0.6362,0.0000
2025-04-26T19:30+10:00,general,0.6406,0.0000
2025-04-26T20:00+10:00,general,0.6875,0.0000
2025-04-26T20:30+10:00,general,0.5512,0.0000
2025-04-26T21:00+10:00,general,0.5595,0.0000
2025-04-26T21:30+10:00,general,0.4885,0.0000
2025-04-26T22:00+10:00,general,0.4241,0.0000
2025-04-26T22:30+10:00,general,0.2978,0.0000
2025-04-26T23:00+10:00,general,0.2977,0.0000
2025-04-26T23:30+10:00,general,0.2055,0.0000
2025-04-27T00:00+10:00,general,0.2050,0.0000
2025-04-27T00:30+10:00,general,0.1664,0.0000
2025-04-27T01:00+10:00,general,0.1351,0.0000
2025-04-27T01:30+10:00,general,0.1530,0.0000
2025-04-27T02:00+10:00,general,0.1278,0.0000
2025-04-27T02:30+10:00,general,0.1512,0.0000
2025-04-27T03:00+10:00,general,0.1410,0.0000
2025-04-27T03:30+10:00,general,0.1372,0.0000
2025-04-27T04:00+10:00,general,0.1614,0.0000
2025-04-27T04:30+10:00,general,0.1796,0.0000
2025-04-27T05:00+10:00,general,0.1794,0.0000
2025-04-27T05:30+10:00,general,0.1743,0.0000
2025-04-27T06:00+10:00,general,0.1964,0.0000
2025-04-27T06:30+10:00,general,0.2148,0.0000
2025-04-27T07:00+10:00,general,0.1526,0.0000
2025-04-27T07:30+10:00,general,0.0080,0.0000
2025-04-27T08:00+10:00,general,0.0000,0.1295
2025-04-27T08:30+10:00,general,0.0000,0.3225
2025-04-27T09:00+10:00,general,0.0000,0.4789
2025-04-27T09:30+10:00,general,0.0000,0.5642
2025-04-27T10:00+10:00,general,0.0000,0.6989
2025-04-27T10:30+10:00,general,0.0000,0.8098
2025-04-27T11:00+10:00,general,0.0000,0.8760
2025-04-27T11:30+10:00,general,0.0000,0.9247
2025-04-27T12:00+10:00,general,0.0000,0.9584
2025-04-27T12:30+10:00,general,0.0000,0.9467
2025-04-27T13:00+10:00,general,0.0000,0.9461
2025-04-27T13:30+10:00,general,0.0000,0.9056
2025-04-27T14:00+10:00,general,0.0000,0.8346
2025-04-27T14:30+10:00,general,0.0000,0.7631
2025-04-27T15:00+10:00,general,0.0000,0.6914
2025-04-27T15:30+10:00,general,0.0000,0.5673
2025-04-27T16:00+10:00,general,0.0000,0.3871
2025-04-27T16:30+10:00,general,0.0000,0.1906
2025-04-27T17:00+10:00,general,0.0000,0.0330
2025-04-27T17:30+10:00,general,0.2069,0.0000
2025-04-27T18:00+10:00,general,0.4435,0.0000
2025-04-27T18:30+10:00,general,0.6365,0.0000
2025-04-27T19:00+10:00,general,0.7035,0.0000
2025-04-27T19:30+10:00,general,0.7365,0.0000
2025-04-27T20:00+10:00,general,0.7409,0.0000
2025-04-27T20:30+10:00,general,0.7036,0.0000
2025-04-27T21:00+10:00,general,0.5861,0.0000
2025-04-27T21:30+10:00,general,0.4403,0.0000
2025-04-27T22:00+10:00,general,0.4234,0.0000
2025-04-27T22:30+10:00,general,0.3263,0.0000
2025-04-27T23:00+10:00,general,0.3255,0.0000
2025-04-27T23:30+10:00,general,0.2226,0.0000
2025-04-28T00:00+10:00,general,0.1852,0.0000
2025-04-28T00:30+10:00,general,0.1523,0.0000
2025-04-28T01:00+10:00,general,0.1677,0.0000
2025-04-28T01:30+10:00,general,0.1439,0.0000
2025-04-28T02:00+10:00,general,0.1408,0.0000
2025-04-28T02:30+10:00,general,0.1637,0.0000
2025-04-28T03:00+10:00,general,0.1519,0.0000
2025-04-28T03:30+10:00,general,0.1438,0.0000
2025-04-28T04:00+10:00,general,0.1308,0.0000
2025-04-28T04:30+10:00,general,0.1714,0.0000
2025-04-28T05:00+10:00,general,0.1575,0.0000
2025-04-28T05:30+10:00,general,0.2199,0.0000
2025-04-28T06:00+10:00,general,0.2469,0.0000
2025-04-28T06:30+10:00,general,0.2265,0.0000
2025-04-28T07:00+10:00,general,0.0974,0.0000
2025-04-28T07:30+10:00,general,0.0000,0.0379
2025-04-28T08:00+10:00,general,0.0000,0.1833
2025-04-28T08:30+10:00,general,0.0000,0.3331
2025-04-28T09:00+10:00,general,0.0000,0.4732
2025-04-28T09:30+10:00,general,0.0000,0.5548
2025-04-28T10:00+10:00,general,0.0000,0.7172
2025-04-28T10:30+10:00,general,0.0000,0.7898
2025-04-28T11:00+10:00,general,0.0000,0.8545
2025-04-28T11:30+10:00,general,0.0000,0.8963
2025-04-28T12:00+10:00,general,0.0000,0.9482
2025-04-28T12:30+10:00,general,0.0000,0.9279
2025-04-28T13:00+10:00,general,0.0000,0.9308
2025-04-28T13:30+10:00,general,0.0000,0.8737
2025-04-28T14:00+10:00,general,0.0000,0.8641
2025-04-28T14:30+10:00,general,0.0000,0.7401
2025-04-28T15:00+10:00,general,0.0000,0.6813
2025-04-28T15:30+10:00,general,0.0000,0.5557
2025-04-28T16:00+10:00,general,0.0000,0.3480
2025-04-28T16:30+10:00,general,0.0000,0.1481
2025-04-28T17:00+10:00,general,0.0000,0.0310
2025-04-28T17:30+10:00,general,0.1961,0.0000
2025-04-28T18:00+10:00,general,0.4640,0.0000
2025-04-28T18:30+10:00,general,0.6978,0.0000
2025-04-28T19:00+10:00,general,0.7483,0.0000
2025-04-28T19:30+10:00,general,0.5927,0.0000
2025-04-28T20:00+10:00,general,0.6698,0.0000
2025-04-28T20:30+10:00,general,0.5453,0.0000
2025-04-28T21:00+10:00,general,0.4932,0.0000
2025-04-28T21:30+10:00,general,0.4782,0.0000
2025-04-28T22:00+10:00,general,0.4482,0.0000
2025-04-28T22:30+10:00,general,0.3728,0.0000
2025-04-28T23:00+10:00,general,0.3137,0.0000
2025-04-28T23:30+10:00,general,0.2729,0.0000
2025-04-29T00:00+10:00,general,0.2261,0.0000
2025-04-29T00:30+10:00,general,0.1486,0.0000
2025-04-29T01:00+10:00,general,0.1450,0.0000
2025-04-29T01:30+10:00,general,0.1631,0.0000
2025-04-29T02:00+10:00,general,0.1371,0.0000
2025-04-29T02:30+10:00,general,0.1622,0.0000
2025-04-29T03:00+10:00,general,0.1308,0.0000
2025-04-29T03:30+10:00,general,0.1665,0.0000
2025-04-29T04:00+10:00,general,0.1406,0.0000
2025-04-29T04:30+10:00,general,0.1411,0.0000
2025-04-29T05:00+10:00,general,0.1770,0.0000
2025-04-29T05:30+10:00,general,0.2071,0.0000
2025-04-29T06:00+10:00,general,0.1943,0.0000
2025-04-29T06:30+10:00,general,0.2743,0.0000
2025-04-29T07:00+10:00,general,0.1034,0.0000
2025-04-29T07:30+10:00,general,0.0000,0.0298
2025-04-29T08:00+10:00,general,0.0000,0.1801
2025-04-29T08:30+10:00,general,0.0000,0.3024
2025-04-29T09:00+10:00,general,0.0000,0.4319
2025-04-29T09:30+10:00,general,0.0000,0.5848
2025-04-29T10:00+10:00,general,0.0000,0.6965
2025-04-29T10:30+10:00,general,0.0000,0.7643
2025-04-29T11:00+10:00,general,0.0000,0.8374
2025-04-29T11:30+10:00,general,0.0000,0.8923
2025-04-29T12:00+10:00,general,0.0000,0.9029
2025-04-29T12:30+10:00,general,0.0000,0.9535
2025-04-29T13:00+10:00,general,0.0000,0.9403
2025-04-29T13:30+10:00,general,0.0000,0.9099
2025-04-29T14:00+10:00,general,0.0000,0.8275
2025-04-29T14:30+10:00,general,0.0000,0.7386
2025-04-29T15:00+10:00,general,0.0000,0.6831
2025-04-29T15:30+10:00,general,0.0000,0.5242
2025-04-29T16:00+10:00,general,0.0000,0.3791
2025-04-29T16:30+10:00,general,0.0000,0.1477
2025-04-29T17:00+10:00,general,0.0117,0.0000
2025-04-29T17:30+10:00,general,0.2238,0.0000
2025-04-29T18:00+10:00,general,0.4100,0.0000
2025-04-29T18:30+10:00,general,0.6189,0.0000
2025-04-29T19:00+10:00,general,0.6780,0.0000
2025-04-29T19:30+10:00,general,0.6311,0.0000
2025-04-29T20:00+10:00,general,0.7751,0.0000
2025-04-29T20:30+10:00,general,0.6579,0.0000
2025-04-29T21:00+10:00,general,0.5345,0.0000
2025-04-29T21:30+10:00,general,0.5041,0.0000
2025-04-29T22:00+10:00,general,0.4316,0.0000
2025-04-29T22:30+10:00,general,0.3718,0.0000
2025-04-29T23:00+10:00,general,0.3066,0.0000
2025-04-29T23:30+10:00,general,0.2082,0.0000
2025-04-30T00:00+10:00,general,0.1973,0.0000
2025-04-30T00:30+10:00,general,0.1331,0.0000
2025-04-30T01:00+10:00,general,0.1652,0.0000
2025-04-30T01:30+10:00,general,0.1692,0.0000
2025-04-30T02:00+10:00,general,0.1649,0.0000
2025-04-30T02:30+10:00,general,0.1698,0.0000
2025-04-30T03:00+10:00,general,0.1597,0.0000
2025-04-30T03:30+10:00,general,0.1414,0.0000
2025-04-30T04:00+10:00,general,0.1669,0.0000
2025-04-30T04:30+10:00,general,0.1386,0.0000
2025-04-30T05:00+10:00,general,0.1799,0.0000
2025-04-30T05:30+10:00,general,0.2091,0.0000
2025-04-30T06:00+10:00,general,0.2302,0.0000
2025-04-30T06:30+10:00,general,0.2313,0.0000
2025-04-30T07:00+10:00,general,0.0964,0.0000
2025-04-30T07:30+10:00,general,0.0000,0.0504
2025-04-30T08:00+10:00,general,0.0000,0.1808
2025-04-30T08:30+10:00,general,0.0000,0.3041
2025-04-30T09:00+10:00,general,0.0000,0.4095
2025-04-30T09:30+10:00,general,0.0000,0.5841
2025-04-30T10:00+10:00,general,0.0000,0.6890
2025-04-30T10:30+10:00,general,0.0000,0.7953
2025-04-30T11:00+10:00,general,0.0000,0.8544
2025-04-30T11:30+10:00,general,0.0000,0.8922
2025-04-30T12:00+10:00,general,0.0000,0.9110
2025-04-30T12:30+10:00,general,0.0000,0.9083
2025-04-30T13:00+10:00,general,0.0000,0.9299
2025-04-30T13:30+10:00,general,0.0000,0.8704
2025-04-30T14:00+10:00,general,0.0000,0.8361
2025-04-30T14:30+10:00,general,0.0000,0.7399
2025-04-30T15:00+10:00,general,0.0000,0.6280
2025-04-30T15:30+10:00,general,0.0000,0.5399
2025-04-30T16:00+10:00,general,0.0000,0.3417
2025-04-30T16:30+10:00,general,0.0000,0.2346
2025-04-30T17:00+10:00,general,0.0000,0.0179
2025-04-30T17:30+10:00,general,0.2110,0.0000
2025-04-30T18:00+10:00,general,0.3687,0.0000
2025-04-30T18:30+10:00,general,0.6659,0.0000
2025-04-30T19:00+10:00,general,0.7233,0.0000
2025-04-30T19:30+10:00,general,0.6737,0.0000
2025-04-30T20:00+10:00,general,0.6104,0.0000
2025-04-30T20:30+10:00,general,0.5428,0.0000
2025-04-30T21:00+10:00,general,0.6435,0.0000
2025-04-30T21:30+10:00,general,0.4318,0.0000
2025-04-30T22:00+10:00,general,0.4025,0.0000
2025-04-30T22:30+10:00,general,0.3904,0.0000
2025-04-30T23:00+10:00,general,0.2636,0.0000
2025-04-30T23:30+10:00,general,0.2505,0.0000
2025-05-01T00:00+10:00,general,0.2030,0.0000
2025-05-01T00:30+10:00,general,0.1354,0.0000
2025-05-01T01:00+10:00,general,0.1635,0.0000
2025-05-01T01:30+10:00,general,0.1464,0.0000
2025-05-01T02:00+10:00,general,0.1496,0.0000
2025-05-01T02:30+10:00,general,0.1478,0.0000
2025-05-01T03:00+10:00,general,0.1509,0.0000
2025-05-01T03:30+10:00,general,0.1689,0.0000
2025-05-01T04:00+10:00,general,0.1551,0.0000
2025-05-01T04:30+10:00,general,0.1668,0.0000
2025-05-01T05:00+10:00,general,0.1949,0.0000
2025-05-01T05:30+10:00,general,0.1844,0.0000
2025-05-01T06:00+10:00,general,0.1925,0.0000
2025-05-01T06:30+10:00,general,0.2052,0.0000
2025-05-01T07:00+10:00,general,0.1520,0.0000
2025-05-01T07:30+10:00,general,0.0000,0.0412
2025-05-01T08:00+10:00,general,0.0000,0.1315
2025-05-01T08:30+10:00,general,0.0000,0.3074
2025-05-01T09:00+10:00,general,0.0000,0.4224
2025-05-01T09:30+10:00,general,0.0000,0.5624
2025-05-01T10:00+10:00,general,0.0000,0.6962
2025-05-01T10:30+10:00,general,0.0000,0.7824
2025-05-01T11:00+10:00,general,0.0000,0.8487
2025-05-01T11:30+10:00,general,0.0000,0.8693
2025-05-01T12:00+10:00,general,0.0000,0.8968
2025-05-01T12:30+10:00,general,0.0000,0.9235
2025-05-01T13:00+10:00,general,0.0000,0.8945
2025-05-01T13:30+10:00,general,0.0000,0.8584
2025-05-01T14:00+10:00,general,0.0000,0.8042
2025-05-01T14:30+10:00,general,0.0000,0.7384
2025-05-01T15:00+10:00,general,0.0000,0.6718
2025-05-01T15:30+10:00,general,0.0000,0.4972
2025-05-01T16:00+10:00,general,0.0000,0.3224
2025-05-01T16:30+10:00,general,0.0000,0.2142
2025-05-01T17:00+10:00,general,0.0340,0.0000
2025-05-01T17:30+10:00,general,0.2394,0.0000
2025-05-01T18:00+10:00,general,0.4574,0.0000
2025-05-01T18:30+10:00,general,0.6819,0.0000
2025-05-01T19:00+10:00,general,0.6253,0.0000
2025-05-01T19:30+10:00,general,0.7514,0.0000
2025-05-01T20:00+10:00,general,0.6368,0.0000
2025-05-01T20:30+10:00,general,0.7256,0.0000
2025-05-01T21:00+10:00,general,0.6014,0.0000
2025-05-01T21:30+10:00,general,0.5395,0.0000
2025-05-01T22:00+10:00,general,0.4612,0.0000
2025-05-01T22:30+10:00,general,0.3478,0.0000
2025-05-01T23:00+10:00,general,0.2589,0.0000
2025-05-01T23:30+10:00,general,0.2045,0.0000
2025-05-02T00:00+10:00,general,0.1746,0.0000
2025-05-02T00:30+10:00,general,0.1446,0.0000
2025-05-02T01:00+10:00,general,0.1255,0.0000
2025-05-02T01:30+10:00,general,0.1638,0.0000
2025-05-02T02:00+10:00,general,0.1689,0.0000
2025-05-02T02:30+10:00,general,0.1437,0.0000
2025-05-02T03:00+10:00,general,0.1476,0.0000
2025-05-02T03:30+10:00,general,0.1508,0.0000
2025-05-02T04:00+10:00,general,0.1621,0.0000
2025-05-02T04:30+10:00,general,0.1768,0.0000
2025-05-02T05:00+10:00,general,0.1493,0.0000
2025-05-02T05:30+10:00,general,0.1656,0.0000
2025-05-02T06:00+10:00,general,0.2454,0.0000
2025-05-02T06:30+10:00,general,0.2060,0.0000
2025-05-02T07:00+10:00,general,0.1569,0.0000
2025-05-02T07:30+10:00,general,0.0000,0.0110
2025-05-02T08:00+10:00,general,0.0000,0.1752
2025-05-02T08:30+10:00,general,0.0000,0.3023
2025-05-02T09:00+10:00,general,0.0000,0.4617
2025-05-02T09:30+10:00,general,0.0000,0.5483
2025-05-02T10:00+10:00,general,0.0000,0.6502
2025-05-02T10:30+10:00,general,0.0000,0.7619
2025-05-02T11:00+10:00,general,0.0000,0.8386
2025-05-02T11:30+10:00,general,0.0000,0.8913
2025-05-02T12:00+10:00,general,0.0000,0.9171
2025-05-02T12:30+10:00,general,0.0000,0.8946
2025-05-02T13:00+10:00,general,0.0000,0.9075
2025-05-02T13:30+10:00,general,0.0000,0.8618
2025-05-02T14:00+10:00,general,0.0000,0.7926
2025-05-02T14:30+10:00,general,0.0000,0.7441
2025-05-02T15:00+10:00,general,0.0000,0.6188
2025-05-02T15:30+10:00,general,0.0000,0.5135
2025-05-02T16:00+10:00,general,0.0000,0.3977
2025-05-02T16:30+10:00,general,0.0000,0.1402
2025-05-02T17:00+10:00,general,0.0620,0.0000
2025-05-02T17:30+10:00,general,0.1984,0.0000
2025-05-02T18:00+10:00,general,0.4280,0.0000
2025-05-02T18:30+10:00,general,0.5974,0.0000
2025-05-02T19:00+10:00,general,0.6676,0.0000
2025-05-02T19:30+10:00,general,0.6442,0.0000
2025-05-02T20:00+10:00,general,0.6310,0.0000
2025-05-02T20:30+10:00,general,0.5598,0.0000
2025-05-02T21:00+10:00,general,0.5020,0.0000
2025-05-02T21:30+10:00,general,0.4671,0.0000
2025-05-02T22:00+10:00,general,0.4283,0.0000
2025-05-02T22:30+10:00,general,0.3213,0.0000
2025-05-02T23:00+10:00,general,0.2533,0.0000
2025-05-02T23:30+10:00,general,0.2451,0.0000
2025-05-03T00:00+10:00,general,0.1969,0.0000
2025-05-03T00:30+10:00,general,0.1401,0.0000
2025-05-03T01:00+10:00,general,0.1290,0.0000
2025-05-03T01:30+10:00,general,0.1662,0.0000
2025-05-03T02:00+10:00,general,0.1284,0.0000
2025-05-03T02:30+10:00,general,0.1425,0.0000
2025-05-03T03:00+10:00,general,0.1370,0.0000
2025-05-03T03:30+10:00,general,0.1558,0.0000
2025-05-03T04:00+10:00,general,0.1631,0.0000
2025-05-03T04:30+10:00,general,0.1738,0.0000
2025-05-03T05:00+10:00,general,0.1788,0.0000
2025-05-03T05:30+10:00,general,0.1795,0.0000
2025-05-03T06:00+10:00,general,0.2298,0.0000
2025-05-03T06:30+10:00,general,0.2618,0.0000
2025-05-03T07:00+10:00,general,0.0964,0.0000
2025-05-03T07:30+10:00,general,0.0000,0.0335
2025-05-03T08:00+10:00,general,0.0000,0.1755
2025-05-03T08:30+10:00,general,0.0000,0.2933
2025-05-03T09:00+10:00,general,0.0000,0.4531
2025-05-03T09:30+10:00,general,0.0000,0.5421
2025-05-03T10:00+10:00,general,0.0000,0.6737
2025-05-03T10:30+10:00,general,0.0000,0.7328
2025-05-03T11:00+10:00,general,0.0000,0.8348
2025-05-03T11:30+10:00,general,0.0000,0.8885
2025-05-03T12:00+10:00,general,0.0000,0.9129
2025-05-03T12:30+10:00,general,0.0000,0.9003
2025-05-03T13:00+10:00,general,0.0000,0.8786
2025-05-03T13:30+10:00,general,0.0000,0.8863
2025-05-03T14:00+10:00,general,0.0000,0.7977
2025-05-03T14:30+10:00,general,0.0000,0.7290
2025-05-03T15:00+10:00,general,0.0000,0.6156
2025-05-03T15:30+10:00,general,0.0000,0.5291
2025-05-03T16:00+10:00,general,0.0000,0.3151
2025-05-03T16:30+10:00,general,0.0000,0.1967
2025-05-03T17:00+10:00,general,0.0000,0.0434
2025-05-03T17:30+10:00,general,0.2527,0.0000
2025-05-03T18:00+10:00,general,0.3974,0.0000
2025-05-03T18:30+10:00,general,0.5874,0.0000
2025-05-03T19:00+10:00,general,0.6758,0.0000
2025-05-03T19:30+10:00,general,0.6001,0.0000
2025-05-03T20:00+10:00,general,0.7553,0.0000
2025-05-03T20:30+10:00,general,0.6435,0.0000
2025-05-03T21:00+10:00,general,0.5135,0.0000
2025-05-03T21:30+10:00,general,0.5700,0.0000
2025-05-03T22:00+10:00,general,0.3985,0.0000
2025-05-03T22:30+10:00,general,0.3732,0.0000
2025-05-03T23:00+10:00,general,0.3000,0.0000
2025-05-03T23:30+10:00,general,0.2182,0.0000
2025-05-04T00:00+10:00,general,0.1941,0.0000
2025-05-04T00:30+10:00,general,0.1602,0.0000
2025-05-04T01:00+10:00,general,0.1557,0.0000
2025-05-04T01:30+10:00,general,0.1302,0.0000
2025-05-04T02:00+10:00,general,0.1499,0.0000
2025-05-04T02:30+10:00,general,0.1482,0.0000
2025-05-04T03:00+10:00,general,0.1619,0.0000
2025-05-04T03:30+10:00,general,0.1475,0.0000
2025-05-04T04:00+10:00,general,0.1597,0.0000
2025-05-04T04:30+10:00,general,0.1684,0.0000
2025-05-04T05:00+10:00,general,0.1984,0.0000
2025-05-04T05:30+10:00,general,0.2042,0.0000
2025-05-04T06:00+10:00,general,0.2479,0.0000
2025-05-04T06:30+10:00,general,0.2344,0.0000
2025-05-04T07:00+10:00,general,0.1378,0.0000
2025-05-04T07:30+10:00,general,0.0000,0.0129
2025-05-04T08:00+10:00,general,0.0000,0.1767
2025-05-04T08:30+10:00,general,0.0000,0.2789
2025-05-04T09:00+10:00,general,0.0000,0.4070
2025-05-04T09:30+10:00,general,0.0000,0.5546
2025-05-04T10:00+10:00,general,0.0000,0.6353
2025-05-04T10:30+10:00,general,0.0000,0.7280
2025-05-04T11:00+10:00,general,0.0000,0.8293
2025-05-04T11:30+10:00,general,0.0000,0.8729
2025-05-04T12:00+10:00,general,0.0000,0.9069
2025-05-04T12:30+10:00,general,0.0000,0.8945
2025-05-04T13:00+10:00,general,0.0000,0.8671
2025-05-04T13:30+10:00,general,0.0000,0.8656
2025-05-04T14:00+10:00,general,0.0000,0.7977
2025-05-04T14:30+10:00,general,0.0000,0.7117
2025-05-04T15:00+10:00,general,0.0000,0.6531
2025-05-04T15:30+10:00,general,0.0000,0.5358
2025-05-04T16:00+10:00,general,0.0000,0.3219
2025-05-04T16:30+10:00,general,0.0000,0.2218
2025-05-04T17:00+10:00,general,0.0000,0.0414
2025-05-04T17:30+10:00,general,0.2219,0.0000
2025-05-04T18:00+10:00,general,0.3628,0.0000
2025-05-04T18:30+10:00,general,0.6284,0.0000
2025-05-04T19:00+10:00,general,0.7780,0.0000
2025-05-04T19:30+10:00,general,0.7357,0.0000
2025-05-04T20:00+10:00,general,0.7030,0.0000
2025-05-04T20:30+10:00,general,0.5952,0.0000
2025-05-04T21:00+10:00,general,0.5837,0.0000
2025-05-04T21:30+10:00,general,0.4974,0.0000
2025-05-04T22:00+10:00,general,0.4746,0.0000
2025-05-04T22:30+10:00,general,0.3700,0.0000
2025-05-04T23:00+10:00,general,0.2682,0.0000
2025-05-04T23:30+10:00,general,0.2474,0.0000
2025-05-05T00:00+10:00,general,0.2102,0.0000
2025-05-05T00:30+10:00,general,0.1418,0.0000
2025-05-05T01:00+10:00,general,0.1593,0.0000
2025-05-05T01:30+10:00,general,0.1475,0.0000
2025-05-05T02:00+10:00,general,0.1554,0.0000
2025-05-05T02:30+10:00,general,0.1578,0.0000
2025-05-05T03:00+10:00,general,0.1675,0.0000
2025-05-05T03:30+10:00,general,0.1515,0.0000
2025-05-05T04:00+10:00,general,0.1759,0.0000
2025-05-05T04:30+10:00,general,0.1449,0.0000
2025-05-05T05:00+10:00,general,0.1768,0.0000
2025-05-05T05:30+10:00,general,0.1631,0.0000
2025-05-05T06:00+10:00,general,0.2481,0.0000
2025-05-05T06:30+10:00,general,0.2051,0.0000
2025-05-05T07:00+10:00,general,0.0894,0.0000
2025-05-05T07:30+10:00,general,0.0051,0.0000
2025-05-05T08:00+10:00,general,0.0000,0.1121
2025-05-05T08:30+10:00,general,0.0000,0.2590
2025-05-05T09:00+10:00,general,0.0000,0.4073
2025-05-05T09:30+10:00,general,0.0000,0.5222
2025-05-05T10:00+10:00,general,0.0000,0.6637
2025-05-05T10:30+10:00,general,0.0000,0.7573
2025-05-05T11:00+10:00,general,0.0000,0.8253
2025-05-05T11:30+10:00,general,0.0000,0.8734
2025-05-05T12:00+10:00,general,0.0000,0.8914
2025-05-05T12:30+10:00,general,0.0000,0.9042
2025-05-05T13:00+10:00,general,0.0000,0.8646
2025-05-05T13:30+10:00,general,0.0000,0.8588
2025-05-05T14:00+10:00,general,0.0000,0.7808
2025-05-05T14:30+10:00,general,0.0000,0.7473
2025-05-05T15:00+10:00,general,0.0000,0.6003
2025-05-05T15:30+10:00,general,0.0000,0.4962
2025-05-05T16:00+10:00,general,0.0000,0.3527
2025-05-05T16:30+10:00,general,0.0000,0.1791
2025-05-05T17:00+10:00,general,0.0000,0.0103
2025-05-05T17:30+10:00,general,0.2613,0.0000
2025-05-05T18:00+10:00,general,0.3555,0.0000
2025-05-05T18:30+10:00,general,0.6869,0.0000
2025-05-05T19:00+10:00,general,0.6190,0.0000
2025-05-05T19:30+10:00,general,0.7739,0.0000
2025-05-05T20:00+10:00,general,0.7232,0.0000
2025-05-05T20:30+10:00,general,0.6818,0.0000
2025-05-05T21:00+10:00,general,0.6151,0.0000
2025-05-05T21:30+10:00,general,0.4735,0.0000
2025-05-05T22:00+10:00,general,0.3733,0.0000
2025-05-05T22:30+10:00,general,0.3009,0.0000
2025-05-05T23:00+10:00,general,0.2816,0.0000
2025-05-05T23:30+10:00,general,0.2719,0.0000
2025-05-06T00:00+10:00,general,0.2186,0.0000
2025-05-06T00:30+10:00,general,0.1372,0.0000
2025-05-06T01:00+10:00,general,0.1423,0.0000
2025-05-06T01:30+10:00,general,0.1420,0.0000
2025-05-06T02:00+10:00,general,0.1474,0.0000
2025-05-06T02:30+10:00,general,0.1564,0.0000
2025-05-06T03:00+10:00,general,0.1507,0.0000
2025-05-06T03:30+10:00,general,0.1481,0.0000
2025-05-06T04:00+10:00,general,0.1412,0.0000
2025-05-06T04:30+10:00,general,0.1663,0.0000
2025-05-06T05:00+10:00,general,0.1512,0.0000
2025-05-06T05:30+10:00,general,0.2017,0.0000
2025-05-06T06:00+10:00,general,0.2154,0.0000
2025-05-06T06:30+10:00,general,0.2646,0.0000
2025-05-06T07:00+10:00,general,0.1042,0.0000
2025-05-06T07:30+10:00,general,0.0000,0.0367
2025-05-06T08:00+10:00,general,0.0000,0.1623
2025-05-06T08:30+10:00,general,0.0000,0.2773
2025-05-06T09:00+10:00,general,0.0000,0.4088
2025-05-06T09:30+10:00,general,0.0000,0.5262
2025-05-06T10:00+10:00,general,0.0000,0.6549
2025-05-06T10:30+10:00,general,0.0000,0.7159
2025-05-06T11:00+10:00,general,0.0000,0.8047
2025-05-06T11:30+10:00,general,0.0000,0.8350
2025-05-06T12:00+10:00,general,0.0000,0.9011
2025-05-06T12:30+10:00,general,0.0000,0.8774
2025-05-06T13:00+10:00,general,0.0000,0.8545
2025-05-06T13:30+10:00,general,0.0000,0.8353
2025-05-06T14:00+10:00,general,0.0000,0.8155
2025-05-06T14:30+10:00,general,0.0000,0.7169
2025-05-06T15:00+10:00,general,0.0000,0.6457
2025-05-06T15:30+10:00,general,0.0000,0.4876
2025-05-06T16:00+10:00,general,0.0000,0.3319
2025-05-06T16:30+10:00,general,0.0000,0.1810
2025-05-06T17:00+10:00,general,0.0122,0.0000
2025-05-06T17:30+10:00,general,0.1633,0.0000
2025-05-06T18:00+10:00,general,0.4877,0.0000
2025-05-06T18:30+10:00,general,0.6941,0.0000
2025-05-06T19:00+10:00,general,0.7624,0.0000
2025-05-06T19:30+10:00,general,0.7607,0.0000
2025-05-06T20:00+10:00,general,0.7074,0.0000
2025-05-06T20:30+10:00,general,0.5462,0.0000
2025-05-06T21:00+10:00,general,0.6164,0.0000
2025-05-06T21:30+10:00,general,0.4930,0.0000
2025-05-06T22:00+10:00,general,0.4632,0.0000
2025-05-06T22:30+10:00,general,0.3439,0.0000
2025-05-06T23:00+10:00,general,0.2859,0.0000
2025-05-06T23:30+10:00,general,0.2288,0.0000
2025-05-07T00:00+10:00,general,0.2079,0.0000
2025-05-07T00:30+10:00,general,0.1630,0.0000
2025-05-07T01:00+10:00,general,0.1600,0.0000
2025-05-07T01:30+10:00,general,0.1677,0.0000
2025-05-07T02:00+10:00,general,0.1492,0.0000
2025-05-07T02:30+10:00,general,0.1497,0.0000
2025-05-07T03:00+10:00,general,0.1418,0.0000
2025-05-07T03:30+10:00,general,0.1605,0.0000
2025-05-07T04:00+10:00,general,0.1725,0.0000
2025-05-07T04:30+10:00,general,0.1484,0.0000
2025-05-07T05:00+10:00,general,0.1826,0.0000
2025-05-07T05:30+10:00,general,0.1918,0.0000
2025-05-07T06:00+10:00,general,0.1899,0.0000
2025-05-07T06:30+10:00,general,0.2498,0.0000
2025-05-07T07:00+10:00,general,0.1183,0.0000
2025-05-07T07:30+10:00,general,0.0163,0.0000
2025-05-07T08:00+10:00,general,0.0000,0.1678
2025-05-07T08:30+10:00,general,0.0000,0.2907
2025-05-07T09:00+10:00,general,0.0000,0.4417
2025-05-07T09:30+10:00,general,0.0000,0.5160
2025-05-07T10:00+10:00,general,0.0000,0.6530
2025-05-07T10:30+10:00,general,0.0000,0.7322
2025-05-07T11:00+10:00,general,0.0000,0.7923
2025-05-07T11:30+10:00,general,0.0000,0.8356
2025-05-07T12:00+10:00,general,0.0000,0.8949
2025-05-07T12:30+10:00,general,0.0000,0.8698
2025-05-07T13:00+10:00,general,0.0000,0.8790
2025-05-07T13:30+10:00,general,0.0000,0.8414
2025-05-07T14:00+10:00,general,0.0000,0.8036
2025-05-07T14:30+10:00,general,0.0000,0.7321
2025-05-07T15:00+10:00,general,0.0000,0.6131
2025-05-07T15:30+10:00,general,0.0000,0.5209
2025-05-07T16:00+10:00,general,0.0000,0.3636
2025-05-07T16:30+10:00,general,0.0000,0.1315
2025-05-07T17:00+10:00,general,0.0648,0.0000
2025-05-07T17:30+10:00,general,0.2146,0.0000
2025-05-07T18:00+10:00,general,0.5235,0.0000
2025-05-07T18:30+10:00,general,0.7268,0.0000
2025-05-07T19:00+10:00,general,0.6777,0.0000
2025-05-07T19:30+10:00,general,0.6865,0.0000
2025-05-07T20:00+10:00,general,0.6349,0.0000
2025-05-07T20:30+10:00,general,0.5866,0.0000
2025-05-07T21:00+10:00,general,0.5384,0.0000
2025-05-07T21:30+10:00,general,0.5476,0.0000
2025-05-07T22:00+10:00,general,0.4401,0.0000
2025-05-07T22:30+10:00,general,0.3717,0.0000
2025-05-07T23:00+10:00,general,0.3105,0.0000
2025-05-07T23:30+10:00,general,0.2705,0.0000
2025-05-08T00:00+10:00,general,0.1901,0.0000
2025-05-08T00:30+10:00,general,0.1448,0.0000
2025-05-08T01:00+10:00,general,0.1337,0.0000
2025-05-08T01:30+10:00,general,0.1370,0.0000
2025-05-08T02:00+10:00,general,0.1421,0.0000
2025-05-08T02:30+10:00,general,0.1319,0.0000
2025-05-08T03:00+10:00,general,0.1450,0.0000
2025-05-08T03:30+10:00,general,0.1501,0.0000
2025-05-08T04:00+10:00,general,0.1487,0.0000
2025-05-08T04:30+10:00,general,0.1417,0.0000
2025-05-08T05:00+10:00,general,0.1893,0.0000
2025-05-08T05:30+10:00,general,0.1647,0.0000
2025-05-08T06:00+10:00,general,0.2109,0.0000
2025-05-08T06:30+10:00,general,0.2693,0.0000
2025-05-08T07:00+10:00,general,0.1481,0.0000
2025-05-08T07:30+10:00,general,0.0253,0.0000
2025-05-08T08:00+10:00,general,0.0000,0.1064
2025-05-08T08:30+10:00,general,0.0000,0.2532
2025-05-08T09:00+10:00,general,0.0000,0.3857
2025-05-08T09:30+10:00,general,0.0000,0.5600
2025-05-08T10:00+10:00,general,0.0000,0.6342
2025-05-08T10:30+10:00,general,0.0000,0.7478
2025-05-08T11:00+10:00,general,0.0000,0.7863
2025-05-08T11:30+10:00,general,0.0000,0.8576
2025-05-08T12:00+10:00,general,0.0000,0.8860
2025-05-08T12:30+10:00,general,0.0000,0.8679
2025-05-08T13:00+10:00,general,0.0000,0.8599
2025-05-08T13:30+10:00,general,0.0000,0.8407
2025-05-08T14:00+10:00,general,0.0000,0.8045
2025-05-08T14:30+10:00,general,0.0000,0.7136
2025-05-08T15:00+10:00,general,0.0000,0.6222
2025-05-08T15:30+10:00,general,0.0000,0.5111
2025-05-08T16:00+10:00,general,0.0000,0.3686
2025-05-08T16:30+10:00,general,0.0000,0.1571
2025-05-08T17:00+10:00,general,0.0532,0.0000
2025-05-08T17:30+10:00,general,0.1905,0.0000
2025-05-08T18:00+10:00,general,0.3762,0.0000
2025-05-08T18:30+10:00,general,0.7271,0.0000
2025-05-08T19:00+10:00,general,0.6287,0.0000
2025-05-08T19:30+10:00,general,0.7344,0.0000
2025-05-08T20:00+10:00,general,0.6709,0.0000
2025-05-08T20:30+10:00,general,0.7218,0.0000
2025-05-08T21:00+10:00,general,0.5303,0.0000
2025-05-08T21:30+10:00,general,0.5288,0.0000
2025-05-08T22:00+10:00,general,0.4494,0.0000
2025-05-08T22:30+10:00,general,0.3895,0.0000
2025-05-08T23:00+10:00,general,0.2447,0.0000
2025-05-08T23:30+10:00,general,0.2397,0.0000
2025-05-09T00:00+10:00,general,0.2049,0.0000
2025-05-09T00:30+10:00,general,0.1503,0.0000
2025-05-09T01:00+10:00,general,0.1601,0.0000
2025-05-09T01:30+10:00,general,0.1650,0.0000
2025-05-09T02:00+10:00,general,0.1449,0.0000
2025-05-09T02:30+10:00,general,0.1685,0.0000
2025-05-09T03:00+10:00,general,0.1649,0.0000
2025-05-09T03:30+10:00,general,0.1465,0.0000
2025-05-09T04:00+10:00,general,0.1318,0.0000
2025-05-09T04:30+10:00,general,0.1512,0.0000
2025-05-09T05:00+10:00,general,0.1789,0.0000
2025-05-09T05:30+10:00,general,0.1752,0.0000
2025-05-09T06:00+10:00,general,0.2070,0.0000
2025-05-09T06:30+10:00,general,0.2365,0.0000
2025-05-09T07:00+10:00,general,0.1161,0.0000
2025-05-09T07:30+10:00,general,0.0341,0.0000
2025-05-09T08:00+10:00,general,0.0000,0.1252
2025-05-09T08:30+10:00,general,0.0000,0.2406
2025-05-09T09:00+10:00,general,0.0000,0.4233
2025-05-09T09:30+10:00,general,0.0000,0.5566
2025-05-09T10:00+10:00,general,0.0000,0.6181
2025-05-09T10:30+10:00,general,0.0000,0.7404
2025-05-09T11:00+10:00,general,0.0000,0.7855
2025-05-09T11:30+10:00,general,0.0000,0.8429
2025-05-09T12:00+10:00,general,0.0000,0.8737
2025-05-09T12:30+10:00,general,0.0000,0.8643
2025-05-09T13:00+10:00,general,0.0000,0.8445
2025-05-09T13:30+10:00,general,0.0000,0.8258
2025-05-09T14:00+10:00,general,0.0000,0.7840
2025-05-09T14:30+10:00,general,0.0000,0.7242
2025-05-09T15:00+10:00,general,0.0000,0.6162
2025-05-09T15:30+10:00,general,0.0000,0.4734
2025-05-09T16:00+10:00,general,0.0000,0.3057
2025-05-09T16:30+10:00,general,0.0000,0.1565
2025-05-09T17:00+10:00,general,0.0235,0.0000
2025-05-09T17:30+10:00,general,0.2179,0.0000
2025-05-09T18:00+10:00,general,0.3611,0.0000
2025-05-09T18:30+10:00,general,0.6178,0.0000
2025-05-09T19:00+10:00,general,0.7236,0.0000
2025-05-09T19:30+10:00,general,0.7981,0.0000
2025-05-09T20:00+10:00,general,0.6469,0.0000
2025-05-09T20:30+10:00,general,0.7272,0.0000
2025-05-09T21:00+10:00,general,0.6222,0.0000
2025-05-09T21:30+10:00,general,0.5218,0.0000
2025-05-09T22:00+10:00,general,0.3644,0.0000
2025-05-09T22:30+10:00,general,0.3917,0.0000
2025-05-09T23:00+10:00,general,0.3254,0.0000
2025-05-09T23:30+10:00,general,0.2475,0.0000
2025-05-10T00:00+10:00,general,0.2075,0.0000
2025-05-10T00:30+10:00,general,0.1680,0.0000
2025-05-10T01:00+10:00,general,0.1257,0.0000
2025-05-10T01:30+10:00,general,0.1660,0.0000
2025-05-10T02:00+10:00,general,0.1416,0.0000
2025-05-10T02:30+10:00,general,0.1601,0.0000
2025-05-10T03:00+10:00,general,0.1676,0.0000
2025-05-10T03:30+10:00,general,0.1323,0.0000
2025-05-10T04:00+10:00,general,0.1578,0.0000
2025-05-10T04:30+10:00,general,0.1522,0.0000
2025-05-10T05:00+10:00,general,0.1615,0.0000
2025-05-10T05:30+10:00,general,0.2186,0.0000
2025-05-10T06:00+10:00,general,0.2392,0.0000
2025-05-10T06:30+10:00,general,0.2681,0.0000
2025-05-10T07:00+10:00,general,0.0975,0.0000
2025-05-10T07:30+10:00,general,0.0295,0.0000
2025-05-10T08:00+10:00,general,0.0000,0.1664
2025-05-10T08:30+10:00,general,0.0000,0.2365
2025-05-10T09:00+10:00,general,0.0000,0.3803
2025-05-10T09:30+10:00,general,0.0000,0.5014
2025-05-10T10:00+10:00,general,0.0000,0.6212
2025-05-10T10:30+10:00,general,0.0000,0.7290
2025-05-10T11:00+10:00,general,0.0000,0.8002
2025-05-10T11:30+10:00,general,0.0000,0.8324
2025-05-10T12:00+10:00,general,0.0000,0.8647
2025-05-10T12:30+10:00,general,0.0000,0.8820
2025-05-10T13:00+10:00,general,0.0000,0.8331
2025-05-10T13:30+10:00,general,0.0000,0.8046
2025-05-10T14:00+10:00,general,0.0000,0.7601
2025-05-10T14:30+10:00,general,0.0000,0.6690
2025-05-10T15:00+10:00,general,0.0000,0.5995
2025-05-10T15:30+10:00,general,0.0000,0.4507
2025-05-10T16:00+10:00,general,0.0000,0.3507
2025-05-10T16:30+10:00,general,0.0000,0.1185
2025-05-10T17:00+10:00,general,0.0008,0.0000
2025-05-10T17:30+10:00,general,0.3034,0.0000
2025-05-10T18:00+10:00,general,0.5148,0.0000
2025-05-10T18:30+10:00,general,0.7056,0.0000
2025-05-10T19:00+10:00,general,0.7734,0.0000
2025-05-10T19:30+10:00,general,0.7711,0.0000
2025-05-10T20:00+10:00,general,0.7317,0.0000
2025-05-10T20:30+10:00,general,0.5883,0.0000
2025-05-10T21:00+10:00,general,0.5325,0.0000
2025-05-10T21:30+10:00,general,0.5620,0.0000
2025-05-10T22:00+10:00,general,0.3597,0.0000
2025-05-10T22:30+10:00,general,0.3957,0.0000
2025-05-10T23:00+10:00,general,0.2720,0.0000
2025-05-10T23:30+10:00,general,0.2641,0.0000
2025-05-11T00:00+10:00,general,0.2087,0.0000
2025-05-11T00:30+10:00,general,0.1664,0.0000
2025-05-11T01:00+10:00,general,0.1369,0.0000
2025-05-11T01:30+10:00,general,0.1485,0.0000
2025-05-11T02:00+10:00,general,0.1582,0.0000
2025-05-11T02:30+10:00,general,0.1646,0.0000
2025-05-11T03:00+10:00,general,0.1619,0.0000
2025-05-11T03:30+10:00,general,0.1283,0.0000
2025-05-11T04:00+10:00,general,0.1659,0.0000
2025-05-11T04:30+10:00,general,0.1840,0.0000
2025-05-11T05:00+10:00,general,0.1596,0.0000
2025-05-11T05:30+10:00,general,0.1880,0.0000
2025-05-11T06:00+10:00,general,0.2187,0.0000
2025-05-11T06:30+10:00,general,0.2416,0.0000
2025-05-11T07:00+10:00,general,0.1156,0.0000
2025-05-11T07:30+10:00,general,0.0386,0.0000
2025-05-11T08:00+10:00,general,0.0000,0.1622
2025-05-11T08:30+10:00,general,0.0000,0.2950
2025-05-11T09:00+10:00,general,0.0000,0.3661
2025-05-11T09:30+10:00,general,0.0000,0.5175
2025-05-11T10:00+10:00,general,0.0000,0.6074
2025-05-11T10:30+10:00,general,0.0000,0.7101
2025-05-11T11:00+10:00,general,0.0000,0.7614
2025-05-11T11:30+10:00,general,0.0000,0.8047
2025-05-11T12:00+10:00,general,0.0000,0.8335
2025-05-11T12:30+10:00,general,0.0000,0.8651
2025-05-11T13:00+10:00,general,0.0000,0.8413
2025-05-11T13:30+10:00,general,0.0000,0.8306
2025-05-11T14:00+10:00,general,0.0000,0.7473
2025-05-11T14:30+10:00,general,0.0000,0.6807
2025-05-11T15:00+10:00,general,0.0000,0.5769
2025-05-11T15:30+10:00,general,0.0000,0.4984
2025-05-11T16:00+10:00,general,0.0000,0.3570
2025-05-11T16:30+10:00,general,0.0000,0.1208
2025-05-11T17:00+10:00,general,0.0509,0.0000
2025-05-11T17:30+10:00,general,0.2128,0.0000
2025-05-11T18:00+10:00,general,0.4799,0.0000
2025-05-11T18:30+10:00,general,0.5759,0.0000
2025-05-11T19:00+10:00,general,0.7281,0.0000
2025-05-11T19:30+10:00,general,0.7955,0.0000
2025-05-11T20:00+10:00,general,0.6265,0.0000
2025-05-11T20:30+10:00,general,0.5883,0.0000
2025-05-11T21:00+10:00,general,0.5892,0.0000
2025-05-11T21:30+10:00,general,0.4576,0.0000
2025-05-11T22:00+10:00,general,0.4275,0.0000
2025-05-11T22:30+10:00,general,0.3577,0.0000
2025-05-11T23:00+10:00,general,0.2496,0.0000
2025-05-11T23:30+10:00,general,0.2759,0.0000
2025-05-12T00:00+10:00,general,0.1749,0.0000
2025-05-12T00:30+10:00,general,0.1347,0.0000
2025-05-12T01:00+10:00,general,0.1472,0.0000
2025-05-12T01:30+10:00,general,0.1604,0.0000
2025-05-12T02:00+10:00,general,0.1627,0.0000
2025-05-12T02:30+10:00,general,0.1611,0.0000
2025-05-12T03:00+10:00,general,0.1504,0.0000
2025-05-12T03:30+10:00,general,0.1506,0.0000
2025-05-12T04:00+10:00,general,0.1551,0.0000
2025-05-12T04:30+10:00,general,0.1481,0.0000
2025-05-12T05:00+10:00,general,0.1807,0.0000
2025-05-12T05:30+10:00,general,0.2149,0.0000
2025-05-12T06:00+10:00,general,0.2364,0.0000
2025-05-12T06:30+10:00,general,0.2056,0.0000
2025-05-12T07:00+10:00,general,0.1361,0.0000
2025-05-12T07:30+10:00,general,0.0000,0.0231
2025-05-12T08:00+10:00,general,0.0000,0.1355
2025-05-12T08:30+10:00,general,0.0000,0.2913
2025-05-12T09:00+10:00,general,0.0000,0.3989
2025-05-12T09:30+10:00,general,0.0000,0.5137
2025-05-12T10:00+10:00,general,0.0000,0.6374
2025-05-12T10:30+10:00,general,0.0000,0.7150
2025-05-12T11:00+10:00,general,0.0000,0.7568
2025-05-12T11:30+10:00,general,0.0000,0.8061
2025-05-12T12:00+10:00,general,0.0000,0.8327
2025-05-12T12:30+10:00,general,0.0000,0.8303
2025-05-12T13:00+10:00,general,0.0000,0.8497
2025-05-12T13:30+10:00,general,0.0000,0.8259
2025-05-12T14:00+10:00,general,0.0000,0.7532
2025-05-12T14:30+10:00,general,0.0000,0.6694
2025-05-12T15:00+10:00,general,0.0000,0.6048
2025-05-12T15:30+10:00,general,0.0000,0.4388
2025-05-12T16:00+10:00,general,0.0000,0.2972
2025-05-12T16:30+10:00,general,0.0000,0.1637
2025-05-12T17:00+10:00,general,0.0819,0.0000
2025-05-12T17:30+10:00,general,0.2311,0.0000
2025-05-12T18:00+10:00,general,0.4888,0.0000
2025-05-12T18:30+10:00,general,0.5992,0.0000
2025-05-12T19:00+10:00,general,0.7529,0.0000
2025-05-12T19:30+10:00,general,0.7390,0.0000
2025-05-12T20:00+10:00,general,0.5869,0.0000
2025-05-12T20:30+10:00,general,0.7126,0.0000
2025-05-12T21:00+10:00,general,0.5902,0.0000
2025-05-12T21:30+10:00,general,0.5082,0.0000
2025-05-12T22:00+10:00,general,0.3884,0.0000
2025-05-12T22:30+10:00,general,0.3998,0.0000
2025-05-12T23:00+10:00,general,0.2864,0.0000
2025-05-12T23:30+10:00,general,0.2164,0.0000
2025-05-13T00:00+10:00,general,0.2180,0.0000
2025-05-13T00:30+10:00,general,0.1581,0.0000
2025-05-13T01:00+10:00,general,0.1298,0.0000
2025-05-13T01:30+10:00,general,0.1589,0.0000
2025-05-13T02:00+10:00,general,0.1353,0.0000
2025-05-13T02:30+10:00,general,0.1358,0.0000
2025-05-13T03:00+10:00,general,0.1497,0.0000
2025-05-13T03:30+10:00,general,0.1389,0.0000
2025-05-13T04:00+10:00,general,0.1334,0.0000
2025-05-13T04:30+10:00,general,0.1801,0.0000
2025-05-13T05:00+10:00,general,0.1957,0.0000
2025-05-13T05:30+10:00,general,0.1901,0.0000
2025-05-13T06:00+10:00,general,0.1957,0.0000
2025-05-13T06:30+10:00,general,0.2393,0.0000
2025-05-13T07:00+10:00,general,0.1618,0.0000
2025-05-13T07:30+10:00,general,0.0351,0.0000
2025-05-13T08:00+10:00,general,0.0000,0.1225
2025-05-13T08:30+10:00,general,0.0000,0.2615
2025-05-13T09:00+10:00,general,0.0000,0.4060
2025-05-13T09:30+10:00,general,0.0000,0.4992
2025-05-13T10:00+10:00,general,0.0000,0.6236
2025-05-13T10:30+10:00,general,0.0000,0.7187
2025-05-13T11:00+10:00,general,0.0000,0.7554
2025-05-13T11:30+10:00,general,0.0000,0.8009
2025-05-13T12:00+10:00,general,0.0000,0.8343
2025-05-13T12:30+10:00,general,0.0000,0.8518
2025-05-13T13:00+10:00,general,0.0000,0.8134
2025-05-13T13:30+10:00,general,0.0000,0.7883
2025-05-13T14:00+10:00,general,0.0000,0.7389
2025-05-13T14:30+10:00,general,0.0000,0.6834
2025-05-13T15:00+10:00,general,0.0000,0.5922
2025-05-13T15:30+10:00,general,0.0000,0.4946
2025-05-13T16:00+10:00,general,0.0000,0.2933
2025-05-13T16:30+10:00,general,0.0000,0.1587
2025-05-13T17:00+10:00,general,0.0000,0.0137
2025-05-13T17:30+10:00,general,0.2951,0.0000
2025-05-13T18:00+10:00,general,0.4389,0.0000
2025-05-13T18:30+10:00,general,0.6700,0.0000
2025-05-13T19:00+10:00,general,0.7221,0.0000
2025-05-13T19:30+10:00,general,0.7587,0.0000
2025-05-13T20:00+10:00,general,0.6798,0.0000
2025-05-13T20:30+10:00,general,0.5991,0.0000
2025-05-13T21:00+10:00,general,0.6384,0.0000
2025-05-13T21:30+10:00,general,0.4834,0.0000
2025-05-13T22:00+10:00,general,0.4213,0.0000
2025-05-13T22:30+10:00,general,0.3046,0.0000
2025-05-13T23:00+10:00,general,0.2930,0.0000
2025-05-13T23:30+10:00,general,0.2707,0.0000
2025-05-14T00:00+10:00,general,0.1864,0.0000
2025-05-14T00:30+10:00,general,0.1692,0.0000
2025-05-14T01:00+10:00,general,0.1575,0.0000
2025-05-14T01:30+10:00,general,0.1526,0.0000
2025-05-14T02:00+10:00,general,0.1264,0.0000
2025-05-14T02:30+10:00,general,0.1620,0.0000
2025-05-14T03:00+10:00,general,0.1346,0.0000
2025-05-14T03:30+10:00,general,0.1529,0.0000
2025-05-14T04:00+10:00,general,0.1727,0.0000
2025-05-14T04:30+10:00,general,0.1701,0.0000
2025-05-14T05:00+10:00,general,0.1806,0.0000
2025-05-14T05:30+10:00,general,0.1662,0.0000
2025-05-14T06:00+10:00,general,0.2001,0.0000
2025-05-14T06:30+10:00,general,0.2389,0.0000
2025-05-14T07:00+10:00,general,0.1669,0.0000
2025-05-14T07:30+10:00,general,0.0000,0.0226
2025-05-14T08:00+10:00,general,0.0000,0.1220
2025-05-14T08:30+10:00,general,0.0000,0.2782
2025-05-14T09:00+10:00,general,0.0000,0.4106
2025-05-14T09:30+10:00,general,0.0000,0.4818
2025-05-14T10:00+10:00,general,0.0000,0.5860
2025-05-14T10:30+10:00,general,0.0000,0.7161
2025-05-14T11:00+10:00,general,0.0000,0.7400
2025-05-14T11:30+10:00,general,0.0000,0.7825
2025-05-14T12:00+10:00,general,0.0000,0.8508
2025-05-14T12:30+10:00,general,0.0000,0.8519
2025-05-14T13:00+10:00,general,0.0000,0.8433
2025-05-14T13:30+10:00,general,0.0000,0.7797
2025-05-14T14:00+10:00,general,0.0000,0.7597
2025-05-14T14:30+10:00,general,0.0000,0.6869
2025-05-14T15:00+10:00,general,0.0000,0.5815
2025-05-14T15:30+10:00,general,0.0000,0.4886
2025-05-14T16:00+10:00,general,0.0000,0.3099
2025-05-14T16:30+10:00,general,0.0000,0.0966
2025-05-14T17:00+10:00,general,0.0795,0.0000
2025-05-14T17:30+10:00,general,0.3147,0.0000
2025-05-14T18:00+10:00,general,0.4013,0.0000
2025-05-14T18:30+10:00,general,0.5766,0.0000
2025-05-14T19:00+10:00,general,0.6192,0.0000
2025-05-14T19:30+10:00,general,0.7723,0.0000
2025-05-14T20:00+10:00,general,0.7290,0.0000
2025-05-14T20:30+10:00,general,0.7086,0.0000
2025-05-14T21:00+10:00,general,0.5392,0.0000
2025-05-14T21:30+10:00,general,0.4791,0.0000
2025-05-14T22:00+10:00,general,0.4418,0.0000
2025-05-14T22:30+10:00,general,0.3315,0.0000
2025-05-14T23:00+10:00,general,0.2841,0.0000
2025-05-14T23:30+10:00,general,0.2297,0.0000
2025-05-15T00:00+10:00,general,0.2135,0.0000
2025-05-15T00:30+10:00,general,0.1353,0.0000
2025-05-15T01:00+10:00,general,0.1520,0.0000
2025-05-15T01:30+10:00,general,0.1292,0.0000
2025-05-15T02:00+10:00,general,0.1337,0.0000
2025-05-15T02:30+10:00,general,0.1514,0.0000
2025-05-15T03:00+10:00,general,0.1701,0.0000
2025-05-15T03:30+10:00,general,0.1340,0.0000
2025-05-15T04:00+10:00,general,0.1310,0.0000
2025-05-15T04:30+10:00,general,0.1370,0.0000
2025-05-15T05:00+10:00,general,0.1670,0.0000
2025-05-15T05:30+10:00,general,0.1861,0.0000
2025-05-15T06:00+10:00,general,0.2208,0.0000
2025-05-15T06:30+10:00,general,0.2105,0.0000
2025-05-15T07:00+10:00,general,0.1620,0.0000
2025-05-15T07:30+10:00,general,0.0292,0.0000
2025-05-15T08:00+10:00,general,0.0000,0.1539
2025-05-15T08:30+10:00,general,0.0000,0.2652
2025-05-15T09:00+10:00,general,0.0000,0.3809
2025-05-15T09:30+10:00,general,0.0000,0.4795
2025-05-15T10:00+10:00,general,0.0000,0.6024
2025-05-15T10:30+10:00,general,0.0000,0.7002
2025-05-15T11:00+10:00,general,0.0000,0.7699
2025-05-15T11:30+10:00,general,0.0000,0.7811
2025-05-15T12:00+10:00,general,0.0000,0.8190
2025-05-15T12:30+10:00,general,0.0000,0.8251
2025-05-15T13:00+10:00,general,0.0000,0.8178
2025-05-15T13:30+10:00,general,0.0000,0.8114
2025-05-15T14:00+10:00,general,0.0000,0.7180
2025-05-15T14:30+10:00,general,0.0000,0.6905
2025-05-15T15:00+10:00,general,0.0000,0.5917
2025-05-15T15:30+10:00,general,0.0000,0.4693
2025-05-15T16:00+10:00,general,0.0000,0.3115
2025-05-15T16:30+10:00,general,0.0000,0.1611
2025-05-15T17:00+10:00,general,0.0186,0.0000
2025-05-15T17:30+10:00,general,0.2574,0.0000
2025-05-15T18:00+10:00,general,0.4433,0.0000
2025-05-15T18:30+10:00,general,0.6757,0.0000
2025-05-15T19:00+10:00,general,0.7095,0.0000
2025-05-15T19:30+10:00,general,0.7859,0.0000
2025-05-15T20:00+10:00,general,0.5924,0.0000
2025-05-15T20:30+10:00,general,0.6748,0.0000
2025-05-15T21:00+10:00,general,0.5155,0.0000
2025-05-15T21:30+10:00,general,0.5039,0.0000
2025-05-15T22:00+10:00,general,0.3790,0.0000
2025-05-15T22:30+10:00,general,0.3550,0.0000
2025-05-15T23:00+10:00,general,0.3036,0.0000
2025-05-15T23:30+10:00,general,0.2312,0.0000
2025-05-16T00:00+10:00,general,0.2122,0.0000
2025-05-16T00:30+10:00,general,0.1539,0.0000
2025-05-16T01:00+10:00,general,0.1550,0.0000
2025-05-16T01:30+10:00,general,0.1381,0.0000
2025-05-16T02:00+10:00,general,0.1598,0.0000
2025-05-16T02:30+10:00,general,0.1598,0.0000
2025-05-16T03:00+10:00,general,0.1473,0.0000
2025-05-16T03:30+10:00,general,0.1588,0.0000
2025-05-16T04:00+10:00,general,0.1416,0.0000
2025-05-16T04:30+10:00,general,0.1637,0.0000
2025-05-16T05:00+10:00,general,0.1693,0.0000
2025-05-16T05:30+10:00,general,0.1688,0.0000
2025-05-16T06:00+10:00,general,0.2440,0.0000
2025-05-16T06:30+10:00,general,0.2227,0.0000
2025-05-16T07:00+10:00,general,0.1594,0.0000
2025-05-16T07:30+10:00,general,0.0000,0.0005
2025-05-16T08:00+10:00,general,0.0000,0.1290
2025-05-16T08:30+10:00,general,0.0000,0.2807
2025-05-16T09:00+10:00,general,0.0000,0.3882
2025-05-16T09:30+10:00,general,0.0000,0.4811
2025-05-16T10:00+10:00,general,0.0000,0.6099
2025-05-16T10:30+10:00,general,0.0000,0.6959
2025-05-16T11:00+10:00,general,0.0000,0.7441
2025-05-16T11:30+10:00,general,0.0000,0.7815
2025-05-16T12:00+10:00,general,0.0000,0.7987
2025-05-16T12:30+10:00,general,0.0000,0.8157
2025-05-16T13:00+10:00,general,0.0000,0.7947
2025-05-16T13:30+10:00,general,0.0000,0.7876
2025-05-16T14:00+10:00,general,0.0000,0.7589
2025-05-16T14:30+10:00,general,0.0000,0.6902
2025-05-16T15:00+10:00,general,0.0000,0.5987
2025-05-16T15:30+10:00,general,0.0000,0.4145
2025-05-16T16:00+10:00,general,0.0000,0.2809
2025-05-16T16:30+10:00,general,0.0000,0.1337
2025-05-16T17:00+10:00,general,0.0326,0.0000
2025-05-16T17:30+10:00,general,0.2271,0.0000
2025-05-16T18:00+10:00,general,0.5098,0.0000
2025-05-16T18:30+10:00,general,0.5941,0.0000
2025-05-16T19:00+10:00,general,0.6771,0.0000
2025-05-16T19:30+10:00,general,0.7487,0.0000
2025-05-16T20:00+10:00,general,0.5863,0.0000
2025-05-16T20:30+10:00,general,0.5995,0.0000
2025-05-16T21:00+10:00,general,0.5813,0.0000
2025-05-16T21:30+10:00,general,0.5297,0.0000
2025-05-16T22:00+10:00,general,0.3803,0.0000
2025-05-16T22:30+10:00,general,0.3199,0.0000
2025-05-16T23:00+10:00,general,0.3302,0.0000
2025-05-16T23:30+10:00,general,0.2430,0.0000
2025-05-17T00:00+10:00,general,0.2232,0.0000
2025-05-17T00:30+10:00,general,0.1505,0.0000
2025-05-17T01:00+10:00,general,0.1551,0.0000
2025-05-17T01:30+10:00,general,0.1381,0.0000
2025-05-17T02:00+10:00,general,0.1449,0.0000
2025-05-17T02:30+10:00,general,0.1275,0.0000
2025-05-17T03:00+10:00,general,0.1379,0.0000
2025-05-17T03:30+10:00,general,0.1321,0.0000
2025-05-17T04:00+10:00,general,0.1607,0.0000
2025-05-17T04:30+10:00,general,0.1551,0.0000
2025-05-17T05:00+10:00,general,0.1771,0.0000
2025-05-17T05:30+10:00,general,0.1864,0.0000
2025-05-17T06:00+10:00,general,0.2224,0.0000
2025-05-17T06:30+10:00,general,0.2558,0.0000
2025-05-17T07:00+10:00,general,0.1101,0.0000
2025-05-17T07:30+10:00,general,0.0000,0.0033
2025-05-17T08:00+10:00,general,0.0000,0.0940
2025-05-17T08:30+10:00,general,0.0000,0.2446
2025-05-17T09:00+10:00,general,0.0000,0.3465
2025-05-17T09:30+10:00,general,0.0000,0.5118
2025-05-17T10:00+10:00,general,0.0000,0.5989
2025-05-17T10:30+10:00,general,0.0000,0.6993
2025-05-17T11:00+10:00,general,0.0000,0.7220
2025-05-17T11:30+10:00,general,0.0000,0.7707
2025-05-17T12:00+10:00,general,0.0000,0.8203
2025-05-17T12:30+10:00,general,0.0000,0.8353
2025-05-17T13:00+10:00,general,0.0000,0.8188
2025-05-17T13:30+10:00,general,0.0000,0.7877
2025-05-17T14:00+10:00,general,0.0000,0.7117
2025-05-17T14:30+10:00,general,0.0000,0.6496
2025-05-17T15:00+10:00,general,0.0000,0.5479
2025-05-17T15:30+10:00,general,0.0000,0.4303
2025-05-17T16:00+10:00,general,0.0000,0.3315
2025-05-17T16:30+10:00,general,0.0000,0.1178
2025-05-17T17:00+10:00,general,0.0182,0.0000
2025-05-17T17:30+10:00,general,0.2142,0.0000
2025-05-17T18:00+10:00,general,0.3662,0.0000
2025-05-17T18:30+10:00,general,0.6761,0.0000
2025-05-17T19:00+10:00,general,0.7038,0.0000
2025-05-17T19:30+10:00,general,0.7161,0.0000
2025-05-17T20:00+10:00,general,0.7807,0.0000
2025-05-17T20:30+10:00,general,0.5562,0.0000
2025-05-17T21:00+10:00,general,0.5459,0.0000
2025-05-17T21:30+10:00,general,0.5445,0.0000
2025-05-17T22:00+10:00,general,0.4306,0.0000
2025-05-17T22:30+10:00,general,0.3735,0.0000
2025-05-17T23:00+10:00,general,0.2505,0.0000
2025-05-17T23:30+10:00,general,0.2254,0.0000
2025-05-18T00:00+10:00,general,0.2311,0.0000
2025-05-18T00:30+10:00,general,0.1473,0.0000
2025-05-18T01:00+10:00,general,0.1477,0.0000
2025-05-18T01:30+10:00,general,0.1352,0.0000
2025-05-18T02:00+10:00,general,0.1296,0.0000
2025-05-18T02:30+10:00,general,0.1663,0.0000
2025-05-18T03:00+10:00,general,0.1657,0.0000
2025-05-18T03:30+10:00,general,0.1348,0.0000
2025-05-18T04:00+10:00,general,0.1574,0.0000
2025-05-18T04:30+10:00,general,0.1670,0.0000
2025-05-18T05:00+10:00,general,0.1811,0.0000
2025-05-18T05:30+10:00,general,0.1769,0.0000
2025-05-18T06:00+10:00,general,0.1990,0.0000
2025-05-18T06:30+10:00,general,0.2168,0.0000
2025-05-18T07:00+10:00,general,0.1540,0.0000
2025-05-18T07:30+10:00,general,0.0376,0.0000
2025-05-18T08:00+10:00,general,0.0000,0.0859
2025-05-18T08:30+10:00,general,0.0000,0.2553
2025-05-18T09:00+10:00,general,0.0000,0.3949
2025-05-18T09:30+10:00,general,0.0000,0.4835
2025-05-18T10:00+10:00,general,0.0000,0.5723
2025-05-18T10:30+10:00,general,0.0000,0.6930
2025-05-18T11:00+10:00,general,0.0000,0.7287
2025-05-18T11:30+10:00,general,0.0000,0.7996
2025-05-18T12:00+10:00,general,0.0000,0.8194
2025-05-18T12:30+10:00,general,0.0000,0.8276
2025-05-18T13:00+10:00,general,0.0000,0.7963
2025-05-18T13:30+10:00,general,0.0000,0.7607
2025-05-18T14:00+10:00,general,0.0000,0.7335
2025-05-18T14:30+10:00,general,0.0000,0.6472
2025-05-18T15:00+10:00,general,0.0000,0.5618
2025-05-18T15:30+10:00,general,0.0000,0.4079
2025-05-18T16:00+10:00,general,0.0000,0.2579
2025-05-18T16:30+10:00,general,0.0000,0.1075
2025-05-18T17:00+10:00,general,0.0000,0.0078
2025-05-18T17:30+10:00,general,0.2309,0.0000
2025-05-18T18:00+10:00,general,0.5093,0.0000
2025-05-18T18:30+10:00,general,0.7290,0.0000
2025-05-18T19:00+10:00,general,0.5927,0.0000
2025-05-18T19:30+10:00,general,0.7433,0.0000
2025-05-18T20:00+10:00,general,0.7544,0.0000
2025-05-18T20:30+10:00,general,0.7109,0.0000
2025-05-18T21:00+10:00,general,0.5857,0.0000
2025-05-18T21:30+10:00,general,0.4893,0.0000
2025-05-18T22:00+10:00,general,0.4118,0.0000
2025-05-18T22:30+10:00,general,0.3308,0.0000
2025-05-18T23:00+10:00,general,0.3120,0.0000
2025-05-18T23:30+10:00,general,0.2062,0.0000
2025-05-19T00:00+10:00,general,0.2265,0.0000
2025-05-19T00:30+10:00,general,0.1558,0.0000
2025-05-19T01:00+10:00,general,0.1413,0.0000
2025-05-19T01:30+10:00,general,0.1414,0.0000
2025-05-19T02:00+10:00,general,0.1579,0.0000
2025-05-19T02:30+10:00,general,0.1265,0.0000
2025-05-19T03:00+10:00,general,0.1633,0.0000
2025-05-19T03:30+10:00,general,0.1672,0.0000
2025-05-19T04:00+10:00,general,0.1374,0.0000
2025-05-19T04:30+10:00,general,0.1367,0.0000
2025-05-19T05:00+10:00,general,0.1956,0.0000
2025-05-19T05:30+10:00,general,0.1931,0.0000
2025-05-19T06:00+10:00,general,0.2141,0.0000
2025-05-19T06:30+10:00,general,0.2125,0.0000
2025-05-19T07:00+10:00,general,0.1141,0.0000
2025-05-19T07:30+10:00,general,0.0000,0.0061
2025-05-19T08:00+10:00,general,0.0000,0.0983
2025-05-19T08:30+10:00,general,0.0000,0.2682
2025-05-19T09:00+10:00,general,0.0000,0.3555
2025-05-19T09:30+10:00,general,0.0000,0.4675
2025-05-19T10:00+10:00,general,0.0000,0.5954
2025-05-19T10:30+10:00,general,0.0000,0.6491
2025-05-19T11:00+10:00,general,0.0000,0.7151
2025-05-19T11:30+10:00,general,0.0000,0.7884
2025-05-19T12:00+10:00,general,0.0000,0.7823
2025-05-19T12:30+10:00,general,0.0000,0.7904
2025-05-19T13:00+10:00,general,0.0000,0.7948
2025-05-19T13:30+10:00,general,0.0000,0.7905
2025-05-19T14:00+10:00,general,0.0000,0.7126
2025-05-19T14:30+10:00,general,0.0000,0.6666
2025-05-19T15:00+10:00,general,0.0000,0.5801
2025-05-19T15:30+10:00,general,0.0000,0.4325
2025-05-19T16:00+10:00,general,0.0000,0.2933
2025-05-19T16:30+10:00,general,0.0000,0.1012
2025-05-19T17:00+10:00,general,0.0981,0.0000
2025-05-19T17:30+10:00,general,0.2383,0.0000
2025-05-19T18:00+10:00,general,0.3979,0.0000
2025-05-19T18:30+10:00,general,0.5967,0.0000
2025-05-19T19:00+10:00,general,0.6968,0.0000
2025-05-19T19:30+10:00,general,0.6575,0.0000
2025-05-19T20:00+10:00,general,0.6870,0.0000
2025-05-19T20:30+10:00,general,0.6911,0.0000
2025-05-19T21:00+10:00,general,0.5092,0.0000
2025-05-19T21:30+10:00,general,0.4443,0.0000
2025-05-19T22:00+10:00,general,0.3828,0.0000
2025-05-19T22:30+10:00,general,0.3148,0.0000
2025-05-19T23:00+10:00,general,0.3143,0.0000
2025-05-19T23:30+10:00,general,0.2513,0.0000
2025-05-20T00:00+10:00,general,0.1746,0.0000
2025-05-20T00:30+10:00,general,0.1277,0.0000
2025-05-20T01:00+10:00,general,0.1679,0.0000
2025-05-20T01:30+10:00,general,0.1373,0.0000
2025-05-20T02:00+10:00,general,0.1453,0.0000
2025-05-20T02:30+10:00,general,0.1554,0.0000
2025-05-20T03:00+10:00,general,0.1372,0.0000
2025-05-20T03:30+10:00,general,0.1297,0.0000
2025-05-20T04:00+10:00,general,0.1306,0.0000
2025-05-20T04:30+10:00,general,0.1625,0.0000
2025-05-20T05:00+10:00,general,0.1831,0.0000
2025-05-20T05:30+10:00,general,0.1718,0.0000
2025-05-20T06:00+10:00,general,0.2056,0.0000
2025-05-20T06:30+10:00,general,0.2621,0.0000
2025-05-20T07:00+10:00,general,0.1442,0.0000
2025-05-20T07:30+10:00,general,0.0193,0.0000
2025-05-20T08:00+10:00,general,0.0000,0.1363
2025-05-20T08:30+10:00,general,0.0000,0.2225
2025-05-20T09:00+10:00,general,0.0000,0.3881
2025-05-20T09:30+10:00,general,0.0000,0.5049
2025-05-20T10:00+10:00,general,0.0000,0.6029
2025-05-20T10:30+10:00,general,0.0000,0.6730
2025-05-20T11:00+10:00,general,0.0000,0.7202
2025-05-20T11:30+10:00,general,0.0000,0.7670
2025-05-20T12:00+10:00,general,0.0000,0.7805
2025-05-20T12:30+10:00,general,0.0000,0.7905
2025-05-20T13:00+10:00,general,0.0000,0.8003
2025-05-20T13:30+10:00,general,0.0000,0.7587
2025-05-20T14:00+10:00,general,0.0000,0.7124
2025-05-20T14:30+10:00,general,0.0000,0.6301
2025-05-20T15:00+10:00,general,0.0000,0.5695
2025-05-20T15:30+10:00,general,0.0000,0.4337
2025-05-20T16:00+10:00,general,0.0000,0.3299
2025-05-20T16:30+10:00,general,0.0000,0.1051
2025-05-20T17:00+10:00,general,0.0570,0.0000
2025-05-20T17:30+10:00,general,0.2868,0.0000
2025-05-20T18:00+10:00,general,0.4139,0.0000
2025-05-20T18:30+10:00,general,0.6874,0.0000
2025-05-20T19:00+10:00,general,0.6508,0.0000
2025-05-20T19:30+10:00,general,0.7502,0.0000
2025-05-20T20:00+10:00,general,0.6860,0.0000
2025-05-20T20:30+10:00,general,0.6169,0.0000
2025-05-20T21:00+10:00,general,0.6084,0.0000
2025-05-20T21:30+10:00,general,0.4768,0.0000
2025-05-20T22:00+10:00,general,0.4795,0.0000
2025-05-20T22:30+10:00,general,0.3481,0.0000
2025-05-20T23:00+10:00,general,0.3195,0.0000
2025-05-20T23:30+10:00,general,0.2149,0.0000
2025-05-21T00:00+10:00,general,0.2053,0.0000
2025-05-21T00:30+10:00,general,0.1642,0.0000
2025-05-21T01:00+10:00,general,0.1341,0.0000
2025-05-21T01:30+10:00,general,0.1624,0.0000
2025-05-21T02:00+10:00,general,0.1527,0.0000
2025-05-21T02:30+10:00,general,0.1346,0.0000
2025-05-21T03:00+10:00,general,0.1406,0.0000
2025-05-21T03:30+10:00,general,0.1568,0.0000
2025-05-21T04:00+10:00,general,0.1488,0.0000
2025-05-21T04:30+10:00,general,0.1499,0.0000
2025-05-21T05:00+10:00,general,0.1774,0.0000
2025-05-21T05:30+10:00,general,0.1992,0.0000
2025-05-21T06:00+10:00,general,0.2321,0.0000
2025-05-21T06:30+10:00,general,0.2608,0.0000
2025-05-21T07:00+10:00,general,0.1064,0.0000
2025-05-21T07:30+10:00,general,0.0323,0.0000
2025-05-21T08:00+10:00,general,0.0000,0.1142
2025-05-21T08:30+10:00,general,0.0000,0.2294
2025-05-21T09:00+10:00,general,0.0000,0.3657
2025-05-21T09:30+10:00,general,0.0000,0.4882
2025-05-21T10:00+10:00,general,0.0000,0.5850
2025-05-21T10:30+10:00,general,0.0000,0.6831
2025-05-21T11:00+10:00,general,0.0000,0.7292
2025-05-21T11:30+10:00,general,0.0000,0.7578
2025-05-21T12:00+10:00,general,0.0000,0.7930
2025-05-21T12:30+10:00,general,0.0000,0.8127
2025-05-21T13:00+10:00,general,0.0000,0.8019
2025-05-21T13:30+10:00,general,0.0000,0.7626
2025-05-21T14:00+10:00,general,0.0000,0.7062
2025-05-21T14:30+10:00,general,0.0000,0.6172
2025-05-21T15:00+10:00,general,0.0000,0.5771
2025-05-21T15:30+10:00,general,0.0000,0.4262
2025-05-21T16:00+10:00,general,0.0000,0.2567
2025-05-21T16:30+10:00,general,0.0000,0.0849
2025-05-21T17:00+10:00,general,0.0898,0.0000
2025-05-21T17:30+10:00,general,0.3070,0.0000
2025-05-21T18:00+10:00,general,0.3650,0.0000
2025-05-21T18:30+10:00,general,0.6720,0.0000
2025-05-21T19:00+10:00,general,0.6924,0.0000
2025-05-21T19:30+10:00,general,0.6122,0.0000
2025-05-21T20:00+10:00,general,0.5966,0.0000
2025-05-21T20:30+10:00,general,0.6032,0.0000
2025-05-21T21:00+10:00,general,0.6315,0.0000
2025-05-21T21:30+10:00,general,0.4315,0.0000
2025-05-21T22:00+10:00,general,0.4783,0.0000
2025-05-21T22:30+10:00,general,0.3753,0.0000
2025-05-21T23:00+10:00,general,0.2831,0.0000
2025-05-21T23:30+10:00,general,0.2548,0.0000
2025-05-22T00:00+10:00,general,0.2231,0.0000
2025-05-22T00:30+10:00,general,0.1617,0.0000
2025-05-22T01:00+10:00,general,0.1590,0.0000
2025-05-22T01:30+10:00,general,0.1517,0.0000
2025-05-22T02:00+10:00,general,0.1659,0.0000
2025-05-22T02:30+10:00,general,0.1597,0.0000
2025-05-22T03:00+10:00,general,0.1606,0.0000
2025-05-22T03:30+10:00,general,0.1647,0.0000
2025-05-22T04:00+10:00,general,0.1406,0.0000
2025-05-22T04:30+10:00,general,0.1483,0.0000
2025-05-22T05:00+10:00,general,0.1978,0.0000
2025-05-22T05:30+10:00,general,0.1789,0.0000
2025-05-22T06:00+10:00,general,0.2055,0.0000
2025-05-22T06:30+10:00,general,0.2468,0.0000
2025-05-22T07:00+10:00,general,0.1720,0.0000
2025-05-22T07:30+10:00,general,0.0230,0.0000
2025-05-22T08:00+10:00,general,0.0000,0.0856
2025-05-22T08:30+10:00,general,0.0000,0.2473
2025-05-22T09:00+10:00,general,0.0000,0.3714
2025-05-22T09:30+10:00,general,0.0000,0.4710
2025-05-22T10:00+10:00,general,0.0000,0.5710
2025-05-22T10:30+10:00,general,0.0000,0.6666
2025-05-22T11:00+10:00,general,0.0000,0.7068
2025-05-22T11:30+10:00,general,0.0000,0.7779
2025-05-22T12:00+10:00,general,0.0000,0.7841
2025-05-22T12:30+10:00,general,0.0000,0.7778
2025-05-22T13:00+10:00,general,0.0000,0.7634
2025-05-22T13:30+10:00,general,0.0000,0.7317
2025-05-22T14:00+10:00,general,0.0000,0.6955
2025-05-22T14:30+10:00,general,0.0000,0.6597
2025-05-22T15:00+10:00,general,0.0000,0.5461
2025-05-22T15:30+10:00,general,0.0000,0.4326
2025-05-22T16:00+10:00,general,0.0000,0.3232
2025-05-22T16:30+10:00,general,0.0000,0.1473
2025-05-22T17:00+10:00,general,0.0479,0.0000
2025-05-22T17:30+10:00,general,0.1988,0.0000
2025-05-22T18:00+10:00,general,0.3897,0.0000
2025-05-22T18:30+10:00,general,0.6302,0.0000
2025-05-22T19:00+10:00,general,0.7717,0.0000
2025-05-22T19:30+10:00,general,0.7458,0.0000
2025-05-22T20:00+10:00,general,0.6765,0.0000
2025-05-22T20:30+10:00,general,0.6386,0.0000
2025-05-22T21:00+10:00,general,0.6352,0.0000
2025-05-22T21:30+10:00,general,0.4600,0.0000
2025-05-22T22:00+10:00,general,0.3817,0.0000
2025-05-22T22:30+10:00,general,0.3358,0.0000
2025-05-22T23:00+10:00,general,0.2564,0.0000
2025-05-22T23:30+10:00,general,0.2062,0.0000
2025-05-23T00:00+10:00,general,0.2156,0.0000
2025-05-23T00:30+10:00,general,0.1600,0.0000
2025-05-23T01:00+10:00,general,0.1303,0.0000
2025-05-23T01:30+10:00,general,0.1584,0.0000
2025-05-23T02:00+10:00,general,0.1316,0.0000
2025-05-23T02:30+10:00,general,0.1388,0.0000
2025-05-23T03:00+10:00,general,0.1367,0.0000
2025-05-23T03:30+10:00,general,0.1371,0.0000
2025-05-23T04:00+10:00,general,0.1459,0.0000
2025-05-23T04:30+10:00,general,0.1422,0.0000
2025-05-23T05:00+10:00,general,0.1903,0.0000
2025-05-23T05:30+10:00,general,0.1745,0.0000
2025-05-23T06:00+10:00,general,0.2460,0.0000
2025-05-23T06:30+10:00,general,0.2091,0.0000
2025-05-23T07:00+10:00,general,0.1563,0.0000
2025-05-23T07:30+10:00,general,0.0000,0.0119
2025-05-23T08:00+10:00,general,0.0000,0.1349
2025-05-23T08:30+10:00,general,0.0000,0.2274
2025-05-23T09:00+10:00,general,0.0000,0.3788
2025-05-23T09:30+10:00,general,0.0000,0.4665
2025-05-23T10:00+10:00,general,0.0000,0.5712
2025-05-23T10:30+10:00,general,0.0000,0.6646
2025-05-23T11:00+10:00,general,0.0000,0.7207
2025-05-23T11:30+10:00,general,0.0000,0.7566
2025-05-23T12:00+10:00,general,0.0000,0.8012
2025-05-23T12:30+10:00,general,0.0000,0.8037
2025-05-23T13:00+10:00,general,0.0000,0.7781
2025-05-23T13:30+10:00,general,0.0000,0.7600
2025-05-23T14:00+10:00,general,0.0000,0.7013
2025-05-23T14:30+10:00,general,0.0000,0.6236
2025-05-23T15:00+10:00,general,0.0000,0.5172
2025-05-23T15:30+10:00,general,0.0000,0.4031
2025-05-23T16:00+10:00,general,0.0000,0.2437
2025-05-23T16:30+10:00,general,0.0000,0.0753
2025-05-23T17:00+10:00,general,0.0399,0.0000
2025-05-23T17:30+10:00,general,0.3221,0.0000
2025-05-23T18:00+10:00,general,0.4958,0.0000
2025-05-23T18:30+10:00,general,0.5937,0.0000
2025-05-23T19:00+10:00,general,0.7178,0.0000
2025-05-23T19:30+10:00,general,0.7886,0.0000
2025-05-23T20:00+10:00,general,0.7090,0.0000
2025-05-23T20:30+10:00,general,0.6275,0.0000
2025-05-23T21:00+10:00,general,0.5149,0.0000
2025-05-23T21:30+10:00,general,0.5419,0.0000
2025-05-23T22:00+10:00,general,0.3679,0.0000
2025-05-23T22:30+10:00,general,0.3758,0.0000
2025-05-23T23:00+10:00,general,0.2653,0.0000
2025-05-23T23:30+10:00,general,0.2658,0.0000
2025-05-24T00:00+10:00,general,0.1755,0.0000
2025-05-24T00:30+10:00,general,0.1606,0.0000
2025-05-24T01:00+10:00,general,0.1571,0.0000
2025-05-24T01:30+10:00,general,0.1432,0.0000
2025-05-24T02:00+10:00,general,0.1604,0.0000
2025-05-24T02:30+10:00,general,0.1516,0.0000
2025-05-24T03:00+10:00,general,0.1345,0.0000
2025-05-24T03:30+10:00,general,0.1361,0.0000
2025-05-24T04:00+10:00,general,0.1747,0.0000
2025-05-24T04:30+10:00,general,0.1557,0.0000
2025-05-24T05:00+10:00,general,0.1907,0.0000
2025-05-24T05:30+10:00,general,0.2120,0.0000
2025-05-24T06:00+10:00,general,0.2350,0.0000
2025-05-24T06:30+10:00,general,0.2423,0.0000
2025-05-24T07:00+10:00,general,0.1639,0.0000
2025-05-24T07:30+10:00,general,0.0647,0.0000
2025-05-24T08:00+10:00,general,0.0000,0.0637
2025-05-24T08:30+10:00,general,0.0000,0.2029
2025-05-24T09:00+10:00,general,0.0000,0.3823
2025-05-24T09:30+10:00,general,0.0000,0.4408
2025-05-24T10:00+10:00,general,0.0000,0.5671
2025-05-24T10:30+10:00,general,0.0000,0.6668
2025-05-24T11:00+10:00,general,0.0000,0.6910
2025-05-24T11:30+10:00,general,0.0000,0.7501
2025-05-24T12:00+10:00,general,0.0000,0.7725
2025-05-24T12:30+10:00,general,0.0000,0.7830
2025-05-24T13:00+10:00,general,0.0000,0.7725
2025-05-24T13:30+10:00,general,0.0000,0.7515
2025-05-24T14:00+10:00,general,0.0000,0.6751
2025-05-24T14:30+10:00,general,0.0000,0.6521
2025-05-24T15:00+10:00,general,0.0000,0.5502
2025-05-24T15:30+10:00,general,0.0000,0.4084
2025-05-24T16:00+10:00,general,0.0000,0.2758
2025-05-24T16:30+10:00,general,0.0000,0.1149
2025-05-24T17:00+10:00,general,0.0165,0.0000
2025-05-24T17:30+10:00,general,0.2241,0.0000
2025-05-24T18:00+10:00,general,0.3857,0.0000
2025-05-24T18:30+10:00,general,0.7097,0.0000
2025-05-24T19:00+10:00,general,0.6878,0.0000
2025-05-24T19:30+10:00,general,0.6786,0.0000
2025-05-24T20:00+10:00,general,0.6793,0.0000
2025-05-24T20:30+10:00,general,0.7286,0.0000
2025-05-24T21:00+10:00,general,0.5810,0.0000
2025-05-24T21:30+10:00,general,0.4820,0.0000
2025-05-24T22:00+10:00,general,0.4483,0.0000
2025-05-24T22:30+10:00,general,0.3987,0.0000
2025-05-24T23:00+10:00,general,0.2545,0.0000
2025-05-24T23:30+10:00,general,0.2121,0.0000
2025-05-25T00:00+10:00,general,0.1882,0.0000
2025-05-25T00:30+10:00,general,0.1596,0.0000
2025-05-25T01:00+10:00,general,0.1395,0.0000
2025-05-25T01:30+10:00,general,0.1650,0.0000
2025-05-25T02:00+10:00,general,0.1569,0.0000
2025-05-25T02:30+10:00,general,0.1469,0.0000
2025-05-25T03:00+10:00,general,0.1425,0.0000
2025-05-25T03:30+10:00,general,0.1377,0.0000
2025-05-25T04:00+10:00,general,0.1393,0.0000
2025-05-25T04:30+10:00,general,0.1639,0.0000
2025-05-25T05:00+10:00,general,0.1969,0.0000
2025-05-25T05:30+10:00,general,0.1712,0.0000
2025-05-25T06:00+10:00,general,0.2115,0.0000
2025-05-25T06:30+10:00,general,0.2285,0.0000
2025-05-25T07:00+10:00,general,0.1502,0.0000
2025-05-25T07:30+10:00,general,0.0000,0.0020
2025-05-25T08:00+10:00,general,0.0000,0.1214
2025-05-25T08:30+10:00,general,0.0000,0.2336
2025-05-25T09:00+10:00,general,0.0000,0.3362
2025-05-25T09:30+10:00,general,0.0000,0.4393
2025-05-25T10:00+10:00,general,0.0000,0.5429
2025-05-25T10:30+10:00,general,0.0000,0.6588
2025-05-25T11:00+10:00,general,0.0000,0.6955
2025-05-25T11:30+10:00,general,0.0000,0.7431
2025-05-25T12:00+10:00,general,0.0000,0.7605
2025-05-25T12:30+10:00,general,0.0000,0.7900
2025-05-25T13:00+10:00,general,0.0000,0.7885
2025-05-25T13:30+10:00,general,0.0000,0.7363
2025-05-25T14:00+10:00,general,0.0000,0.6888
2025-05-25T14:30+10:00,general,0.0000,0.6097
2025-05-25T15:00+10:00,general,0.0000,0.5106
2025-05-25T15:30+10:00,general,0.0000,0.3955
2025-05-25T16:00+10:00,general,0.0000,0.2352
2025-05-25T16:30+10:00,general,0.0000,0.1114
2025-05-25T17:00+10:00,general,0.0441,0.0000
2025-05-25T17:30+10:00,general,0.3036,0.0000
2025-05-25T18:00+10:00,general,0.3899,0.0000
2025-05-25T18:30+10:00,general,0.6211,0.0000
2025-05-25T19:00+10:00,general,0.6090,0.0000
2025-05-25T19:30+10:00,general,0.7827,0.0000
2025-05-25T20:00+10:00,general,0.5967,0.0000
2025-05-25T20:30+10:00,general,0.7084,0.0000
2025-05-25T21:00+10:00,general,0.5998,0.0000
2025-05-25T21:30+10:00,general,0.5157,0.0000
2025-05-25T22:00+10:00,general,0.3905,0.0000
2025-05-25T22:30+10:00,general,0.3978,0.0000
2025-05-25T23:00+10:00,general,0.3300,0.0000
2025-05-25T23:30+10:00,general,0.2296,0.0000
2025-05-26T00:00+10:00,general,0.2074,0.0000
2025-05-26T00:30+10:00,general,0.1664,0.0000
2025-05-26T01:00+10:00,general,0.1559,0.0000
2025-05-26T01:30+10:00,general,0.1304,0.0000
2025-05-26T02:00+10:00,general,0.1654,0.0000
2025-05-26T02:30+10:00,general,0.1580,0.0000
2025-05-26T03:00+10:00,general,0.1567,0.0000
2025-05-26T03:30+10:00,general,0.1286,0.0000
2025-05-26T04:00+10:00,general,0.1700,0.0000
2025-05-26T04:30+10:00,general,0.1770,0.0000
2025-05-26T05:00+10:00,general,0.1982,0.0000
2025-05-26T05:30+10:00,general,0.1732,0.0000
2025-05-26T06:00+10:00,general,0.2374,0.0000
2025-05-26T06:30+10:00,general,0.2275,0.0000
2025-05-26T07:00+10:00,general,0.1066,0.0000
2025-05-26T07:30+10:00,general,0.0064,0.0000
2025-05-26T08:00+10:00,general,0.0000,0.0742
2025-05-26T08:30+10:00,general,0.0000,0.2040
2025-05-26T09:00+10:00,general,0.0000,0.3727
2025-05-26T09:30+10:00,general,0.0000,0.4754
2025-05-26T10:00+10:00,general,0.0000,0.5573
2025-05-26T10:30+10:00,general,0.0000,0.6534
2025-05-26T11:00+10:00,general,0.0000,0.6986
2025-05-26T11:30+10:00,general,0.0000,0.7368
2025-05-26T12:00+10:00,general,0.0000,0.7584
2025-05-26T12:30+10:00,general,0.0000,0.7672
2025-05-26T13:00+10:00,general,0.0000,0.7476
2025-05-26T13:30+10:00,general,0.0000,0.7386
2025-05-26T14:00+10:00,general,0.0000,0.7030
2025-05-26T14:30+10:00,general,0.0000,0.6081
2025-05-26T15:00+10:00,general,0.0000,0.5527
2025-05-26T15:30+10:00,general,0.0000,0.4283
2025-05-26T16:00+10:00,general,0.0000,0.2804
2025-05-26T16:30+10:00,general,0.0000,0.1474
2025-05-26T17:00+10:00,general,0.0698,0.0000
2025-05-26T17:30+10:00,general,0.1914,0.0000
2025-05-26T18:00+10:00,general,0.5127,0.0000
2025-05-26T18:30+10:00,general,0.6514,0.0000
2025-05-26T19:00+10:00,general,0.7258,0.0000
2025-05-26T19:30+10:00,general,0.6805,0.0000
2025-05-26T20:00+10:00,general,0.6141,0.0000
2025-05-26T20:30+10:00,general,0.7220,0.0000
2025-05-26T21:00+10:00,general,0.5458,0.0000
2025-05-26T21:30+10:00,general,0.5648,0.0000
2025-05-26T22:00+10:00,general,0.4247,0.0000
2025-05-26T22:30+10:00,general,0.3184,0.0000
2025-05-26T23:00+10:00,general,0.3296,0.0000
2025-05-26T23:30+10:00,general,0.2313,0.0000
2025-05-27T00:00+10:00,general,0.2185,0.0000
2025-05-27T00:30+10:00,general,0.1458,0.0000
2025-05-27T01:00+10:00,general,0.1640,0.0000
2025-05-27T01:30+10:00,general,0.1264,0.0000
2025-05-27T02:00+10:00,general,0.1635,0.0000
2025-05-27T02:30+10:00,general,0.1565,0.0000
2025-05-27T03:00+10:00,general,0.1625,0.0000
2025-05-27T03:30+10:00,general,0.1615,0.0000
2025-05-27T04:00+10:00,general,0.1711,0.0000
2025-05-27T04:30+10:00,general,0.1757,0.0000
2025-05-27T05:00+10:00,general,0.1795,0.0000
2025-05-27T05:30+10:00,general,0.1894,0.0000
2025-05-27T06:00+10:00,general,0.2479,0.0000
2025-05-27T06:30+10:00,general,0.2139,0.0000
2025-05-27T07:00+10:00,general,0.1030,0.0000
2025-05-27T07:30+10:00,general,0.0000,0.0067
2025-05-27T08:00+10:00,general,0.0000,0.0637
2025-05-27T08:30+10:00,general,0.0000,0.2146
2025-05-27T09:00+10:00,general,0.0000,0.3444
2025-05-27T09:30+10:00,general,0.0000,0.4689
2025-05-27T10:00+10:00,general,0.0000,0.5299
2025-05-27T10:30+10:00,general,0.0000,0.6414
2025-05-27T11:00+10:00,general,0.0000,0.7068
2025-05-27T11:30+10:00,general,0.0000,0.7385
2025-05-27T12:00+10:00,general,0.0000,0.7395
2025-05-27T12:30+10:00,general,0.0000,0.7611
2025-05-27T13:00+10:00,general,0.0000,0.7684
2025-05-27T13:30+10:00,general,0.0000,0.7070
2025-05-27T14:00+10:00,general,0.0000,0.6871
2025-05-27T14:30+10:00,general,0.0000,0.5998
2025-05-27T15:00+10:00,general,0.0000,0.5092
2025-05-27T15:30+10:00,general,0.0000,0.4281
2025-05-27T16:00+10:00,general,0.0000,0.2812
2025-05-27T16:30+10:00,general,0.0000,0.1114
2025-05-27T17:00+10:00,general,0.0852,0.0000
2025-05-27T17:30+10:00,general,0.2700,0.0000
2025-05-27T18:00+10:00,general,0.4121,0.0000
2025-05-27T18:30+10:00,general,0.7330,0.0000
2025-05-27T19:00+10:00,general,0.6933,0.0000
2025-05-27T19:30+10:00,general,0.7653,0.0000
2025-05-27T20:00+10:00,general,0.6599,0.0000
2025-05-27T20:30+10:00,general,0.6648,0.0000
2025-05-27T21:00+10:00,general,0.5848,0.0000
2025-05-27T21:30+10:00,general,0.5270,0.0000
2025-05-27T22:00+10:00,general,0.4568,0.0000
2025-05-27T22:30+10:00,general,0.3342,0.0000
2025-05-27T23:00+10:00,general,0.2820,0.0000
2025-05-27T23:30+10:00,general,0.2649,0.0000
2025-05-28T00:00+10:00,general,0.2071,0.0000
2025-05-28T00:30+10:00,general,0.1352,0.0000
2025-05-28T01:00+10:00,general,0.1545,0.0000
2025-05-28T01:30+10:00,general,0.1381,0.0000
2025-05-28T02:00+10:00,general,0.1498,0.0000
2025-05-28T02:30+10:00,general,0.1616,0.0000
2025-05-28T03:00+10:00,general,0.1581,0.0000
2025-05-28T03:30+10:00,general,0.1275,0.0000
2025-05-28T04:00+10:00,general,0.1540,0.0000
2025-05-28T04:30+10:00,general,0.1559,0.0000
2025-05-28T05:00+10:00,general,0.1655,0.0000
2025-05-28T05:30+10:00,general,0.1997,0.0000
2025-05-28T06:00+10:00,general,0.2091,0.0000
2025-05-28T06:30+10:00,general,0.2222,0.0000
2025-05-28T07:00+10:00,general,0.1459,0.0000
2025-05-28T07:30+10:00,general,0.0507,0.0000
2025-05-28T08:00+10:00,general,0.0000,0.1240
2025-05-28T08:30+10:00,general,0.0000,0.1806
2025-05-28T09:00+10:00,general,0.0000,0.3194
2025-05-28T09:30+10:00,general,0.0000,0.4602
2025-05-28T10:00+10:00,general,0.0000,0.5707
2025-05-28T10:30+10:00,general,0.0000,0.6056
2025-05-28T11:00+10:00,general,0.0000,0.6677
2025-05-28T11:30+10:00,general,0.0000,0.7322
2025-05-28T12:00+10:00,general,0.0000,0.7697
2025-05-28T12:30+10:00,general,0.0000,0.7742
2025-05-28T13:00+10:00,general,0.0000,0.7355
2025-05-28T13:30+10:00,general,0.0000,0.7074
2025-05-28T14:00+10:00,general,0.0000,0.6929
2025-05-28T14:30+10:00,general,0.0000,0.5828
2025-05-28T15:00+10:00,general,0.0000,0.4915
2025-05-28T15:30+10:00,general,0.0000,0.4051
2025-05-28T16:00+10:00,general,0.0000,0.3001
2025-05-28T16:30+10:00,general,0.0000,0.1235
2025-05-28T17:00+10:00,general,0.0683,0.0000
2025-05-28T17:30+10:00,general,0.2946,0.0000
2025-05-28T18:00+10:00,general,0.4753,0.0000
2025-05-28T18:30+10:00,general,0.5978,0.0000
2025-05-28T19:00+10:00,general,0.7657,0.0000
2025-05-28T19:30+10:00,general,0.7914,0.0000
2025-05-28T20:00+10:00,general,0.6480,0.0000
2025-05-28T20:30+10:00,general,0.7022,0.0000
2025-05-28T21:00+10:00,general,0.5786,0.0000
2025-05-28T21:30+10:00,general,0.5606,0.0000
2025-05-28T22:00+10:00,general,0.3747,0.0000
2025-05-28T22:30+10:00,general,0.3934,0.0000
2025-05-28T23:00+10:00,general,0.2975,0.0000
2025-05-28T23:30+10:00,general,0.2272,0.0000
2025-05-29T00:00+10:00,general,0.2140,0.0000
2025-05-29T00:30+10:00,general,0.1423,0.0000
2025-05-29T01:00+10:00,general,0.1358,0.0000
2025-05-29T01:30+10:00,general,0.1254,0.0000
2025-05-29T02:00+10:00,general,0.1498,0.0000
2025-05-29T02:30+10:00,general,0.1282,0.0000
2025-05-29T03:00+10:00,general,0.1269,0.0000
2025-05-29T03:30+10:00,general,0.1600,0.0000
2025-05-29T04:00+10:00,general,0.1435,0.0000
2025-05-29T04:30+10:00,general,0.1619,0.0000
2025-05-29T05:00+10:00,general,0.1663,0.0000
2025-05-29T05:30+10:00,general,0.1721,0.0000
2025-05-29T06:00+10:00,general,0.1843,0.0000
2025-05-29T06:30+10:00,general,0.2479,0.0000
2025-05-29T07:00+10:00,general,0.1411,0.0000
2025-05-29T07:30+10:00,general,0.0354,0.0000
2025-05-29T08:00+10:00,general,0.0000,0.0919
2025-05-29T08:30+10:00,general,0.0000,0.2257
2025-05-29T09:00+10:00,general,0.0000,0.3515
2025-05-29T09:30+10:00,general,0.0000,0.4778
2025-05-29T10:00+10:00,general,0.0000,0.5364
2025-05-29T10:30+10:00,general,0.0000,0.6370
2025-05-29T11:00+10:00,general,0.0000,0.6925
2025-05-29T11:30+10:00,general,0.0000,0.7059
2025-05-29T12:00+10:00,general,0.0000,0.7394
2025-05-29T12:30+10:00,general,0.0000,0.7351
2025-05-29T13:00+10:00,general,0.0000,0.7472
2025-05-29T13:30+10:00,general,0.0000,0.6941
2025-05-29T14:00+10:00,general,0.0000,0.6689
2025-05-29T14:30+10:00,general,0.0000,0.6185
2025-05-29T15:00+10:00,general,0.0000,0.5171
2025-05-29T15:30+10:00,general,0.0000,0.3731
2025-05-29T16:00+10:00,general,0.0000,0.2329
2025-05-29T16:30+10:00,general,0.0000,0.0724
2025-05-29T17:00+10:00,general,0.0980,0.0000
2025-05-29T17:30+10:00,general,0.2969,0.0000
2025-05-29T18:00+10:00,general,0.5234,0.0000
2025-05-29T18:30+10:00,general,0.6635,0.0000
2025-05-29T19:00+10:00,general,0.7117,0.0000
2025-05-29T19:30+10:00,general,0.7390,0.0000
2025-05-29T20:00+10:00,general,0.6053,0.0000
2025-05-29T20:30+10:00,general,0.6862,0.0000
2025-05-29T21:00+10:00,general,0.4993,0.0000
2025-05-29T21:30+10:00,general,0.4481,0.0000
2025-05-29T22:00+10:00,general,0.3726,0.0000
2025-05-29T22:30+10:00,general,0.3096,0.0000
2025-05-29T23:00+10:00,general,0.2957,0.0000
2025-05-29T23:30+10:00,general,0.2439,0.0000
2025-05-30T00:00+10:00,general,0.1984,0.0000
2025-05-30T00:30+10:00,general,0.1574,0.0000
2025-05-30T01:00+10:00,general,0.1559,0.0000
2025-05-30T01:30+10:00,general,0.1402,0.0000
2025-05-30T02:00+10:00,general,0.1666,0.0000
2025-05-30T02:30+10:00,general,0.1546,0.0000
2025-05-30T03:00+10:00,general,0.1478,0.0000
2025-05-30T03:30+10:00,general,0.1391,0.0000
2025-05-30T04:00+10:00,general,0.1396,0.0000
2025-05-30T04:30+10:00,general,0.1465,0.0000
2025-05-30T05:00+10:00,general,0.1578,0.0000
2025-05-30T05:30+10:00,general,0.1846,0.0000
2025-05-30T06:00+10:00,general,0.2272,0.0000
2025-05-30T06:30+10:00,general,0.2075,0.0000
2025-05-30T07:00+10:00,general,0.1496,0.0000
2025-05-30T07:30+10:00,general,0.0011,0.0000
2025-05-30T08:00+10:00,general,0.0000,0.0557
2025-05-30T08:30+10:00,general,0.0000,0.2023
2025-05-30T09:00+10:00,general,0.0000,0.3017
2025-05-30T09:30+10:00,general,0.0000,0.4613
2025-05-30T10:00+10:00,general,0.0000,0.5392
2025-05-30T10:30+10:00,general,0.0000,0.6375
2025-05-30T11:00+10:00,general,0.0000,0.6735
2025-05-30T11:30+10:00,general,0.0000,0.7291
2025-05-30T12:00+10:00,general,0.0000,0.7558
2025-05-30T12:30+10:00,general,0.0000,0.7320
2025-05-30T13:00+10:00,general,0.0000,0.7353
2025-05-30T13:30+10:00,general,0.0000,0.6937
2025-05-30T14:00+10:00,general,0.0000,0.6702
2025-05-30T14:30+10:00,general,0.0000,0.6112
2025-05-30T15:00+10:00,general,0.0000,0.5232
2025-05-30T15:30+10:00,general,0.0000,0.4179
2025-05-30T16:00+10:00,general,0.0000,0.2800
2025-05-30T16:30+10:00,general,0.0000,0.1362
2025-05-30T17:00+10:00,general,0.0982,0.0000
2025-05-30T17:30+10:00,general,0.2114,0.0000
2025-05-30T18:00+10:00,general,0.4609,0.0000
2025-05-30T18:30+10:00,general,0.6016,0.0000
2025-05-30T19:00+10:00,general,0.7659,0.0000
2025-05-30T19:30+10:00,general,0.6330,0.0000
2025-05-30T20:00+10:00,general,0.6255,0.0000
2025-05-30T20:30+10:00,general,0.6112,0.0000
2025-05-30T21:00+10:00,general,0.5198,0.0000
2025-05-30T21:30+10:00,general,0.5609,0.0000
2025-05-30T22:00+10:00,general,0.3677,0.0000
2025-05-30T22:30+10:00,general,0.3663,0.0000
2025-05-30T23:00+10:00,general,0.3267,0.0000
2025-05-30T23:30+10:00,general,0.2563,0.0000
2025-05-31T00:00+10:00,general,0.2208,0.0000
2025-05-31T00:30+10:00,general,0.1260,0.0000
2025-05-31T01:00+10:00,general,0.1445,0.0000
2025-05-31T01:30+10:00,general,0.1696,0.0000
2025-05-31T02:00+10:00,general,0.1468,0.0000
2025-05-31T02:30+10:00,general,0.1326,0.0000
2025-05-31T03:00+10:00,general,0.1690,0.0000
2025-05-31T03:30+10:00,general,0.1303,0.0000
2025-05-31T04:00+10:00,general,0.1595,0.0000
2025-05-31T04:30+10:00,general,0.1485,0.0000
2025-05-31T05:00+10:00,general,0.1494,0.0000
2025-05-31T05:30+10:00,general,0.1673,0.0000
2025-05-31T06:00+10:00,general,0.2341,0.0000
2025-05-31T06:30+10:00,general,0.2147,0.0000
2025-05-31T07:00+10:00,general,0.1192,0.0000
2025-05-31T07:30+10:00,general,0.0584,0.0000
2025-05-31T08:00+10:00,general,0.0000,0.1174
2025-05-31T08:30+10:00,general,0.0000,0.2381
2025-05-31T09:00+10:00,general,0.0000,0.3594
2025-05-31T09:30+10:00,general,0.0000,0.4616
2025-05-31T10:00+10:00,general,0.0000,0.5608
2025-05-31T10:30+10:00,general,0.0000,0.6223
2025-05-31T11:00+10:00,general,0.0000,0.6653
2025-05-31T11:30+10:00,general,0.0000,0.7086
2025-05-31T12:00+10:00,general,0.0000,0.7427
2025-05-31T12:30+10:00,general,0.0000,0.7512
2025-05-31T13:00+10:00,general,0.0000,0.7343
2025-05-31T13:30+10:00,general,0.0000,0.7054
2025-05-31T14:00+10:00,general,0.0000,0.6668
2025-05-31T14:30+10:00,general,0.0000,0.5903
2025-05-31T15:00+10:00,general,0.0000,0.4781
2025-05-31T15:30+10:00,general,0.0000,0.3803
2025-05-31T16:00+10:00,general,0.0000,0.2326
2025-05-31T16:30+10:00,general,0.0000,0.1322
2025-05-31T17:00+10:00,general,0.1224,0.0000
2025-05-31T17:30+10:00,general,0.2743,0.0000
2025-05-31T18:00+10:00,general,0.4909,0.0000
2025-05-31T18:30+10:00,general,0.5859,0.0000
2025-05-31T19:00+10:00,general,0.6270,0.0000
2025-05-31T19:30+10:00,general,0.7881,0.0000
2025-05-31T20:00+10:00,general,0.7029,0.0000
2025-05-31T20:30+10:00,general,0.6938,0.0000
2025-05-31T21:00+10:00,general,0.6557,0.0000
2025-05-31T21:30+10:00,general,0.5670,0.0000
2025-05-31T22:00+10:00,general,0.4535,0.0000
2025-05-31T22:30+10:00,general,0.3973,0.0000
2025-05-31T23:00+10:00,general,0.2595,0.0000
2025-05-31T23:30+10:00,general,0.2712,0.0000
2025-06-01T00:00+10:00,general,0.1774,0.0000
2025-06-01T00:30+10:00,general,0.1264,0.0000
2025-06-01T01:00+10:00,general,0.1520,0.0000
2025-06-01T01:30+10:00,general,0.1400,0.0000
2025-06-01T02:00+10:00,general,0.1619,0.0000
2025-06-01T02:30+10:00,general,0.1647,0.0000
2025-06-01T03:00+10:00,general,0.1534,0.0000
2025-06-01T03:30+10:00,general,0.1475,0.0000
2025-06-01T04:00+10:00,general,0.1402,0.0000
2025-06-01T04:30+10:00,general,0.1557,0.0000
2025-06-01T05:00+10:00,general,0.1629,0.0000
2025-06-01T05:30+10:00,general,0.2118,0.0000
2025-06-01T06:00+10:00,general,0.2351,0.0000
2025-06-01T06:30+10:00,general,0.2595,0.0000
2025-06-01T07:00+10:00,general,0.1365,0.0000
2025-06-01T07:30+10:00,general,0.0248,0.0000
2025-06-01T08:00+10:00,general,0.0000,0.0700
2025-06-01T08:30+10:00,general,0.0000,0.2268
2025-06-01T09:00+10:00,general,0.0000,0.3055
2025-06-01T09:30+10:00,general,0.0000,0.4383
2025-06-01T10:00+10:00,general,0.0000,0.5422
2025-06-01T10:30+10:00,general,0.0000,0.6037
2025-06-01T11:00+10:00,general,0.0000,0.6725
2025-06-01T11:30+10:00,general,0.0000,0.7318
2025-06-01T12:00+10:00,general,0.0000,0.7372
2025-06-01T12:30+10:00,general,0.0000,0.7598
2025-06-01T13:00+10:00,general,0.0000,0.7177
2025-06-01T13:30+10:00,general,0.0000,0.7091
2025-06-01T14:00+10:00,general,0.0000,0.6519
2025-06-01T14:30+10:00,general,0.0000,0.5833
2025-06-01T15:00+10:00,general,0.0000,0.4836
2025-06-01T15:30+10:00,general,0.0000,0.4083
2025-06-01T16:00+10:00,general,0.0000,0.2563
2025-06-01T16:30+10:00,general,0.0000,0.1081
2025-06-01T17:00+10:00,general,0.0824,0.0000
2025-06-01T17:30+10:00,general,0.3319,0.0000
2025-06-01T18:00+10:00,general,0.4457,0.0000
2025-06-01T18:30+10:00,general,0.6258,0.0000
2025-06-01T19:00+10:00,general,0.6091,0.0000
2025-06-01T19:30+10:00,general,0.6492,0.0000
2025-06-01T20:00+10:00,general,0.7130,0.0000
2025-06-01T20:30+10:00,general,0.6997,0.0000
2025-06-01T21:00+10:00,general,0.5863,0.0000
2025-06-01T21:30+10:00,general,0.4610,0.0000
2025-06-01T22:00+10:00,general,0.4452,0.0000
2025-06-01T22:30+10:00,general,0.3533,0.0000
2025-06-01T23:00+10:00,general,0.3042,0.0000
2025-06-01T23:30+10:00,general,0.2283,0.0000
2025-06-02T00:00+10:00,general,0.2337,0.0000
2025-06-02T00:30+10:00,general,0.1310,0.0000
2025-06-02T01:00+10:00,general,0.1605,0.0000
2025-06-02T01:30+10:00,general,0.1271,0.0000
2025-06-02T02:00+10:00,general,0.1674,0.0000
2025-06-02T02:30+10:00,general,0.1337,0.0000
2025-06-02T03:00+10:00,general,0.1504,0.0000
2025-06-02T03:30+10:00,general,0.1373,0.0000
2025-06-02T04:00+10:00,general,0.1465,0.0000
2025-06-02T04:30+10:00,general,0.1425,0.0000
2025-06-02T05:00+10:00,general,0.1566,0.0000
2025-06-02T05:30+10:00,general,0.1982,0.0000
2025-06-02T06:00+10:00,general,0.1986,0.0000
2025-06-02T06:30+10:00,general,0.2148,0.0000
2025-06-02T07:00+10:00,general,0.1317,0.0000
2025-06-02T07:30+10:00,general,0.0378,0.0000
2025-06-02T08:00+10:00,general,0.0000,0.1031
2025-06-02T08:30+10:00,general,0.0000,0.2079
2025-06-02T09:00+10:00,general,0.0000,0.3123
2025-06-02T09:30+10:00,general,0.0000,0.4109
2025-06-02T10:00+10:00,general,0.0000,0.5398
2025-06-02T10:30+10:00,general,0.0000,0.6267
2025-06-02T11:00+10:00,general,0.0000,0.6539
2025-06-02T11:30+10:00,general,0.0000,0.7277
2025-06-02T12:00+10:00,general,0.0000,0.7182
2025-06-02T12:30+10:00,general,0.0000,0.7177
2025-06-02T13:00+10:00,general,0.0000,0.7138
2025-06-02T13:30+10:00,general,0.0000,0.6867
2025-06-02T14:00+10:00,general,0.0000,0.6616
2025-06-02T14:30+10:00,general,0.0000,0.5940
2025-06-02T15:00+10:00,general,0.0000,0.4952
2025-06-02T15:30+10:00,general,0.0000,0.3956
2025-06-02T16:00+10:00,general,0.0000,0.2734
2025-06-02T16:30+10:00,general,0.0000,0.1049
2025-06-02T17:00+10:00,general,0.0797,0.0000
2025-06-02T17:30+10:00,general,0.2579,0.0000
2025-06-02T18:00+10:00,general,0.3974,0.0000
2025-06-02T18:30+10:00,general,0.6181,0.0000
2025-06-02T19:00+10:00,general,0.6620,0.0000
2025-06-02T19:30+10:00,general,0.6838,0.0000
2025-06-02T20:00+10:00,general,0.5832,0.0000
2025-06-02T20:30+10:00,general,0.5612,0.0000
2025-06-02T21:00+10:00,general,0.5363,0.0000
2025-06-02T21:30+10:00,general,0.5045,0.0000
2025-06-02T22:00+10:00,general,0.4370,0.0000
2025-06-02T22:30+10:00,general,0.3958,0.0000
2025-06-02T23:00+10:00,general,0.3007,0.0000
2025-06-02T23:30+10:00,general,0.2390,0.0000
2025-06-03T00:00+10:00,general,0.2092,0.0000
2025-06-03T00:30+10:00,general,0.1535,0.0000
2025-06-03T01:00+10:00,general,0.1311,0.0000
2025-06-03T01:30+10:00,general,0.1654,0.0000
2025-06-03T02:00+10:00,general,0.1686,0.0000
2025-06-03T02:30+10:00,general,0.1359,0.0000
2025-06-03T03:00+10:00,general,0.1542,0.0000
2025-06-03T03:30+10:00,general,0.1463,0.0000
2025-06-03T04:00+10:00,general,0.1615,0.0000
2025-06-03T04:30+10:00,general,0.1492,0.0000
2025-06-03T05:00+10:00,general,0.1601,0.0000
2025-06-03T05:30+10:00,general,0.1889,0.0000
2025-06-03T06:00+10:00,general,0.2415,0.0000
2025-06-03T06:30+10:00,general,0.2473,0.0000
2025-06-03T07:00+10:00,general,0.1167,0.0000
2025-06-03T07:30+10:00,general,0.0693,0.0000
2025-06-03T08:00+10:00,general,0.0000,0.0530
2025-06-03T08:30+10:00,general,0.0000,0.2173
2025-06-03T09:00+10:00,general,0.0000,0.3125
2025-06-03T09:30+10:00,general,0.0000,0.4463
2025-06-03T10:00+10:00,general,0.0000,0.5096
2025-06-03T10:30+10:00,general,0.0000,0.5955
2025-06-03T11:00+10:00,general,0.0000,0.6492
2025-06-03T11:30+10:00,general,0.0000,0.6902
2025-06-03T12:00+10:00,general,0.0000,0.7129
2025-06-03T12:30+10:00,general,0.0000,0.7307
2025-06-03T13:00+10:00,general,0.0000,0.7095
2025-06-03T13:30+10:00,general,0.0000,0.6896
2025-06-03T14:00+10:00,general,0.0000,0.6513
2025-06-03T14:30+10:00,general,0.0000,0.5639
2025-06-03T15:00+10:00,general,0.0000,0.4939
2025-06-03T15:30+10:00,general,0.0000,0.3743
2025-06-03T16:00+10:00,general,0.0000,0.2895
2025-06-03T16:30+10:00,general,0.0000,0.0515
2025-06-03T17:00+10:00,general,0.0683,0.0000
2025-06-03T17:30+10:00,general,0.2025,0.0000
2025-06-03T18:00+10:00,general,0.4666,0.0000
2025-06-03T18:30+10:00,general,0.5693,0.0000
2025-06-03T19:00+10:00,general,0.6809,0.0000
2025-06-03T19:30+10:00,general,0.7880,0.0000
2025-06-03T20:00+10:00,general,0.5939,0.0000
2025-06-03T20:30+10:00,general,0.7256,0.0000
2025-06-03T21:00+10:00,general,0.5990,0.0000
2025-06-03T21:30+10:00,general,0.5047,0.0000
2025-06-03T22:00+10:00,general,0.4794,0.0000
2025-06-03T22:30+10:00,general,0.3029,0.0000
2025-06-03T23:00+10:00,general,0.2627,0.0000
2025-06-03T23:30+10:00,general,0.2745,0.0000
2025-06-04T00:00+10:00,general,0.2157,0.0000
2025-06-04T00:30+10:00,general,0.1307,0.0000
2025-06-04T01:00+10:00,general,0.1313,0.0000
2025-06-04T01:30+10:00,general,0.1676,0.0000
2025-06-04T02:00+10:00,general,0.1370,0.0000
2025-06-04T02:30+10:00,general,0.1644,0.0000
2025-06-04T03:00+10:00,general,0.1370,0.0000
2025-06-04T03:30+10:00,general,0.1391,0.0000
2025-06-04T04:00+10:00,general,0.1750,0.0000
2025-06-04T04:30+10:00,general,0.1757,0.0000
2025-06-04T05:00+10:00,general,0.1637,0.0000
2025-06-04T05:30+10:00,general,0.1798,0.0000
2025-06-04T06:00+10:00,general,0.2197,0.0000
2025-06-04T06:30+10:00,general,0.2428,0.0000
2025-06-04T07:00+10:00,general,0.1241,0.0000
2025-06-04T07:30+10:00,general,0.0319,0.0000
2025-06-04T08:00+10:00,general,0.0000,0.0735
2025-06-04T08:30+10:00,general,0.0000,0.2179
2025-06-04T09:00+10:00,general,0.0000,0.2892
2025-06-04T09:30+10:00,general,0.0000,0.4024
2025-06-04T10:00+10:00,general,0.0000,0.5322
2025-06-04T10:30+10:00,general,0.0000,0.6097
2025-06-04T11:00+10:00,general,0.0000,0.6775
2025-06-04T11:30+10:00,general,0.0000,0.6856
2025-06-04T12:00+10:00,general,0.0000,0.7339
2025-06-04T12:30+10:00,general,0.0000,0.7074
2025-06-04T13:00+10:00,general,0.0000,0.7130
2025-06-04T13:30+10:00,general,0.0000,0.6903
2025-06-04T14:00+10:00,general,0.0000,0.6516
2025-06-04T14:30+10:00,general,0.0000,0.5641
2025-06-04T15:00+10:00,general,0.0000,0.5181
2025-06-04T15:30+10:00,general,0.0000,0.3772
2025-06-04T16:00+10:00,general,0.0000,0.2621
2025-06-04T16:30+10:00,general,0.0000,0.0903
2025-06-04T17:00+10:00,general,0.0472,0.0000
2025-06-04T17:30+10:00,general,0.3299,0.0000
2025-06-04T18:00+10:00,general,0.3929,0.0000
2025-06-04T18:30+10:00,general,0.6010,0.0000
2025-06-04T19:00+10:00,general,0.5892,0.0000
2025-06-04T19:30+10:00,general,0.7849,0.0000
2025-06-04T20:00+10:00,general,0.7499,0.0000
2025-06-04T20:30+10:00,general,0.5814,0.0000
2025-06-04T21:00+10:00,general,0.6072,0.0000
2025-06-04T21:30+10:00,general,0.5117,0.0000
2025-06-04T22:00+10:00,general,0.4139,0.0000
2025-06-04T22:30+10:00,general,0.3146,0.0000
2025-06-04T23:00+10:00,general,0.2983,0.0000
2025-06-04T23:30+10:00,general,0.2611,0.0000
2025-06-05T00:00+10:00,general,0.1793,0.0000
2025-06-05T00:30+10:00,general,0.1505,0.0000
2025-06-05T01:00+10:00,general,0.1588,0.0000
2025-06-05T01:30+10:00,general,0.1654,0.0000
2025-06-05T02:00+10:00,general,0.1578,0.0000
2025-06-05T02:30+10:00,general,0.1540,0.0000
2025-06-05T03:00+10:00,general,0.1552,0.0000
2025-06-05T03:30+10:00,general,0.1553,0.0000
2025-06-05T04:00+10:00,general,0.1376,0.0000
2025-06-05T04:30+10:00,general,0.1369,0.0000
2025-06-05T05:00+10:00,general,0.1539,0.0000
2025-06-05T05:30+10:00,general,0.1764,0.0000
2025-06-05T06:00+10:00,general,0.2256,0.0000
2025-06-05T06:30+10:00,general,0.2738,0.0000
2025-06-05T07:00+10:00,general,0.1592,0.0000
2025-06-05T07:30+10:00,general,0.0432,0.0000
2025-06-05T08:00+10:00,general,0.0000,0.1012
2025-06-05T08:30+10:00,general,0.0000,0.1601
2025-06-05T09:00+10:00,general,0.0000,0.3162
2025-06-05T09:30+10:00,general,0.0000,0.4398
2025-06-05T10:00+10:00,general,0.0000,0.5232
2025-06-05T10:30+10:00,general,0.0000,0.6072
2025-06-05T11:00+10:00,general,0.0000,0.6425
2025-06-05T11:30+10:00,general,0.0000,0.6936
2025-06-05T12:00+10:00,general,0.0000,0.7190
2025-06-05T12:30+10:00,general,0.0000,0.7059
2025-06-05T13:00+10:00,general,0.0000,0.7053
2025-06-05T13:30+10:00,general,0.0000,0.7028
2025-06-05T14:00+10:00,general,0.0000,0.6611
2025-06-05T14:30+10:00,general,0.0000,0.5591
2025-06-05T15:00+10:00,general,0.0000,0.4953
2025-06-05T15:30+10:00,general,0.0000,0.4015
2025-06-05T16:00+10:00,general,0.0000,0.2231
2025-06-05T16:30+10:00,general,0.0000,0.0584
2025-06-05T17:00+10:00,general,0.1390,0.0000
2025-06-05T17:30+10:00,general,0.2476,0.0000
2025-06-05T18:00+10:00,general,0.4726,0.0000
2025-06-05T18:30+10:00,general,0.5927,0.0000
2025-06-05T19:00+10:00,general,0.6360,0.0000
2025-06-05T19:30+10:00,general,0.6880,0.0000
2025-06-05T20:00+10:00,general,0.7443,0.0000
2025-06-05T20:30+10:00,general,0.7186,0.0000
2025-06-05T21:00+10:00,general,0.5720,0.0000
2025-06-05T21:30+10:00,general,0.4514,0.0000
2025-06-05T22:00+10:00,general,0.4260,0.0000
2025-06-05T22:30+10:00,general,0.3391,0.0000
2025-06-05T23:00+10:00,general,0.2913,0.0000
2025-06-05T23:30+10:00,general,0.2328,0.0000
2025-06-06T00:00+10:00,general,0.2323,0.0000
2025-06-06T00:30+10:00,general,0.1353,0.0000
2025-06-06T01:00+10:00,general,0.1674,0.0000
2025-06-06T01:30+10:00,general,0.1613,0.0000
2025-06-06T02:00+10:00,general,0.1542,0.0000
2025-06-06T02:30+10:00,general,0.1640,0.0000
2025-06-06T03:00+10:00,general,0.1697,0.0000
2025-06-06T03:30+10:00,general,0.1716,0.0000
2025-06-06T04:00+10:00,general,0.1439,0.0000
2025-06-06T04:30+10:00,general,0.1822,0.0000
2025-06-06T05:00+10:00,general,0.1874,0.0000
2025-06-06T05:30+10:00,general,0.2197,0.0000
2025-06-06T06:00+10:00,general,0.2415,0.0000
2025-06-06T06:30+10:00,general,0.2320,0.0000
2025-06-06T07:00+10:00,general,0.1335,0.0000
2025-06-06T07:30+10:00,general,0.0028,0.0000
2025-06-06T08:00+10:00,general,0.0000,0.0763
2025-06-06T08:30+10:00,general,0.0000,0.1975
2025-06-06T09:00+10:00,general,0.0000,0.3103
2025-06-06T09:30+10:00,general,0.0000,0.4239
2025-06-06T10:00+10:00,general,0.0000,0.5389
2025-06-06T10:30+10:00,general,0.0000,0.5880
2025-06-06T11:00+10:00,general,0.0000,0.6378
2025-06-06T11:30+10:00,general,0.0000,0.6926
2025-06-06T12:00+10:00,general,0.0000,0.7061
2025-06-06T12:30+10:00,general,0.0000,0.7047
2025-06-06T13:00+10:00,general,0.0000,0.7232
2025-06-06T13:30+10:00,general,0.0000,0.6950
2025-06-06T14:00+10:00,general,0.0000,0.6333
2025-06-06T14:30+10:00,general,0.0000,0.5739
2025-06-06T15:00+10:00,general,0.0000,0.4865
2025-06-06T15:30+10:00,general,0.0000,0.4043
2025-06-06T16:00+10:00,general,0.0000,0.2153
2025-06-06T16:30+10:00,general,0.0000,0.0803
2025-06-06T17:00+10:00,general,0.1228,0.0000
2025-06-06T17:30+10:00,general,0.2506,0.0000
2025-06-06T18:00+10:00,general,0.4304,0.0000
2025-06-06T18:30+10:00,general,0.6575,0.0000
2025-06-06T19:00+10:00,general,0.6535,0.0000
2025-06-06T19:30+10:00,general,0.7021,0.0000
2025-06-06T20:00+10:00,general,0.7274,0.0000
2025-06-06T20:30+10:00,general,0.7139,0.0000
2025-06-06T21:00+10:00,general,0.6467,0.0000
2025-06-06T21:30+10:00,general,0.4359,0.0000
2025-06-06T22:00+10:00,general,0.4448,0.0000
2025-06-06T22:30+10:00,general,0.3635,0.0000
2025-06-06T23:00+10:00,general,0.2496,0.0000
2025-06-06T23:30+10:00,general,0.2519,0.0000
2025-06-07T00:00+10:00,general,0.1781,0.0000
2025-06-07T00:30+10:00,general,0.1423,0.0000
2025-06-07T01:00+10:00,general,0.1580,0.0000
2025-06-07T01:30+10:00,general,0.1605,0.0000
2025-06-07T02:00+10:00,general,0.1299,0.0000
2025-06-07T02:30+10:00,general,0.1461,0.0000
2025-06-07T03:00+10:00,general,0.1626,0.0000
2025-06-07T03:30+10:00,general,0.1290,0.0000
2025-06-07T04:00+10:00,general,0.1593,0.0000
2025-06-07T04:30+10:00,general,0.1435,0.0000
2025-06-07T05:00+10:00,general,0.1652,0.0000
2025-06-07T05:30+10:00,general,0.1737,0.0000
2025-06-07T06:00+10:00,general,0.2349,0.0000
2025-06-07T06:30+10:00,general,0.2128,0.0000
2025-06-07T07:00+10:00,general,0.1776,0.0000
2025-06-07T07:30+10:00,general,0.0732,0.0000
2025-06-07T08:00+10:00,general,0.0000,0.0559
2025-06-07T08:30+10:00,general,0.0000,0.1889
2025-06-07T09:00+10:00,general,0.0000,0.3040
2025-06-07T09:30+10:00,general,0.0000,0.4023
2025-06-07T10:00+10:00,general,0.0000,0.5023
2025-06-07T10:30+10:00,general,0.0000,0.6087
2025-06-07T11:00+10:00,general,0.0000,0.6677
2025-06-07T11:30+10:00,general,0.0000,0.6643
2025-06-07T12:00+10:00,general,0.0000,0.7216
2025-06-07T12:30+10:00,general,0.0000,0.6937
2025-06-07T13:00+10:00,general,0.0000,0.6921
2025-06-07T13:30+10:00,general,0.0000,0.6553
2025-06-07T14:00+10:00,general,0.0000,0.6309
2025-06-07T14:30+10:00,general,0.0000,0.5606
2025-06-07T15:00+10:00,general,0.0000,0.5099
2025-06-07T15:30+10:00,general,0.0000,0.3360
2025-06-07T16:00+10:00,general,0.0000,0.2089
2025-06-07T16:30+10:00,general,0.0000,0.0540
2025-06-07T17:00+10:00,general,0.1325,0.0000
2025-06-07T17:30+10:00,general,0.3340,0.0000
2025-06-07T18:00+10:00,general,0.5207,0.0000
2025-06-07T18:30+10:00,general,0.6081,0.0000
2025-06-07T19:00+10:00,general,0.7767,0.0000
2025-06-07T19:30+10:00,general,0.7148,0.0000
2025-06-07T20:00+10:00,general,0.7103,0.0000
2025-06-07T20:30+10:00,general,0.6570,0.0000
2025-06-07T21:00+10:00,general,0.6384,0.0000
2025-06-07T21:30+10:00,general,0.5030,0.0000
2025-06-07T22:00+10:00,general,0.4334,0.0000
2025-06-07T22:30+10:00,general,0.3452,0.0000
2025-06-07T23:00+10:00,general,0.2569,0.0000
2025-06-07T23:30+10:00,general,0.2361,0.0000
2025-06-08T00:00+10:00,general,0.2298,0.0000
2025-06-08T00:30+10:00,general,0.1529,0.0000
2025-06-08T01:00+10:00,general,0.1433,0.0000
2025-06-08T01:30+10:00,general,0.1377,0.0000
2025-06-08T02:00+10:00,general,0.1527,0.0000
2025-06-08T02:30+10:00,general,0.1385,0.0000
2025-06-08T03:00+10:00,general,0.1579,0.0000
2025-06-08T03:30+10:00,general,0.1356,0.0000
2025-06-08T04:00+10:00,general,0.1701,0.0000
2025-06-08T04:30+10:00,general,0.1772,0.0000
2025-06-08T05:00+10:00,general,0.1543,0.0000
2025-06-08T05:30+10:00,general,0.1854,0.0000
2025-06-08T06:00+10:00,general,0.2147,0.0000
2025-06-08T06:30+10:00,general,0.2325,0.0000
2025-06-08T07:00+10:00,general,0.1772,0.0000
2025-06-08T07:30+10:00,general,0.0078,0.0000
2025-06-08T08:00+10:00,general,0.0000,0.0922
2025-06-08T08:30+10:00,general,0.0000,0.2007
2025-06-08T09:00+10:00,general,0.0000,0.3245
2025-06-08T09:30+10:00,general,0.0000,0.4425
2025-06-08T10:00+10:00,general,0.0000,0.5078
2025-06-08T10:30+10:00,general,0.0000,0.5754
2025-06-08T11:00+10:00,general,0.0000,0.6357
2025-06-08T11:30+10:00,general,0.0000,0.6593
2025-06-08T12:00+10:00,general,0.0000,0.7109
2025-06-08T12:30+10:00,general,0.0000,0.7289
2025-06-08T13:00+10:00,general,0.0000,0.7029
2025-06-08T13:30+10:00,general,0.0000,0.6651
2025-06-08T14:00+10:00,general,0.0000,0.6447
2025-06-08T14:30+10:00,general,0.0000,0.5424
2025-06-08T15:00+10:00,general,0.0000,0.4811
2025-06-08T15:30+10:00,general,0.0000,0.3677
2025-06-08T16:00+10:00,general,0.0000,0.2296
2025-06-08T16:30+10:00,general,0.0000,0.1255
2025-06-08T17:00+10:00,general,0.0793,0.0000
2025-06-08T17:30+10:00,general,0.3040,0.0000
2025-06-08T18:00+10:00,general,0.5092,0.0000
2025-06-08T18:30+10:00,general,0.5541,0.0000
2025-06-08T19:00+10:00,general,0.6441,0.0000
2025-06-08T19:30+10:00,general,0.6844,0.0000
2025-06-08T20:00+10:00,general,0.7654,0.0000
2025-06-08T20:30+10:00,general,0.6463,0.0000
2025-06-08T21:00+10:00,general,0.5094,0.0000
2025-06-08T21:30+10:00,general,0.5685,0.0000
2025-06-08T22:00+10:00,general,0.3807,0.0000
2025-06-08T22:30+10:00,general,0.2988,0.0000
2025-06-08T23:00+10:00,general,0.2570,0.0000
2025-06-08T23:30+10:00,general,0.2266,0.0000
2025-06-09T00:00+10:00,general,0.1794,0.0000
2025-06-09T00:30+10:00,general,0.1502,0.0000
2025-06-09T01:00+10:00,general,0.1375,0.0000
2025-06-09T01:30+10:00,general,0.1581,0.0000
2025-06-09T02:00+10:00,general,0.1413,0.0000
2025-06-09T02:30+10:00,general,0.1407,0.0000
2025-06-09T03:00+10:00,general,0.1476,0.0000
2025-06-09T03:30+10:00,general,0.1376,0.0000
2025-06-09T04:00+10:00,general,0.1406,0.0000
2025-06-09T04:30+10:00,general,0.1412,0.0000
2025-06-09T05:00+10:00,general,0.1872,0.0000
2025-06-09T05:30+10:00,general,0.2115,0.0000
2025-06-09T06:00+10:00,general,0.2127,0.0000
2025-06-09T06:30+10:00,general,0.2718,0.0000
2025-06-09T07:00+10:00,general,0.1280,0.0000
2025-06-09T07:30+10:00,general,0.0769,0.0000
2025-06-09T08:00+10:00,general,0.0000,0.0549
2025-06-09T08:30+10:00,general,0.0000,0.1652
2025-06-09T09:00+10:00,general,0.0000,0.3104
2025-06-09T09:30+10:00,general,0.0000,0.4426
2025-06-09T10:00+10:00,general,0.0000,0.5179
2025-06-09T10:30+10:00,general,0.0000,0.5735
2025-06-09T11:00+10:00,general,0.0000,0.6323
2025-06-09T11:30+10:00,general,0.0000,0.6552
2025-06-09T12:00+10:00,general,0.0000,0.6792
2025-06-09T12:30+10:00,general,0.0000,0.6909
2025-06-09T13:00+10:00,general,0.0000,0.6781
2025-06-09T13:30+10:00,general,0.0000,0.6741
2025-06-09T14:00+10:00,general,0.0000,0.6003
2025-06-09T14:30+10:00,general,0.0000,0.5794
2025-06-09T15:00+10:00,general,0.0000,0.5048
2025-06-09T15:30+10:00,general,0.0000,0.3779
2025-06-09T16:00+10:00,general,0.0000,0.2731
2025-06-09T16:30+10:00,general,0.0000,0.0671
2025-06-09T17:00+10:00,general,0.1312,0.0000
2025-06-09T17:30+10:00,general,0.2029,0.0000
2025-06-09T18:00+10:00,general,0.5426,0.0000
2025-06-09T18:30+10:00,general,0.6725,0.0000
2025-06-09T19:00+10:00,general,0.5977,0.0000
2025-06-09T19:30+10:00,general,0.6106,0.0000
2025-06-09T20:00+10:00,general,0.7303,0.0000
2025-06-09T20:30+10:00,general,0.7225,0.0000
2025-06-09T21:00+10:00,general,0.6469,0.0000
2025-06-09T21:30+10:00,general,0.4265,0.0000
2025-06-09T22:00+10:00,general,0.4674,0.0000
2025-06-09T22:30+10:00,general,0.3351,0.0000
2025-06-09T23:00+10:00,general,0.2803,0.0000
2025-06-09T23:30+10:00,general,0.2671,0.0000
2025-06-10T00:00+10:00,general,0.2280,0.0000
2025-06-10T00:30+10:00,general,0.1595,0.0000
2025-06-10T01:00+10:00,general,0.1683,0.0000
2025-06-10T01:30+10:00,general,0.1385,0.0000
2025-06-10T02:00+10:00,general,0.1511,0.0000
2025-06-10T02:30+10:00,general,0.1685,0.0000
2025-06-10T03:00+10:00,general,0.1381,0.0000
2025-06-10T03:30+10:00,general,0.1397,0.0000
2025-06-10T04:00+10:00,general,0.1512,0.0000
2025-06-10T04:30+10:00,general,0.1387,0.0000
2025-06-10T05:00+10:00,general,0.1951,0.0000
2025-06-10T05:30+10:00,general,0.2092,0.0000
2025-06-10T06:00+10:00,general,0.2126,0.0000
2025-06-10T06:30+10:00,general,0.2677,0.0000
2025-06-10T07:00+10:00,general,0.1239,0.0000
2025-06-10T07:30+10:00,general,0.0313,0.0000
2025-06-10T08:00+10:00,general,0.0000,0.0474
2025-06-10T08:30+10:00,general,0.0000,0.1823
2025-06-10T09:00+10:00,general,0.0000,0.3070
2025-06-10T09:30+10:00,general,0.0000,0.4092
2025-06-10T10:00+10:00,general,0.0000,0.4885
2025-06-10T10:30+10:00,general,0.0000,0.5803
2025-06-10T11:00+10:00,general,0.0000,0.6269
2025-06-10T11:30+10:00,general,0.0000,0.6609
2025-06-10T12:00+10:00,general,0.0000,0.6998
2025-06-10T12:30+10:00,general,0.0000,0.6980
2025-06-10T13:00+10:00,general,0.0000,0.6816
2025-06-10T13:30+10:00,general,0.0000,0.6484
2025-06-10T14:00+10:00,general,0.0000,0.6384
2025-06-10T14:30+10:00,general,0.0000,0.5564
2025-06-10T15:00+10:00,general,0.0000,0.4679
2025-06-10T15:30+10:00,general,0.0000,0.3348
2025-06-10T16:00+10:00,general,0.0000,0.2575
2025-06-10T16:30+10:00,general,0.0000,0.0585
2025-06-10T17:00+10:00,general,0.0507,0.0000
2025-06-10T17:30+10:00,general,0.3292,0.0000
2025-06-10T18:00+10:00,general,0.4049,0.0000
2025-06-10T18:30+10:00,general,0.6884,0.0000
2025-06-10T19:00+10:00,general,0.6911,0.0000
2025-06-10T19:30+10:00,general,0.6044,0.0000
2025-06-10T20:00+10:00,general,0.5791,0.0000
2025-06-10T20:30+10:00,general,0.6425,0.0000
2025-06-10T21:00+10:00,general,0.5580,0.0000
2025-06-10T21:30+10:00,general,0.5354,0.0000
2025-06-10T22:00+10:00,general,0.3859,0.0000
2025-06-10T22:30+10:00,general,0.3602,0.0000
2025-06-10T23:00+10:00,general,0.3044,0.0000
2025-06-10T23:30+10:00,general,0.2222,0.0000
2025-06-11T00:00+10:00,general,0.1933,0.0000
2025-06-11T00:30+10:00,general,0.1416,0.0000
2025-06-11T01:00+10:00,general,0.1261,0.0000
2025-06-11T01:30+10:00,general,0.1564,0.0000
2025-06-11T02:00+10:00,general,0.1413,0.0000
2025-06-11T02:30+10:00,general,0.1658,0.0000
2025-06-11T03:00+10:00,general,0.1393,0.0000
2025-06-11T03:30+10:00,general,0.1603,0.0000
2025-06-11T04:00+10:00,general,0.1506,0.0000
2025-06-11T04:30+10:00,general,0.1478,0.0000
2025-06-11T05:00+10:00,general,0.1752,0.0000
2025-06-11T05:30+10:00,general,0.1845,0.0000
2025-06-11T06:00+10:00,general,0.2426,0.0000
2025-06-11T06:30+10:00,general,0.2638,0.0000
2025-06-11T07:00+10:00,general,0.1383,0.0000
2025-06-11T07:30+10:00,general,0.0281,0.0000
2025-06-11T08:00+10:00,general,0.0000,0.0960
2025-06-11T08:30+10:00,general,0.0000,0.1842
2025-06-11T09:00+10:00,general,0.0000,0.2832
2025-06-11T09:30+10:00,general,0.0000,0.3835
2025-06-11T10:00+10:00,general,0.0000,0.4904
2025-06-11T10:30+10:00,general,0.0000,0.5865
2025-06-11T11:00+10:00,general,0.0000,0.6526
2025-06-11T11:30+10:00,general,0.0000,0.6471
2025-06-11T12:00+10:00,general,0.0000,0.6836
2025-06-11T12:30+10:00,general,0.0000,0.7176
2025-06-11T13:00+10:00,general,0.0000,0.6695
2025-06-11T13:30+10:00,general,0.0000,0.6812
2025-06-11T14:00+10:00,general,0.0000,0.6019
2025-06-11T14:30+10:00,general,0.0000,0.5568
2025-06-11T15:00+10:00,general,0.0000,0.4607
2025-06-11T15:30+10:00,general,0.0000,0.3282
2025-06-11T16:00+10:00,general,0.0000,0.2478
2025-06-11T16:30+10:00,general,0.0000,0.1230
2025-06-11T17:00+10:00,general,0.0698,0.0000
2025-06-11T17:30+10:00,general,0.2200,0.0000
2025-06-11T18:00+10:00,general,0.4393,0.0000
2025-06-11T18:30+10:00,general,0.5941,0.0000
2025-06-11T19:00+10:00,general,0.6504,0.0000
2025-06-11T19:30+10:00,general,0.7175,0.0000
2025-06-11T20:00+10:00,general,0.7154,0.0000
2025-06-11T20:30+10:00,general,0.7172,0.0000
2025-06-11T21:00+10:00,general,0.4918,0.0000
2025-06-11T21:30+10:00,general,0.4991,0.0000
2025-06-11T22:00+10:00,general,0.3906,0.0000
2025-06-11T22:30+10:00,general,0.3452,0.0000
2025-06-11T23:00+10:00,general,0.2660,0.0000
2025-06-11T23:30+10:00,general,0.2487,0.0000
2025-06-12T00:00+10:00,general,0.2156,0.0000
2025-06-12T00:30+10:00,general,0.1543,0.0000
2025-06-12T01:00+10:00,general,0.1586,0.0000
2025-06-12T01:30+10:00,general,0.1551,0.0000
2025-06-12T02:00+10:00,general,0.1378,0.0000
2025-06-12T02:30+10:00,general,0.1386,0.0000
2025-06-12T03:00+10:00,general,0.1261,0.0000
2025-06-12T03:30+10:00,general,0.1528,0.0000
2025-06-12T04:00+10:00,general,0.1352,0.0000
2025-06-12T04:30+10:00,general,0.1645,0.0000
2025-06-12T05:00+10:00,general,0.1974,0.0000
2025-06-12T05:30+10:00,general,0.1952,0.0000
2025-06-12T06:00+10:00,general,0.1840,0.0000
2025-06-12T06:30+10:00,general,0.2118,0.0000
2025-06-12T07:00+10:00,general,0.1154,0.0000
2025-06-12T07:30+10:00,general,0.0289,0.0000
2025-06-12T08:00+10:00,general,0.0000,0.0716
2025-06-12T08:30+10:00,general,0.0000,0.2129
2025-06-12T09:00+10:00,general,0.0000,0.3300
2025-06-12T09:30+10:00,general,0.0000,0.4178
2025-06-12T10:00+10:00,general,0.0000,0.4916
2025-06-12T10:30+10:00,general,0.0000,0.5590
2025-06-12T11:00+10:00,general,0.0000,0.6265
2025-06-12T11:30+10:00,general,0.0000,0.6781
2025-06-12T12:00+10:00,general,0.0000,0.6986
2025-06-12T12:30+10:00,general,0.0000,0.6967
2025-06-12T13:00+10:00,general,0.0000,0.6643
2025-06-12T13:30+10:00,general,0.0000,0.6549
2025-06-12T14:00+10:00,general,0.0000,0.6058
2025-06-12T14:30+10:00,general,0.0000,0.5455
2025-06-12T15:00+10:00,general,0.0000,0.4352
2025-06-12T15:30+10:00,general,0.0000,0.3430
2025-06-12T16:00+10:00,general,0.0000,0.1935
2025-06-12T16:30+10:00,general,0.0000,0.1239
2025-06-12T17:00+10:00,general,0.1334,0.0000
2025-06-12T17:30+10:00,general,0.3188,0.0000
2025-06-12T18:00+10:00,general,0.4575,0.0000
2025-06-12T18:30+10:00,general,0.5858,0.0000
2025-06-12T19:00+10:00,general,0.6638,0.0000
2025-06-12T19:30+10:00,general,0.7871,0.0000
2025-06-12T20:00+10:00,general,0.6692,0.0000
2025-06-12T20:30+10:00,general,0.6103,0.0000
2025-06-12T21:00+10:00,general,0.5676,0.0000
2025-06-12T21:30+10:00,general,0.5543,0.0000
2025-06-12T22:00+10:00,general,0.4311,0.0000
2025-06-12T22:30+10:00,general,0.3586,0.0000
2025-06-12T23:00+10:00,general,0.3107,0.0000
2025-06-12T23:30+10:00,general,0.2327,0.0000
2025-06-13T00:00+10:00,general,0.1936,0.0000
2025-06-13T00:30+10:00,general,0.1370,0.0000
2025-06-13T01:00+10:00,general,0.1622,0.0000
2025-06-13T01:30+10:00,general,0.1400,0.0000
2025-06-13T02:00+10:00,general,0.1448,0.0000
2025-06-13T02:30+10:00,general,0.1425,0.0000
2025-06-13T03:00+10:00,general,0.1407,0.0000
2025-06-13T03:30+10:00,general,0.1501,0.0000
2025-06-13T04:00+10:00,general,0.1547,0.0000
2025-06-13T04:30+10:00,general,0.1820,0.0000
2025-06-13T05:00+10:00,general,0.1788,0.0000
2025-06-13T05:30+10:00,general,0.2181,0.0000
2025-06-13T06:00+10:00,general,0.2064,0.0000
2025-06-13T06:30+10:00,general,0.2741,0.0000
2025-06-13T07:00+10:00,general,0.1612,0.0000
2025-06-13T07:30+10:00,general,0.0868,0.0000
2025-06-13T08:00+10:00,general,0.0000,0.0394
2025-06-13T08:30+10:00,general,0.0000,0.1936
2025-06-13T09:00+10:00,general,0.0000,0.2719
2025-06-13T09:30+10:00,general,0.0000,0.3863
2025-06-13T10:00+10:00,general,0.0000,0.4997
2025-06-13T10:30+10:00,general,0.0000,0.5457
2025-06-13T11:00+10:00,general,0.0000,0.6152
2025-06-13T11:30+10:00,general,0.0000,0.6568
2025-06-13T12:00+10:00,general,0.0000,0.6632
2025-06-13T12:30+10:00,general,0.0000,0.6685
2025-06-13T13:00+10:00,general,0.0000,0.6839
2025-06-13T13:30+10:00,general,0.0000,0.6471
2025-06-13T14:00+10:00,general,0.0000,0.6192
2025-06-13T14:30+10:00,general,0.0000,0.5680
2025-06-13T15:00+10:00,general,0.0000,0.4869
2025-06-13T15:30+10:00,general,0.0000,0.3191
2025-06-13T16:00+10:00,general,0.0000,0.2567
2025-06-13T16:30+10:00,general,0.0000,0.1202
2025-06-13T17:00+10:00,general,0.1349,0.0000
2025-06-13T17:30+10:00,general,0.2882,0.0000
2025-06-13T18:00+10:00,general,0.5142,0.0000
2025-06-13T18:30+10:00,general,0.7056,0.0000
2025-06-13T19:00+10:00,general,0.7475,0.0000
2025-06-13T19:30+10:00,general,0.7588,0.0000
2025-06-13T20:00+10:00,general,0.6247,0.0000
2025-06-13T20:30+10:00,general,0.6287,0.0000
2025-06-13T21:00+10:00,general,0.5738,0.0000
2025-06-13T21:30+10:00,general,0.4399,0.0000
2025-06-13T22:00+10:00,general,0.4554,0.0000
2025-06-13T22:30+10:00,general,0.3808,0.0000
2025-06-13T23:00+10:00,general,0.3002,0.0000
2025-06-13T23:30+10:00,general,0.2351,0.0000
2025-06-14T00:00+10:00,general,0.1902,0.0000
2025-06-14T00:30+10:00,general,0.1603,0.0000
2025-06-14T01:00+10:00,general,0.1303,0.0000
2025-06-14T01:30+10:00,general,0.1262,0.0000
2025-06-14T02:00+10:00,general,0.1412,0.0000
2025-06-14T02:30+10:00,general,0.1310,0.0000
2025-06-14T03:00+10:00,general,0.1476,0.0000
2025-06-14T03:30+10:00,general,0.1350,0.0000
2025-06-14T04:00+10:00,general,0.1414,0.0000
2025-06-14T04:30+10:00,general,0.1567,0.0000
2025-06-14T05:00+10:00,general,0.1570,0.0000
2025-06-14T05:30+10:00,general,0.1779,0.0000
2025-06-14T06:00+10:00,general,0.2418,0.0000
2025-06-14T06:30+10:00,general,0.2268,0.0000
2025-06-14T07:00+10:00,general,0.1816,0.0000
2025-06-14T07:30+10:00,general,0.0415,0.0000
2025-06-14T08:00+10:00,general,0.0000,0.0379
2025-06-14T08:30+10:00,general,0.0000,0.2025
2025-06-14T09:00+10:00,general,0.0000,0.2692
2025-06-14T09:30+10:00,general,0.0000,0.3979
2025-06-14T10:00+10:00,general,0.0000,0.5170
2025-06-14T10:30+10:00,general,0.0000,0.5639
2025-06-14T11:00+10:00,general,0.0000,0.6118
2025-06-14T11:30+10:00,general,0.0000,0.6725
2025-06-14T12:00+10:00,general,0.0000,0.6825
2025-06-14T12:30+10:00,general,0.0000,0.7007
2025-06-14T13:00+10:00,general,0.0000,0.6798
2025-06-14T13:30+10:00,general,0.0000,0.6625
2025-06-14T14:00+10:00,general,0.0000,0.6102
2025-06-14T14:30+10:00,general,0.0000,0.5542
2025-06-14T15:00+10:00,general,0.0000,0.4755
2025-06-14T15:30+10:00,general,0.0000,0.3520
2025-06-14T16:00+10:00,general,0.0000,0.1951
2025-06-14T16:30+10:00,general,0.0000,0.1101
2025-06-14T17:00+10:00,general,0.0506,0.0000
2025-06-14T17:30+10:00,general,0.2356,0.0000
2025-06-14T18:00+10:00,general,0.4548,0.0000
2025-06-14T18:30+10:00,general,0.5528,0.0000
2025-06-14T19:00+10:00,general,0.6220,0.0000
2025-06-14T19:30+10:00,general,0.6285,0.0000
2025-06-14T20:00+10:00,general,0.7443,0.0000
2025-06-14T20:30+10:00,general,0.7212,0.0000
2025-06-14T21:00+10:00,general,0.5146,0.0000
2025-06-14T21:30+10:00,general,0.4243,0.0000
2025-06-14T22:00+10:00,general,0.3993,0.0000
2025-06-14T22:30+10:00,general,0.3045,0.0000
2025-06-14T23:00+10:00,general,0.2704,0.0000
2025-06-14T23:30+10:00,general,0.2360,0.0000
2025-06-15T00:00+10:00,general,0.1925,0.0000
2025-06-15T00:30+10:00,general,0.1689,0.0000
2025-06-15T01:00+10:00,general,0.1624,0.0000
2025-06-15T01:30+10:00,general,0.1283,0.0000
2025-06-15T02:00+10:00,general,0.1637,0.0000
2025-06-15T02:30+10:00,general,0.1466,0.0000
2025-06-15T03:00+10:00,general,0.1323,0.0000
2025-06-15T03:30+10:00,general,0.1390,0.0000
2025-06-15T04:00+10:00,general,0.1527,0.0000
2025-06-15T04:30+10:00,general,0.1612,0.0000
2025-06-15T05:00+10:00,general,0.1912,0.0000
2025-06-15T05:30+10:00,general,0.1777,0.0000
2025-06-15T06:00+10:00,general,0.2108,0.0000
2025-06-15T06:30+10:00,general,0.2328,0.0000
2025-06-15T07:00+10:00,general,0.1261,0.0000
2025-06-15T07:30+10:00,general,0.0269,0.0000
2025-06-15T08:00+10:00,general,0.0000,0.0810
2025-06-15T08:30+10:00,general,0.0000,0.1735
2025-06-15T09:00+10:00,general,0.0000,0.3017
2025-06-15T09:30+10:00,general,0.0000,0.3871
2025-06-15T10:00+10:00,general,0.0000,0.5063
2025-06-15T10:30+10:00,general,0.0000,0.5838
2025-06-15T11:00+10:00,general,0.0000,0.6015
2025-06-15T11:30+10:00,general,0.0000,0.6419
2025-06-15T12:00+10:00,general,0.0000,0.6640
2025-06-15T12:30+10:00,general,0.0000,0.6624
2025-06-15T13:00+10:00,general,0.0000,0.6882
2025-06-15T13:30+10:00,general,0.0000,0.6273
2025-06-15T14:00+10:00,general,0.0000,0.6270
2025-06-15T14:30+10:00,general,0.0000,0.5645
2025-06-15T15:00+10:00,general,0.0000,0.4701
2025-06-15T15:30+10:00,general,0.0000,0.3206
2025-06-15T16:00+10:00,general,0.0000,0.1890
2025-06-15T16:30+10:00,general,0.0000,0.0544
2025-06-15T17:00+10:00,general,0.0695,0.0000
2025-06-15T17:30+10:00,general,0.2206,0.0000
2025-06-15T18:00+10:00,general,0.5274,0.0000
2025-06-15T18:30+10:00,general,0.6081,0.0000
2025-06-15T19:00+10:00,general,0.6043,0.0000
2025-06-15T19:30+10:00,general,0.7774,0.0000
2025-06-15T20:00+10:00,general,0.6304,0.0000
2025-06-15T20:30+10:00,general,0.6139,0.0000
2025-06-15T21:00+10:00,general,0.5547,0.0000
2025-06-15T21:30+10:00,general,0.4336,0.0000
2025-06-15T22:00+10:00,general,0.4028,0.0000
2025-06-15T22:30+10:00,general,0.3610,0.0000
2025-06-15T23:00+10:00,general,0.2856,0.0000
2025-06-15T23:30+10:00,general,0.2232,0.0000
2025-06-16T00:00+10:00,general,0.2043,0.0000
2025-06-16T00:30+10:00,general,0.1435,0.0000
2025-06-16T01:00+10:00,general,0.1596,0.0000
2025-06-16T01:30+10:00,general,0.1629,0.0000
2025-06-16T02:00+10:00,general,0.1552,0.0000
2025-06-16T02:30+10:00,general,0.1674,0.0000
2025-06-16T03:00+10:00,general,0.1537,0.0000
2025-06-16T03:30+10:00,general,0.1671,0.0000
2025-06-16T04:00+10:00,general,0.1404,0.0000
2025-06-16T04:30+10:00,general,0.1717,0.0000
2025-06-16T05:00+10:00,general,0.1802,0.0000
2025-06-16T05:30+10:00,general,0.1923,0.0000
2025-06-16T06:00+10:00,general,0.2055,0.0000
2025-06-16T06:30+10:00,general,0.2134,0.0000
2025-06-16T07:00+10:00,general,0.1276,0.0000
2025-06-16T07:30+10:00,general,0.0150,0.0000
2025-06-16T08:00+10:00,general,0.0000,0.0912
2025-06-16T08:30+10:00,general,0.0000,0.1566
2025-06-16T09:00+10:00,general,0.0000,0.2896
2025-06-16T09:30+10:00,general,0.0000,0.3788
2025-06-16T10:00+10:00,general,0.0000,0.4741
2025-06-16T10:30+10:00,general,0.0000,0.5616
2025-06-16T11:00+10:00,general,0.0000,0.6150
2025-06-16T11:30+10:00,general,0.0000,0.6667
2025-06-16T12:00+10:00,general,0.0000,0.6794
2025-06-16T12:30+10:00,general,0.0000,0.6827
2025-06-16T13:00+10:00,general,0.0000,0.6820
2025-06-16T13:30+10:00,general,0.0000,0.6642
2025-06-16T14:00+10:00,general,0.0000,0.6137
2025-06-16T14:30+10:00,general,0.0000,0.5612
2025-06-16T15:00+10:00,general,0.0000,0.4476
2025-06-16T15:30+10:00,general,0.0000,0.3712
2025-06-16T16:00+10:00,general,0.0000,0.2099
2025-06-16T16:30+10:00,general,0.0000,0.0886
2025-06-16T17:00+10:00,general,0.1214,0.0000
2025-06-16T17:30+10:00,general,0.3219,0.0000
2025-06-16T18:00+10:00,general,0.3822,0.0000
2025-06-16T18:30+10:00,general,0.6379,0.0000
2025-06-16T19:00+10:00,general,0.6533,0.0000
2025-06-16T19:30+10:00,general,0.7949,0.0000
2025-06-16T20:00+10:00,general,0.6367,0.0000
2025-06-16T20:30+10:00,general,0.6438,0.0000
2025-06-16T21:00+10:00,general,0.6541,0.0000
2025-06-16T21:30+10:00,general,0.4414,0.0000
2025-06-16T22:00+10:00,general,0.3676,0.0000
2025-06-16T22:30+10:00,general,0.3902,0.0000
2025-06-16T23:00+10:00,general,0.2992,0.0000
2025-06-16T23:30+10:00,general,0.2247,0.0000
2025-06-17T00:00+10:00,general,0.2102,0.0000
2025-06-17T00:30+10:00,general,0.1674,0.0000
2025-06-17T01:00+10:00,general,0.1671,0.0000
2025-06-17T01:30+10:00,general,0.1481,0.0000
2025-06-17T02:00+10:00,general,0.1661,0.0000
2025-06-17T02:30+10:00,general,0.1358,0.0000
2025-06-17T03:00+10:00,general,0.1311,0.0000
2025-06-17T03:30+10:00,general,0.1490,0.0000
2025-06-17T04:00+10:00,general,0.1383,0.0000
2025-06-17T04:30+10:00,general,0.1495,0.0000
2025-06-17T05:00+10:00,general,0.1903,0.0000
2025-06-17T05:30+10:00,general,0.1902,0.0000
2025-06-17T06:00+10:00,general,0.2145,0.0000
2025-06-17T06:30+10:00,general,0.2071,0.0000
2025-06-17T07:00+10:00,general,0.1274,0.0000
2025-06-17T07:30+10:00,general,0.0367,0.0000
2025-06-17T08:00+10:00,general,0.0000,0.0828
2025-06-17T08:30+10:00,general,0.0000,0.1572
2025-06-17T09:00+10:00,general,0.0000,0.2556
2025-06-17T09:30+10:00,general,0.0000,0.3972
2025-06-17T10:00+10:00,general,0.0000,0.5048
2025-06-17T10:30+10:00,general,0.0000,0.5463
2025-06-17T11:00+10:00,general,0.0000,0.6283
2025-06-17T11:30+10:00,general,0.0000,0.6379
2025-06-17T12:00+10:00,general,0.0000,0.6848
2025-06-17T12:30+10:00,general,0.0000,0.6561
2025-06-17T13:00+10:00,general,0.0000,0.6841
2025-06-17T13:30+10:00,general,0.0000,0.6548
2025-06-17T14:00+10:00,general,0.0000,0.6080
2025-06-17T14:30+10:00,general,0.0000,0.5302
2025-06-17T15:00+10:00,general,0.0000,0.4538
2025-06-17T15:30+10:00,general,0.0000,0.3435
2025-06-17T16:00+10:00,general,0.0000,0.2435
2025-06-17T16:30+10:00,general,0.0000,0.0833
2025-06-17T17:00+10:00,general,0.1332,0.0000
2025-06-17T17:30+10:00,general,0.3396,0.0000
2025-06-17T18:00+10:00,general,0.5207,0.0000
2025-06-17T18:30+10:00,general,0.6917,0.0000
2025-06-17T19:00+10:00,general,0.7332,0.0000
2025-06-17T19:30+10:00,general,0.7918,0.0000
2025-06-17T20:00+10:00,general,0.5975,0.0000
2025-06-17T20:30+10:00,general,0.6055,0.0000
2025-06-17T21:00+10:00,general,0.6272,0.0000
2025-06-17T21:30+10:00,general,0.4797,0.0000
2025-06-17T22:00+10:00,general,0.4454,0.0000
2025-06-17T22:30+10:00,general,0.3193,0.0000
2025-06-17T23:00+10:00,general,0.3027,0.0000
2025-06-17T23:30+10:00,general,0.2706,0.0000
2025-06-18T00:00+10:00,general,0.2045,0.0000
2025-06-18T00:30+10:00,general,0.1553,0.0000
2025-06-18T01:00+10:00,general,0.1637,0.0000
2025-06-18T01:30+10:00,general,0.1517,0.0000
2025-06-18T02:00+10:00,general,0.1433,0.0000
2025-06-18T02:30+10:00,general,0.1542,0.0000
2025-06-18T03:00+10:00,general,0.1587,0.0000
2025-06-18T03:30+10:00,general,0.1452,0.0000
2025-06-18T04:00+10:00,general,0.1737,0.0000
2025-06-18T04:30+10:00,general,0.1408,0.0000
2025-06-18T05:00+10:00,general,0.1659,0.0000
2025-06-18T05:30+10:00,general,0.1654,0.0000
2025-06-18T06:00+10:00,general,0.2407,0.0000
2025-06-18T06:30+10:00,general,0.2253,0.0000
2025-06-18T07:00+10:00,general,0.1851,0.0000
2025-06-18T07:30+10:00,general,0.0643,0.0000
2025-06-18T08:00+10:00,general,0.0000,0.0500
2025-06-18T08:30+10:00,general,0.0000,0.1648
2025-06-18T09:00+10:00,general,0.0000,0.3114
2025-06-18T09:30+10:00,general,0.0000,0.4095
2025-06-18T10:00+10:00,general,0.0000,0.4911
2025-06-18T10:30+10:00,general,0.0000,0.5485
2025-06-18T11:00+10:00,general,0.0000,0.5930
2025-06-18T11:30+10:00,general,0.0000,0.6677
2025-06-18T12:00+10:00,general,0.0000,0.6499
2025-06-18T12:30+10:00,general,0.0000,0.6702
2025-06-18T13:00+10:00,general,0.0000,0.6544
2025-06-18T13:30+10:00,general,0.0000,0.6481
2025-06-18T14:00+10:00,general,0.0000,0.5789
2025-06-18T14:30+10:00,general,0.0000,0.5192
2025-06-18T15:00+10:00,general,0.0000,0.4373
2025-06-18T15:30+10:00,general,0.0000,0.3705
2025-06-18T16:00+10:00,general,0.0000,0.2297
2025-06-18T16:30+10:00,general,0.0000,0.1046
2025-06-18T17:00+10:00,general,0.1554,0.0000
2025-06-18T17:30+10:00,general,0.2850,0.0000
2025-06-18T18:00+10:00,general,0.4929,0.0000
2025-06-18T18:30+10:00,general,0.6091,0.0000
2025-06-18T19:00+10:00,general,0.7583,0.0000
2025-06-18T19:30+10:00,general,0.7823,0.0000
2025-06-18T20:00+10:00,general,0.6719,0.0000
2025-06-18T20:30+10:00,general,0.5714,0.0000
2025-06-18T21:00+10:00,general,0.6248,0.0000
2025-06-18T21:30+10:00,general,0.5047,0.0000
2025-06-18T22:00+10:00,general,0.4610,0.0000
2025-06-18T22:30+10:00,general,0.2996,0.0000
2025-06-18T23:00+10:00,general,0.2877,0.0000
2025-06-18T23:30+10:00,general,0.2496,0.0000
2025-06-19T00:00+10:00,general,0.1843,0.0000
2025-06-19T00:30+10:00,general,0.1400,0.0000
2025-06-19T01:00+10:00,general,0.1392,0.0000
2025-06-19T01:30+10:00,general,0.1353,0.0000
2025-06-19T02:00+10:00,general,0.1464,0.0000
2025-06-19T02:30+10:00,general,0.1356,0.0000
2025-06-19T03:00+10:00,general,0.1346,0.0000
2025-06-19T03:30+10:00,general,0.1551,0.0000
2025-06-19T04:00+10:00,general,0.1436,0.0000
2025-06-19T04:30+10:00,general,0.1539,0.0000
2025-06-19T05:00+10:00,general,0.1872,0.0000
2025-06-19T05:30+10:00,general,0.2141,0.0000
2025-06-19T06:00+10:00,general,0.1933,0.0000
2025-06-19T06:30+10:00,general,0.2461,0.0000
2025-06-19T07:00+10:00,general,0.1544,0.0000
2025-06-19T07:30+10:00,general,0.0810,0.0000
2025-06-19T08:00+10:00,general,0.0000,0.0676
2025-06-19T08:30+10:00,general,0.0000,0.1881
2025-06-19T09:00+10:00,general,0.0000,0.2521
2025-06-19T09:30+10:00,general,0.0000,0.4144
2025-06-19T10:00+10:00,general,0.0000,0.4916
2025-06-19T10:30+10:00,general,0.0000,0.5412
2025-06-19T11:00+10:00,general,0.0000,0.5961
2025-06-19T11:30+10:00,general,0.0000,0.6455
2025-06-19T12:00+10:00,general,0.0000,0.6607
2025-06-19T12:30+10:00,general,0.0000,0.6688
2025-06-19T13:00+10:00,general,0.0000,0.6496
2025-06-19T13:30+10:00,general,0.0000,0.6335
2025-06-19T14:00+10:00,general,0.0000,0.6023
2025-06-19T14:30+10:00,general,0.0000,0.5353
2025-06-19T15:00+10:00,general,0.0000,0.4459
2025-06-19T15:30+10:00,general,0.0000,0.3421
2025-06-19T16:00+10:00,general,0.0000,0.2079
2025-06-19T16:30+10:00,general,0.0000,0.1052
2025-06-19T17:00+10:00,general,0.1252,0.0000
2025-06-19T17:30+10:00,general,0.2780,0.0000
2025-06-19T18:00+10:00,general,0.4755,0.0000
2025-06-19T18:30+10:00,general,0.5518,0.0000
2025-06-19T19:00+10:00,general,0.6230,0.0000
2025-06-19T19:30+10:00,general,0.6710,0.0000
2025-06-19T20:00+10:00,general,0.7247,0.0000
2025-06-19T20:30+10:00,general,0.6679,0.0000
2025-06-19T21:00+10:00,general,0.5495,0.0000
2025-06-19T21:30+10:00,general,0.5717,0.0000
2025-06-19T22:00+10:00,general,0.3881,0.0000
2025-06-19T22:30+10:00,general,0.3964,0.0000
2025-06-19T23:00+10:00,general,0.2634,0.0000
2025-06-19T23:30+10:00,general,0.2350,0.0000
2025-06-20T00:00+10:00,general,0.2328,0.0000
2025-06-20T00:30+10:00,general,0.1308,0.0000
2025-06-20T01:00+10:00,general,0.1366,0.0000
2025-06-20T01:30+10:00,general,0.1397,0.0000
2025-06-20T02:00+10:00,general,0.1518,0.0000
2025-06-20T02:30+10:00,general,0.1568,0.0000
2025-06-20T03:00+10:00,general,0.1334,0.0000
2025-06-20T03:30+10:00,general,0.1515,0.0000
2025-06-20T04:00+10:00,general,0.1302,0.0000
2025-06-20T04:30+10:00,general,0.1838,0.0000
2025-06-20T05:00+10:00,general,0.1662,0.0000
2025-06-20T05:30+10:00,general,0.1698,0.0000
2025-06-20T06:00+10:00,general,0.2395,0.0000
2025-06-20T06:30+10:00,general,0.2377,0.0000
2025-06-20T07:00+10:00,general,0.1802,0.0000
2025-06-20T07:30+10:00,general,0.0906,0.0000
2025-06-20T08:00+10:00,general,0.0000,0.0863
2025-06-20T08:30+10:00,general,0.0000,0.1737
2025-06-20T09:00+10:00,general,0.0000,0.2615
2025-06-20T09:30+10:00,general,0.0000,0.3970
2025-06-20T10:00+10:00,general,0.0000,0.4565
2025-06-20T10:30+10:00,general,0.0000,0.5294
2025-06-20T11:00+10:00,general,0.0000,0.6130
2025-06-20T11:30+10:00,general,0.0000,0.6300
2025-06-20T12:00+10:00,general,0.0000,0.6411
2025-06-20T12:30+10:00,general,0.0000,0.6675
2025-06-20T13:00+10:00,general,0.0000,0.6792
2025-06-20T13:30+10:00,general,0.0000,0.6376
2025-06-20T14:00+10:00,general,0.0000,0.5749
2025-06-20T14:30+10:00,general,0.0000,0.5111
2025-06-20T15:00+10:00,general,0.0000,0.4470
2025-06-20T15:30+10:00,general,0.0000,0.3544
2025-06-20T16:00+10:00,general,0.0000,0.2308
2025-06-20T16:30+10:00,general,0.0000,0.0722
2025-06-20T17:00+10:00,general,0.1270,0.0000
2025-06-20T17:30+10:00,general,0.2924,0.0000
2025-06-20T18:00+10:00,general,0.5061,0.0000
2025-06-20T18:30+10:00,general,0.5691,0.0000
2025-06-20T19:00+10:00,general,0.5922,0.0000
2025-06-20T19:30+10:00,general,0.7804,0.0000
2025-06-20T20:00+10:00,general,0.6322,0.0000
2025-06-20T20:30+10:00,general,0.5904,0.0000
2025-06-20T21:00+10:00,general,0.5284,0.0000
2025-06-20T21:30+10:00,general,0.4624,0.0000
2025-06-20T22:00+10:00,general,0.4195,0.0000
2025-06-20T22:30+10:00,general,0.3833,0.0000
2025-06-20T23:00+10:00,general,0.2963,0.0000
2025-06-20T23:30+10:00,general,0.2503,0.0000
2025-06-21T00:00+10:00,general,0.1994,0.0000
2025-06-21T00:30+10:00,general,0.1589,0.0000
2025-06-21T01:00+10:00,general,0.1680,0.0000
2025-06-21T01:30+10:00,general,0.1508,0.0000
2025-06-21T02:00+10:00,general,0.1493,0.0000
2025-06-21T02:30+10:00,general,0.1521,0.0000
2025-06-21T03:00+10:00,general,0.1449,0.0000
2025-06-21T03:30+10:00,general,0.1432,0.0000
2025-06-21T04:00+10:00,general,0.1340,0.0000
2025-06-21T04:30+10:00,general,0.1468,0.0000
2025-06-21T05:00+10:00,general,0.1677,0.0000
2025-06-21T05:30+10:00,general,0.1940,0.0000
2025-06-21T06:00+10:00,general,0.2376,0.0000
2025-06-21T06:30+10:00,general,0.2554,0.0000
2025-06-21T07:00+10:00,general,0.1814,0.0000
2025-06-21T07:30+10:00,general,0.0509,0.0000
2025-06-21T08:00+10:00,general,0.0000,0.0327
2025-06-21T08:30+10:00,general,0.0000,0.1590
2025-06-21T09:00+10:00,general,0.0000,0.2824
2025-06-21T09:30+10:00,general,0.0000,0.4104
2025-06-21T10:00+10:00,general,0.0000,0.4518
2025-06-21T10:30+10:00,general,0.0000,0.5604
2025-06-21T11:00+10:00,general,0.0000,0.6139
2025-06-21T11:30+10:00,general,0.0000,0.6147
2025-06-21T12:00+10:00,general,0.0000,0.6537
2025-06-21T12:30+10:00,general,0.0000,0.6567
2025-06-21T13:00+10:00,general,0.0000,0.6450
2025-06-21T13:30+10:00,general,0.0000,0.6444
2025-06-21T14:00+10:00,general,0.0000,0.5958
2025-06-21T14:30+10:00,general,0.0000,0.5214
2025-06-21T15:00+10:00,general,0.0000,0.4686
2025-06-21T15:30+10:00,general,0.0000,0.3262
2025-06-21T16:00+10:00,general,0.0000,0.2454
2025-06-21T16:30+10:00,general,0.0000,0.0755
2025-06-21T17:00+10:00,general,0.1377,0.0000
2025-06-21T17:30+10:00,general,0.3322,0.0000
2025-06-21T18:00+10:00,general,0.3895,0.0000
2025-06-21T18:30+10:00,general,0.6881,0.0000
2025-06-21T19:00+10:00,general,0.6653,0.0000
2025-06-21T19:30+10:00,general,0.6648,0.0000
2025-06-21T20:00+10:00,general,0.6046,0.0000
2025-06-21T20:30+10:00,general,0.6804,0.0000
2025-06-21T21:00+10:00,general,0.6356,0.0000
2025-06-21T21:30+10:00,general,0.5130,0.0000
2025-06-21T22:00+10:00,general,0.4155,0.0000
2025-06-21T22:30+10:00,general,0.3598,0.0000
2025-06-21T23:00+10:00,general,0.2993,0.0000
2025-06-21T23:30+10:00,general,0.2213,0.0000
2025-06-22T00:00+10:00,general,0.1774,0.0000
2025-06-22T00:30+10:00,general,0.1640,0.0000
2025-06-22T01:00+10:00,general,0.1309,0.0000
2025-06-22T01:30+10:00,general,0.1576,0.0000
2025-06-22T02:00+10:00,general,0.1465,0.0000
2025-06-22T02:30+10:00,general,0.1575,0.0000
2025-06-22T03:00+10:00,general,0.1303,0.0000
2025-06-22T03:30+10:00,general,0.1575,0.0000
2025-06-22T04:00+10:00,general,0.1605,0.0000
2025-06-22T04:30+10:00,general,0.1762,0.0000
2025-06-22T05:00+10:00,general,0.1599,0.0000
2025-06-22T05:30+10:00,general,0.1827,0.0000
2025-06-22T06:00+10:00,general,0.2217,0.0000
2025-06-22T06:30+10:00,general,0.2051,0.0000
2025-06-22T07:00+10:00,general,0.1832,0.0000
2025-06-22T07:30+10:00,general,0.0405,0.0000
2025-06-22T08:00+10:00,general,0.0000,0.0126
2025-06-22T08:30+10:00,general,0.0000,0.1887
2025-06-22T09:00+10:00,general,0.0000,0.2785
2025-06-22T09:30+10:00,general,0.0000,0.3980
2025-06-22T10:00+10:00,general,0.0000,0.4929
2025-06-22T10:30+10:00,general,0.0000,0.5193
2025-06-22T11:00+10:00,general,0.0000,0.6060
2025-06-22T11:30+10:00,general,0.0000,0.6284
2025-06-22T12:00+10:00,general,0.0000,0.6342
2025-06-22T12:30+10:00,general,0.0000,0.6401
2025-06-22T13:00+10:00,general,0.0000,0.6654
2025-06-22T13:30+10:00,general,0.0000,0.6197
2025-06-22T14:00+10:00,general,0.0000,0.6085
2025-06-22T14:30+10:00,general,0.0000,0.5362
2025-06-22T15:00+10:00,general,0.0000,0.4634
2025-06-22T15:30+10:00,general,0.0000,0.3556
2025-06-22T16:00+10:00,general,0.0000,0.2252
2025-06-22T16:30+10:00,general,0.0000,0.0333
2025-06-22T17:00+10:00,general,0.1064,0.0000
2025-06-22T17:30+10:00,general,0.2491,0.0000
2025-06-22T18:00+10:00,general,0.4388,0.0000
2025-06-22T18:30+10:00,general,0.6999,0.0000
2025-06-22T19:00+10:00,general,0.6498,0.0000
2025-06-22T19:30+10:00,general,0.6010,0.0000
2025-06-22T20:00+10:00,general,0.6531,0.0000
2025-06-22T20:30+10:00,general,0.6447,0.0000
2025-06-22T21:00+10:00,general,0.5941,0.0000
2025-06-22T21:30+10:00,general,0.5318,0.0000
2025-06-22T22:00+10:00,general,0.4048,0.0000
2025-06-22T22:30+10:00,general,0.3669,0.0000
2025-06-22T23:00+10:00,general,0.3284,0.0000
2025-06-22T23:30+10:00,general,0.2608,0.0000
2025-06-23T00:00+10:00,general,0.1894,0.0000
2025-06-23T00:30+10:00,general,0.1494,0.0000
2025-06-23T01:00+10:00,general,0.1575,0.0000
2025-06-23T01:30+10:00,general,0.1362,0.0000
2025-06-23T02:00+10:00,general,0.1476,0.0000
2025-06-23T02:30+10:00,general,0.1448,0.0000
2025-06-23T03:00+10:00,general,0.1444,0.0000
2025-06-23T03:30+10:00,general,0.1574,0.0000
2025-06-23T04:00+10:00,general,0.1490,0.0000
2025-06-23T04:30+10:00,general,0.1814,0.0000
2025-06-23T05:00+10:00,general,0.1766,0.0000
2025-06-23T05:30+10:00,general,0.1649,0.0000
2025-06-23T06:00+10:00,general,0.1838,0.0000
2025-06-23T06:30+10:00,general,0.2545,0.0000
2025-06-23T07:00+10:00,general,0.1713,0.0000
2025-06-23T07:30+10:00,general,0.0660,0.0000
2025-06-23T08:00+10:00,general,0.0000,0.0478
2025-06-23T08:30+10:00,general,0.0000,0.1412
2025-06-23T09:00+10:00,general,0.0000,0.2844
2025-06-23T09:30+10:00,general,0.0000,0.3832
2025-06-23T10:00+10:00,general,0.0000,0.4612
2025-06-23T10:30+10:00,general,0.0000,0.5322
2025-06-23T11:00+10:00,general,0.0000,0.6009
2025-06-23T11:30+10:00,general,0.0000,0.6454
2025-06-23T12:00+10:00,general,0.0000,0.6756
2025-06-23T12:30+10:00,general,0.0000,0.6454
2025-06-23T13:00+10:00,general,0.0000,0.6573
2025-06-23T13:30+10:00,general,0.0000,0.6308
2025-06-23T14:00+10:00,general,0.0000,0.5591
2025-06-23T14:30+10:00,general,0.0000,0.5170
2025-06-23T15:00+10:00,general,0.0000,0.4302
2025-06-23T15:30+10:00,general,0.0000,0.2983
2025-06-23T16:00+10:00,general,0.0000,0.2246
2025-06-23T16:30+10:00,general,0.0000,0.0588
2025-06-23T17:00+10:00,general,0.0904,0.0000
2025-06-23T17:30+10:00,general,0.2224,0.0000
2025-06-23T18:00+10:00,general,0.4727,0.0000
2025-06-23T18:30+10:00,general,0.7077,0.0000
2025-06-23T19:00+10:00,general,0.5866,0.0000
2025-06-23T19:30+10:00,general,0.5989,0.0000
2025-06-23T20:00+10:00,general,0.7071,0.0000
2025-06-23T20:30+10:00,general,0.6744,0.0000
2025-06-23T21:00+10:00,general,0.6012,0.0000
2025-06-23T21:30+10:00,general,0.4251,0.0000
2025-06-23T22:00+10:00,general,0.4203,0.0000
2025-06-23T22:30+10:00,general,0.3548,0.0000
2025-06-23T23:00+10:00,general,0.3261,0.0000
2025-06-23T23:30+10:00,general,0.2360,0.0000
2025-06-24T00:00+10:00,general,0.2120,0.0000
2025-06-24T00:30+10:00,general,0.1314,0.0000
2025-06-24T01:00+10:00,general,0.1601,0.0000
2025-06-24T01:30+10:00,general,0.1440,0.0000
2025-06-24T02:00+10:00,general,0.1484,0.0000
2025-06-24T02:30+10:00,general,0.1358,0.0000
2025-06-24T03:00+10:00,general,0.1411,0.0000
2025-06-24T03:30+10:00,general,0.1411,0.0000
2025-06-24T04:00+10:00,general,0.1472,0.0000
2025-06-24T04:30+10:00,general,0.1450,0.0000
2025-06-24T05:00+10:00,general,0.1669,0.0000
2025-06-24T05:30+10:00,general,0.1735,0.0000
2025-06-24T06:00+10:00,general,0.2472,0.0000
2025-06-24T06:30+10:00,general,0.2507,0.0000
2025-06-24T07:00+10:00,general,0.1881,0.0000
2025-06-24T07:30+10:00,general,0.0405,0.0000
2025-06-24T08:00+10:00,general,0.0000,0.0281
2025-06-24T08:30+10:00,general,0.0000,0.1890
2025-06-24T09:00+10:00,general,0.0000,0.3066
2025-06-24T09:30+10:00,general,0.0000,0.3599
2025-06-24T10:00+10:00,general,0.0000,0.4717
2025-06-24T10:30+10:00,general,0.0000,0.5624
2025-06-24T11:00+10:00,general,0.0000,0.6002
2025-06-24T11:30+10:00,general,0.0000,0.6169
2025-06-24T12:00+10:00,general,0.0000,0.6602
2025-06-24T12:30+10:00,general,0.0000,0.6538
2025-06-24T13:00+10:00,general,0.0000,0.6247
2025-06-24T13:30+10:00,general,0.0000,0.6313
2025-06-24T14:00+10:00,general,0.0000,0.5922
2025-06-24T14:30+10:00,general,0.0000,0.5232
2025-06-24T15:00+10:00,general,0.0000,0.4383
2025-06-24T15:30+10:00,general,0.0000,0.2946
2025-06-24T16:00+10:00,general,0.0000,0.2438
2025-06-24T16:30+10:00,general,0.0000,0.0455
2025-06-24T17:00+10:00,general,0.1351,0.0000
2025-06-24T17:30+10:00,general,0.3462,0.0000
2025-06-24T18:00+10:00,general,0.4827,0.0000
2025-06-24T18:30+10:00,general,0.6555,0.0000
2025-06-24T19:00+10:00,general,0.5993,0.0000
2025-06-24T19:30+10:00,general,0.7990,0.0000
2025-06-24T20:00+10:00,general,0.6421,0.0000
2025-06-24T20:30+10:00,general,0.6522,0.0000
2025-06-24T21:00+10:00,general,0.5672,0.0000
2025-06-24T21:30+10:00,general,0.5144,0.0000
2025-06-24T22:00+10:00,general,0.3863,0.0000
2025-06-24T22:30+10:00,general,0.3283,0.0000
2025-06-24T23:00+10:00,general,0.3042,0.0000
2025-06-24T23:30+10:00,general,0.2580,0.0000
2025-06-25T00:00+10:00,general,0.2164,0.0000
2025-06-25T00:30+10:00,general,0.1335,0.0000
2025-06-25T01:00+10:00,general,0.1460,0.0000
2025-06-25T01:30+10:00,general,0.1433,0.0000
2025-06-25T02:00+10:00,general,0.1431,0.0000
2025-06-25T02:30+10:00,general,0.1670,0.0000
2025-06-25T03:00+10:00,general,0.1262,0.0000
2025-06-25T03:30+10:00,general,0.1492,0.0000
2025-06-25T04:00+10:00,general,0.1747,0.0000
2025-06-25T04:30+10:00,general,0.1542,0.0000
2025-06-25T05:00+10:00,general,0.1872,0.0000
2025-06-25T05:30+10:00,general,0.2171,0.0000
2025-06-25T06:00+10:00,general,0.2146,0.0000
2025-06-25T06:30+10:00,general,0.2391,0.0000
2025-06-25T07:00+10:00,general,0.1709,0.0000
2025-06-25T07:30+10:00,general,0.0518,0.0000
2025-06-25T08:00+10:00,general,0.0000,0.0132
2025-06-25T08:30+10:00,general,0.0000,0.1921
2025-06-25T09:00+10:00,general,0.0000,0.2593
2025-06-25T09:30+10:00,general,0.0000,0.3584
2025-06-25T10:00+10:00,general,0.0000,0.4872
2025-06-25T10:30+10:00,general,0.0000,0.5324
2025-06-25T11:00+10:00,general,0.0000,0.5710
2025-06-25T11:30+10:00,general,0.0000,0.6084
2025-06-25T12:00+10:00,general,0.0000,0.6565
2025-06-25T12:30+10:00,general,0.0000,0.6724
2025-06-25T13:00+10:00,general,0.0000,0.6541
2025-06-25T13:30+10:00,general,0.0000,0.6141
2025-06-25T14:00+10:00,general,0.0000,0.5677
2025-06-25T14:30+10:00,general,0.0000,0.5276
2025-06-25T15:00+10:00,general,0.0000,0.4342
2025-06-25T15:30+10:00,general,0.0000,0.3566
2025-06-25T16:00+10:00,general,0.0000,0.2323
2025-06-25T16:30+10:00,general,0.0000,0.0424
2025-06-25T17:00+10:00,general,0.1630,0.0000
2025-06-25T17:30+10:00,general,0.2640,0.0000
2025-06-25T18:00+10:00,general,0.5409,0.0000
2025-06-25T18:30+10:00,general,0.5616,0.0000
2025-06-25T19:00+10:00,general,0.7808,0.0000
2025-06-25T19:30+10:00,general,0.7038,0.0000
2025-06-25T20:00+10:00,general,0.6999,0.0000
2025-06-25T20:30+10:00,general,0.6767,0.0000
2025-06-25T21:00+10:00,general,0.5724,0.0000
2025-06-25T21:30+10:00,general,0.4256,0.0000
2025-06-25T22:00+10:00,general,0.4114,0.0000
2025-06-25T22:30+10:00,general,0.3373,0.0000
2025-06-25T23:00+10:00,general,0.2771,0.0000
2025-06-25T23:30+10:00,general,0.2740,0.0000
2025-06-26T00:00+10:00,general,0.2150,0.0000
2025-06-26T00:30+10:00,general,0.1614,0.0000
2025-06-26T01:00+10:00,general,0.1395,0.0000
2025-06-26T01:30+10:00,general,0.1411,0.0000
2025-06-26T02:00+10:00,general,0.1590,0.0000
2025-06-26T02:30+10:00,general,0.1620,0.0000
2025-06-26T03:00+10:00,general,0.1317,0.0000
2025-06-26T03:30+10:00,general,0.1543,0.0000
2025-06-26T04:00+10:00,general,0.1447,0.0000
2025-06-26T04:30+10:00,general,0.1420,0.0000
2025-06-26T05:00+10:00,general,0.1638,0.0000
2025-06-26T05:30+10:00,general,0.2155,0.0000
2025-06-26T06:00+10:00,general,0.2012,0.0000
2025-06-26T06:30+10:00,general,0.2644,0.0000
2025-06-26T07:00+10:00,general,0.1663,0.0000
2025-06-26T07:30+10:00,general,0.0613,0.0000
2025-06-26T08:00+10:00,general,0.0000,0.0599
2025-06-26T08:30+10:00,general,0.0000,0.1547
2025-06-26T09:00+10:00,general,0.0000,0.2821
2025-06-26T09:30+10:00,general,0.0000,0.3654
2025-06-26T10:00+10:00,general,0.0000,0.4658
2025-06-26T10:30+10:00,general,0.0000,0.5364
2025-06-26T11:00+10:00,general,0.0000,0.5714
2025-06-26T11:30+10:00,general,0.0000,0.6433
2025-06-26T12:00+10:00,general,0.0000,0.6265
2025-06-26T12:30+10:00,general,0.0000,0.6474
2025-06-26T13:00+10:00,general,0.0000,0.6326
2025-06-26T13:30+10:00,general,0.0000,0.6236
2025-06-26T14:00+10:00,general,0.0000,0.5550
2025-06-26T14:30+10:00,general,0.0000,0.5138
2025-06-26T15:00+10:00,general,0.0000,0.4469
2025-06-26T15:30+10:00,general,0.0000,0.3615
2025-06-26T16:00+10:00,general,0.0000,0.1781
2025-06-26T16:30+10:00,general,0.0000,0.0939
2025-06-26T17:00+10:00,general,0.0693,0.0000
2025-06-26T17:30+10:00,general,0.3545,0.0000
2025-06-26T18:00+10:00,general,0.5506,0.0000
2025-06-26T18:30+10:00,general,0.6354,0.0000
2025-06-26T19:00+10:00,general,0.7579,0.0000
2025-06-26T19:30+10:00,general,0.6593,0.0000
2025-06-26T20:00+10:00,general,0.7614,0.0000
2025-06-26T20:30+10:00,general,0.7099,0.0000
2025-06-26T21:00+10:00,general,0.6275,0.0000
2025-06-26T21:30+10:00,general,0.4535,0.0000
2025-06-26T22:00+10:00,general,0.4815,0.0000
2025-06-26T22:30+10:00,general,0.3909,0.0000
2025-06-26T23:00+10:00,general,0.3206,0.0000
2025-06-26T23:30+10:00,general,0.2382,0.0000
2025-06-27T00:00+10:00,general,0.2001,0.0000
2025-06-27T00:30+10:00,general,0.1613,0.0000
2025-06-27T01:00+10:00,general,0.1510,0.0000
2025-06-27T01:30+10:00,general,0.1359,0.0000
2025-06-27T02:00+10:00,general,0.1324,0.0000
2025-06-27T02:30+10:00,general,0.1428,0.0000
2025-06-27T03:00+10:00,general,0.1450,0.0000
2025-06-27T03:30+10:00,general,0.1647,0.0000
2025-06-27T04:00+10:00,general,0.1466,0.0000
2025-06-27T04:30+10:00,general,0.1598,0.0000
2025-06-27T05:00+10:00,general,0.1707,0.0000
2025-06-27T05:30+10:00,general,0.2189,0.0000
2025-06-27T06:00+10:00,general,0.2202,0.0000
2025-06-27T06:30+10:00,general,0.2100,0.0000
2025-06-27T07:00+10:00,general,0.1862,0.0000
2025-06-27T07:30+10:00,general,0.0955,0.0000
2025-06-27T08:00+10:00,general,0.0000,0.0284
2025-06-27T08:30+10:00,general,0.0000,0.1554
2025-06-27T09:00+10:00,general,0.0000,0.2879
2025-06-27T09:30+10:00,general,0.0000,0.3677
2025-06-27T10:00+10:00,general,0.0000,0.4463
2025-06-27T10:30+10:00,general,0.0000,0.5172
2025-06-27T11:00+10:00,general,0.0000,0.5767
2025-06-27T11:30+10:00,general,0.0000,0.6166
2025-06-27T12:00+10:00,general,0.0000,0.6355
2025-06-27T12:30+10:00,general,0.0000,0.6597
2025-06-27T13:00+10:00,general,0.0000,0.6199
2025-06-27T13:30+10:00,general,0.0000,0.6213
2025-06-27T14:00+10:00,general,0.0000,0.5709
2025-06-27T14:30+10:00,general,0.0000,0.5245
2025-06-27T15:00+10:00,general,0.0000,0.4526
2025-06-27T15:30+10:00,general,0.0000,0.3152
2025-06-27T16:00+10:00,general,0.0000,0.2316
2025-06-27T16:30+10:00,general,0.0000,0.0761
2025-06-27T17:00+10:00,general,0.0742,0.0000
2025-06-27T17:30+10:00,general,0.2315,0.0000
2025-06-27T18:00+10:00,general,0.3978,0.0000
2025-06-27T18:30+10:00,general,0.6882,0.0000
2025-06-27T19:00+10:00,general,0.7466,0.0000
2025-06-27T19:30+10:00,general,0.6631,0.0000
2025-06-27T20:00+10:00,general,0.6090,0.0000
2025-06-27T20:30+10:00,general,0.5742,0.0000
2025-06-27T21:00+10:00,general,0.5914,0.0000
2025-06-27T21:30+10:00,general,0.4819,0.0000
2025-06-27T22:00+10:00,general,0.3750,0.0000
2025-06-27T22:30+10:00,general,0.3748,0.0000
2025-06-27T23:00+10:00,general,0.3128,0.0000
2025-06-27T23:30+10:00,general,0.2094,0.0000
2025-06-28T00:00+10:00,general,0.2240,0.0000
2025-06-28T00:30+10:00,general,0.1535,0.0000
2025-06-28T01:00+10:00,general,0.1355,0.0000
2025-06-28T01:30+10:00,general,0.1423,0.0000
2025-06-28T02:00+10:00,general,0.1255,0.0000
2025-06-28T02:30+10:00,general,0.1303,0.0000
2025-06-28T03:00+10:00,general,0.1354,0.0000
2025-06-28T03:30+10:00,general,0.1502,0.0000
2025-06-28T04:00+10:00,general,0.1425,0.0000
2025-06-28T04:30+10:00,general,0.1497,0.0000
2025-06-28T05:00+10:00,general,0.1833,0.0000
2025-06-28T05:30+10:00,general,0.1789,0.0000
2025-06-28T06:00+10:00,general,0.2090,0.0000
2025-06-28T06:30+10:00,general,0.2226,0.0000
2025-06-28T07:00+10:00,general,0.1741,0.0000
2025-06-28T07:30+10:00,general,0.0756,0.0000
2025-06-28T08:00+10:00,general,0.0000,0.0526
2025-06-28T08:30+10:00,general,0.0000,0.1309
2025-06-28T09:00+10:00,general,0.0000,0.2780
2025-06-28T09:30+10:00,general,0.0000,0.3765
2025-06-28T10:00+10:00,general,0.0000,0.4474
2025-06-28T10:30+10:00,general,0.0000,0.5373
2025-06-28T11:00+10:00,general,0.0000,0.5696
2025-06-28T11:30+10:00,general,0.0000,0.6034
2025-06-28T12:00+10:00,general,0.0000,0.6541
2025-06-28T12:30+10:00,general,0.0000,0.6643
2025-06-28T13:00+10:00,general,0.0000,0.6321
2025-06-28T13:30+10:00,general,0.0000,0.6142
2025-06-28T14:00+10:00,general,0.0000,0.5876
2025-06-28T14:30+10:00,general,0.0000,0.5257
2025-06-28T15:00+10:00,general,0.0000,0.4316
2025-06-28T15:30+10:00,general,0.0000,0.3590
2025-06-28T16:00+10:00,general,0.0000,0.1789
2025-06-28T16:30+10:00,general,0.0000,0.0281
2025-06-28T17:00+10:00,general,0.1629,0.0000
2025-06-28T17:30+10:00,general,0.2363,0.0000
2025-06-28T18:00+10:00,general,0.5067,0.0000
2025-06-28T18:30+10:00,general,0.6865,0.0000
2025-06-28T19:00+10:00,general,0.5938,0.0000
2025-06-28T19:30+10:00,general,0.7953,0.0000
2025-06-28T20:00+10:00,general,0.6830,0.0000
2025-06-28T20:30+10:00,general,0.6895,0.0000
2025-06-28T21:00+10:00,general,0.5043,0.0000
2025-06-28T21:30+10:00,general,0.4291,0.0000
2025-06-28T22:00+10:00,general,0.4279,0.0000
2025-06-28T22:30+10:00,general,0.3765,0.0000
2025-06-28T23:00+10:00,general,0.2737,0.0000
2025-06-28T23:30+10:00,general,0.2068,0.0000
2025-06-29T00:00+10:00,general,0.2092,0.0000
2025-06-29T00:30+10:00,general,0.1540,0.0000
2025-06-29T01:00+10:00,general,0.1402,0.0000
2025-06-29T01:30+10:00,general,0.1447,0.0000
2025-06-29T02:00+10:00,general,0.1510,0.0000
2025-06-29T02:30+10:00,general,0.1380,0.0000
2025-06-29T03:00+10:00,general,0.1282,0.0000
2025-06-29T03:30+10:00,general,0.1381,0.0000
2025-06-29T04:00+10:00,general,0.1715,0.0000
2025-06-29T04:30+10:00,general,0.1826,0.0000
2025-06-29T05:00+10:00,general,0.1606,0.0000
2025-06-29T05:30+10:00,general,0.2136,0.0000
2025-06-29T06:00+10:00,general,0.2056,0.0000
2025-06-29T06:30+10:00,general,0.2210,0.0000
2025-06-29T07:00+10:00,general,0.1361,0.0000
2025-06-29T07:30+10:00,general,0.0242,0.0000
2025-06-29T08:00+10:00,general,0.0000,0.0522
2025-06-29T08:30+10:00,general,0.0000,0.1654
2025-06-29T09:00+10:00,general,0.0000,0.2551
2025-06-29T09:30+10:00,general,0.0000,0.3832
2025-06-29T10:00+10:00,general,0.0000,0.4827
2025-06-29T10:30+10:00,general,0.0000,0.5339
2025-06-29T11:00+10:00,general,0.0000,0.5828
2025-06-29T11:30+10:00,general,0.0000,0.6057
2025-06-29T12:00+10:00,general,0.0000,0.6502
2025-06-29T12:30+10:00,general,0.0000,0.6343
2025-06-29T13:00+10:00,general,0.0000,0.6296
2025-06-29T13:30+10:00,general,0.0000,0.6238
2025-06-29T14:00+10:00,general,0.0000,0.5649
2025-06-29T14:30+10:00,general,0.0000,0.5068
2025-06-29T15:00+10:00,general,0.0000,0.4495
2025-06-29T15:30+10:00,general,0.0000,0.3136
2025-06-29T16:00+10:00,general,0.0000,0.2226
2025-06-29T16:30+10:00,general,0.0000,0.0776
2025-06-29T17:00+10:00,general,0.0956,0.0000
2025-06-29T17:30+10:00,general,0.3383,0.0000
2025-06-29T18:00+10:00,general,0.4390,0.0000
2025-06-29T18:30+10:00,general,0.6960,0.0000
2025-06-29T19:00+10:00,general,0.6695,0.0000
2025-06-29T19:30+10:00,general,0.6983,0.0000
2025-06-29T20:00+10:00,general,0.7277,0.0000
2025-06-29T20:30+10:00,general,0.6944,0.0000
2025-06-29T21:00+10:00,general,0.5360,0.0000
2025-06-29T21:30+10:00,general,0.4821,0.0000
2025-06-29T22:00+10:00,general,0.4021,0.0000
2025-06-29T22:30+10:00,general,0.3965,0.0000
2025-06-29T23:00+10:00,general,0.2745,0.0000
2025-06-29T23:30+10:00,general,0.2095,0.0000
2025-06-30T00:00+10:00,general,0.2030,0.0000
2025-06-30T00:30+10:00,general,0.1566,0.0000
2025-06-30T01:00+10:00,general,0.1464,0.0000
2025-06-30T01:30+10:00,general,0.1631,0.0000
2025-06-30T02:00+10:00,general,0.1361,0.0000
2025-06-30T02:30+10:00,general,0.1380,0.0000
2025-06-30T03:00+10:00,general,0.1386,0.0000
2025-06-30T03:30+10:00,general,0.1307,0.0000
2025-06-30T04:00+10:00,general,0.1555,0.0000
2025-06-30T04:30+10:00,general,0.1516,0.0000
2025-06-30T05:00+10:00,general,0.1885,0.0000
2025-06-30T05:30+10:00,general,0.1886,0.0000
2025-06-30T06:00+10:00,general,0.2128,0.0000
2025-06-30T06:30+10:00,general,0.2563,0.0000
2025-06-30T07:00+10:00,general,0.1626,0.0000
2025-06-30T07:30+10:00,general,0.0508,0.0000
2025-06-30T08:00+10:00,general,0.0000,0.0289
2025-06-30T08:30+10:00,general,0.0000,0.1591
2025-06-30T09:00+10:00,general,0.0000,0.2816
2025-06-30T09:30+10:00,general,0.0000,0.3772
2025-06-30T10:00+10:00,general,0.0000,0.4713
2025-06-30T10:30+10:00,general,0.0000,0.5243
2025-06-30T11:00+10:00,general,0.0000,0.5768
2025-06-30T11:30+10:00,general,0.0000,0.6055
2025-06-30T12:00+10:00,general,0.0000,0.6544
2025-06-30T12:30+10:00,general,0.0000,0.6550
2025-06-30T13:00+10:00,general,0.0000,0.6498
2025-06-30T13:30+10:00,general,0.0000,0.5973
2025-06-30T14:00+10:00,general,0.0000,0.5643
2025-06-30T14:30+10:00,general,0.0000,0.5261
2025-06-30T15:00+10:00,general,0.0000,0.4254
2025-06-30T15:30+10:00,general,0.0000,0.3537
2025-06-30T16:00+10:00,general,0.0000,0.1686
2025-06-30T16:30+10:00,general,0.0000,0.0359
2025-06-30T17:00+10:00,general,0.0800,0.0000
2025-06-30T17:30+10:00,general,0.3001,0.0000
2025-06-30T18:00+10:00,general,0.4717,0.0000
2025-06-30T18:30+10:00,general,0.5848,0.0000
2025-06-30T19:00+10:00,general,0.6800,0.0000
2025-06-30T19:30+10:00,general,0.7357,0.0000
2025-06-30T20:00+10:00,general,0.7213,0.0000
2025-06-30T20:30+10:00,general,0.5445,0.0000
2025-06-30T21:00+10:00,general,0.6338,0.0000
2025-06-30T21:30+10:00,general,0.4894,0.0000
2025-06-30T22:00+10:00,general,0.4298,0.0000
2025-06-30T22:30+10:00,general,0.3152,0.0000
2025-06-30T23:00+10:00,general,0.3099,0.0000
2025-06-30T23:30+10:00,general,0.2435,0.0000
2025-07-01T00:00+10:00,general,0.1926,0.0000
2025-07-01T00:30+10:00,general,0.1455,0.0000
2025-07-01T01:00+10:00,general,0.1492,0.0000
2025-07-01T01:30+10:00,general,0.1465,0.0000
2025-07-01T02:00+10:00,general,0.1354,0.0000
2025-07-01T02:30+10:00,general,0.1435,0.0000
2025-07-01T03:00+10:00,general,0.1620,0.0000
2025-07-01T03:30+10:00,general,0.1482,0.0000
2025-07-01T04:00+10:00,general,0.1472,0.0000
2025-07-01T04:30+10:00,general,0.1726,0.0000
2025-07-01T05:00+10:00,general,0.1888,0.0000
2025-07-01T05:30+10:00,general,0.2011,0.0000
2025-07-01T06:00+10:00,general,0.2316,0.0000
2025-07-01T06:30+10:00,general,0.2095,0.0000
2025-07-01T07:00+10:00,general,0.1373,0.0000
2025-07-01T07:30+10:00,general,0.0243,0.0000
2025-07-01T08:00+10:00,general,0.0000,0.0102
2025-07-01T08:30+10:00,general,0.0000,0.1209
2025-07-01T09:00+10:00,general,0.0000,0.2764
2025-07-01T09:30+10:00,general,0.0000,0.3465
2025-07-01T10:00+10:00,general,0.0000,0.4504
2025-07-01T10:30+10:00,general,0.0000,0.5332
2025-07-01T11:00+10:00,general,0.0000,0.5774
2025-07-01T11:30+10:00,general,0.0000,0.6118
2025-07-01T12:00+10:00,general,0.0000,0.6462
2025-07-01T12:30+10:00,general,0.0000,0.6248
2025-07-01T13:00+10:00,general,0.0000,0.6121
2025-07-01T13:30+10:00,general,0.0000,0.5943
2025-07-01T14:00+10:00,general,0.0000,0.5504
2025-07-01T14:30+10:00,general,0.0000,0.4842
2025-07-01T15:00+10:00,general,0.0000,0.4463
2025-07-01T15:30+10:00,general,0.0000,0.3349
2025-07-01T16:00+10:00,general,0.0000,0.1602
2025-07-01T16:30+10:00,general,0.0000,0.0140
2025-07-01T17:00+10:00,general,0.1137,0.0000
2025-07-01T17:30+10:00,general,0.2723,0.0000
2025-07-01T18:00+10:00,general,0.4725,0.0000
2025-07-01T18:30+10:00,general,0.6502,0.0000
2025-07-01T19:00+10:00,general,0.7277,0.0000
2025-07-01T19:30+10:00,general,0.7155,0.0000
2025-07-01T20:00+10:00,general,0.6536,0.0000
2025-07-01T20:30+10:00,general,0.7255,0.0000
2025-07-01T21:00+10:00,general,0.6133,0.0000
2025-07-01T21:30+10:00,general,0.5578,0.0000
2025-07-01T22:00+10:00,general,0.4527,0.0000
2025-07-01T22:30+10:00,general,0.3621,0.0000
2025-07-01T23:00+10:00,general,0.2756,0.0000
2025-07-01T23:30+10:00,general,0.2370,0.0000
2025-07-02T00:00+10:00,general,0.2051,0.0000
2025-07-02T00:30+10:00,general,0.1507,0.0000
2025-07-02T01:00+10:00,general,0.1645,0.0000
2025-07-02T01:30+10:00,general,0.1608,0.0000
2025-07-02T02:00+10:00,general,0.1327,0.0000
2025-07-02T02:30+10:00,general,0.1651,0.0000
2025-07-02T03:00+10:00,general,0.1614,0.0000
2025-07-02T03:30+10:00,general,0.1682,0.0000
2025-07-02T04:00+10:00,general,0.1349,0.0000
2025-07-02T04:30+10:00,general,0.1813,0.0000
2025-07-02T05:00+10:00,general,0.1718,0.0000
2025-07-02T05:30+10:00,general,0.2006,0.0000
2025-07-02T06:00+10:00,general,0.1929,0.0000
2025-07-02T06:30+10:00,general,0.2157,0.0000
2025-07-02T07:00+10:00,general,0.1288,0.0000
2025-07-02T07:30+10:00,general,0.0308,0.0000
2025-07-02T08:00+10:00,general,0.0000,0.0486
2025-07-02T08:30+10:00,general,0.0000,0.1193
2025-07-02T09:00+10:00,general,0.0000,0.2848
2025-07-02T09:30+10:00,general,0.0000,0.3761
2025-07-02T10:00+10:00,general,0.0000,0.4521
2025-07-02T10:30+10:00,general,0.0000,0.5307
2025-07-02T11:00+10:00,general,0.0000,0.5664
2025-07-02T11:30+10:00,general,0.0000,0.6192
2025-07-02T12:00+10:00,general,0.0000,0.6505
2025-07-02T12:30+10:00,general,0.0000,0.6339
2025-07-02T13:00+10:00,general,0.0000,0.6326
2025-07-02T13:30+10:00,general,0.0000,0.6027
2025-07-02T14:00+10:00,general,0.0000,0.5757
2025-07-02T14:30+10:00,general,0.0000,0.4969
2025-07-02T15:00+10:00,general,0.0000,0.4398
2025-07-02T15:30+10:00,general,0.0000,0.3414
2025-07-02T16:00+10:00,general,0.0000,0.2220
2025-07-02T16:30+10:00,general,0.0000,0.0168
2025-07-02T17:00+10:00,general,0.1207,0.0000
2025-07-02T17:30+10:00,general,0.3444,0.0000
2025-07-02T18:00+10:00,general,0.4681,0.0000
2025-07-02T18:30+10:00,general,0.6587,0.0000
2025-07-02T19:00+10:00,general,0.6485,0.0000
2025-07-02T19:30+10:00,general,0.7984,0.0000
2025-07-02T20:00+10:00,general,0.7032,0.0000
2025-07-02T20:30+10:00,general,0.6379,0.0000
2025-07-02T21:00+10:00,general,0.6369,0.0000
2025-07-02T21:30+10:00,general,0.5613,0.0000
2025-07-02T22:00+10:00,general,0.4633,0.0000
2025-07-02T22:30+10:00,general,0.3019,0.0000
2025-07-02T23:00+10:00,general,0.3028,0.0000
2025-07-02T23:30+10:00,general,0.2251,0.0000
2025-07-03T00:00+10:00,general,0.2105,0.0000
2025-07-03T00:30+10:00,general,0.1670,0.0000
2025-07-03T01:00+10:00,general,0.1418,0.0000
2025-07-03T01:30+10:00,general,0.1294,0.0000
2025-07-03T02:00+10:00,general,0.1298,0.0000
2025-07-03T02:30+10:00,general,0.1438,0.0000
2025-07-03T03:00+10:00,general,0.1260,0.0000
2025-07-03T03:30+10:00,general,0.1329,0.0000
2025-07-03T04:00+10:00,general,0.1480,0.0000
2025-07-03T04:30+10:00,general,0.1796,0.0000
2025-07-03T05:00+10:00,general,0.1795,0.0000
2025-07-03T05:30+10:00,general,0.1885,0.0000
2025-07-03T06:00+10:00,general,0.2179,0.0000
2025-07-03T06:30+10:00,general,0.2636,0.0000
2025-07-03T07:00+10:00,general,0.1182,0.0000
2025-07-03T07:30+10:00,general,0.0824,0.0000
2025-07-03T08:00+10:00,general,0.0000,0.0243
2025-07-03T08:30+10:00,general,0.0000,0.1765
2025-07-03T09:00+10:00,general,0.0000,0.2724
2025-07-03T09:30+10:00,general,0.0000,0.3616
2025-07-03T10:00+10:00,general,0.0000,0.4424
2025-07-03T10:30+10:00,general,0.0000,0.5416
2025-07-03T11:00+10:00,general,0.0000,0.5681
2025-07-03T11:30+10:00,general,0.0000,0.6146
2025-07-03T12:00+10:00,general,0.0000,0.6405
2025-07-03T12:30+10:00,general,0.0000,0.6367
2025-07-03T13:00+10:00,general,0.0000,0.6131
2025-07-03T13:30+10:00,general,0.0000,0.6148
2025-07-03T14:00+10:00,general,0.0000,0.5392
2025-07-03T14:30+10:00,general,0.0000,0.4940
2025-07-03T15:00+10:00,general,0.0000,0.4110
2025-07-03T15:30+10:00,general,0.0000,0.3391
2025-07-03T16:00+10:00,general,0.0000,0.2179
2025-07-03T16:30+10:00,general,0.0019,0.0000
2025-07-03T17:00+10:00,general,0.1004,0.0000
2025-07-03T17:30+10:00,general,0.2301,0.0000
2025-07-03T18:00+10:00,general,0.4595,0.0000
2025-07-03T18:30+10:00,general,0.6582,0.0000
2025-07-03T19:00+10:00,general,0.6071,0.0000
2025-07-03T19:30+10:00,general,0.7692,0.0000
2025-07-03T20:00+10:00,general,0.6100,0.0000
2025-07-03T20:30+10:00,general,0.5486,0.0000
2025-07-03T21:00+10:00,general,0.5430,0.0000
2025-07-03T21:30+10:00,general,0.4930,0.0000
2025-07-03T22:00+10:00,general,0.4577,0.0000
2025-07-03T22:30+10:00,general,0.3791,0.0000
2025-07-03T23:00+10:00,general,0.3040,0.0000
2025-07-03T23:30+10:00,general,0.2485,0.0000
2025-07-04T00:00+10:00,general,0.2176,0.0000
2025-07-04T00:30+10:00,general,0.1470,0.0000
2025-07-04T01:00+10:00,general,0.1602,0.0000
2025-07-04T01:30+10:00,general,0.1656,0.0000
2025-07-04T02:00+10:00,general,0.1407,0.0000
2025-07-04T02:30+10:00,general,0.1469,0.0000
2025-07-04T03:00+10:00,general,0.1354,0.0000
2025-07-04T03:30+10:00,general,0.1335,0.0000
2025-07-04T04:00+10:00,general,0.1528,0.0000
2025-07-04T04:30+10:00,general,0.1596,0.0000
2025-07-04T05:00+10:00,general,0.1704,0.0000
2025-07-04T05:30+10:00,general,0.1860,0.0000
2025-07-04T06:00+10:00,general,0.1873,0.0000
2025-07-04T06:30+10:00,general,0.2693,0.0000
2025-07-04T07:00+10:00,general,0.1280,0.0000
2025-07-04T07:30+10:00,general,0.0609,0.0000
2025-07-04T08:00+10:00,general,0.0000,0.0318
2025-07-04T08:30+10:00,general,0.0000,0.1529
2025-07-04T09:00+10:00,general,0.0000,0.2354
2025-07-04T09:30+10:00,general,0.0000,0.3824
2025-07-04T10:00+10:00,general,0.0000,0.4634
2025-07-04T10:30+10:00,general,0.0000,0.5226
2025-07-04T11:00+10:00,general,0.0000,0.5563
2025-07-04T11:30+10:00,general,0.0000,0.5950
2025-07-04T12:00+10:00,general,0.0000,0.6298
2025-07-04T12:30+10:00,general,0.0000,0.6301
2025-07-04T13:00+10:00,general,0.0000,0.6112
2025-07-04T13:30+10:00,general,0.0000,0.5899
2025-07-04T14:00+10:00,general,0.0000,0.5455
2025-07-04T14:30+10:00,general,0.0000,0.5004
2025-07-04T15:00+10:00,general,0.0000,0.4476
2025-07-04T15:30+10:00,general,0.0000,0.2835
2025-07-04T16:00+10:00,general,0.0000,0.2263
2025-07-04T16:30+10:00,general,0.0000,0.0397
2025-07-04T17:00+10:00,general,0.0633,0.0000
2025-07-04T17:30+10:00,general,0.3026,0.0000
2025-07-04T18:00+10:00,general,0.5470,0.0000
2025-07-04T18:30+10:00,general,0.5420,0.0000
2025-07-04T19:00+10:00,general,0.6141,0.0000
2025-07-04T19:30+10:00,general,0.6299,0.0000
2025-07-04T20:00+10:00,general,0.5982,0.0000
2025-07-04T20:30+10:00,general,0.5530,0.0000
2025-07-04T21:00+10:00,general,0.5377,0.0000
2025-07-04T21:30+10:00,general,0.5492,0.0000
2025-07-04T22:00+10:00,general,0.3824,0.0000
2025-07-04T22:30+10:00,general,0.3083,0.0000
2025-07-04T23:00+10:00,general,0.2490,0.0000
2025-07-04T23:30+10:00,general,0.2073,0.0000
2025-07-05T00:00+10:00,general,0.1929,0.0000
2025-07-05T00:30+10:00,general,0.1627,0.0000
2025-07-05T01:00+10:00,general,0.1656,0.0000
2025-07-05T01:30+10:00,general,0.1318,0.0000
2025-07-05T02:00+10:00,general,0.1540,0.0000
2025-07-05T02:30+10:00,general,0.1383,0.0000
2025-07-05T03:00+10:00,general,0.1314,0.0000
2025-07-05T03:30+10:00,general,0.1441,0.0000
2025-07-05T04:00+10:00,general,0.1387,0.0000
2025-07-05T04:30+10:00,general,0.1432,0.0000
2025-07-05T05:00+10:00,general,0.1967,0.0000
2025-07-05T05:30+10:00,general,0.2111,0.0000
2025-07-05T06:00+10:00,general,0.2346,0.0000
2025-07-05T06:30+10:00,general,0.2111,0.0000
2025-07-05T07:00+10:00,general,0.1697,0.0000
2025-07-05T07:30+10:00,general,0.0964,0.0000
2025-07-05T08:00+10:00,general,0.0000,0.0206
2025-07-05T08:30+10:00,general,0.0000,0.1518
2025-07-05T09:00+10:00,general,0.0000,0.2649
2025-07-05T09:30+10:00,general,0.0000,0.3418
2025-07-05T10:00+10:00,general,0.0000,0.4334
2025-07-05T10:30+10:00,general,0.0000,0.5283
2025-07-05T11:00+10:00,general,0.0000,0.5724
2025-07-05T11:30+10:00,general,0.0000,0.5959
2025-07-05T12:00+10:00,general,0.0000,0.6105
2025-07-05T12:30+10:00,general,0.0000,0.6316
2025-07-05T13:00+10:00,general,0.0000,0.6117
2025-07-05T13:30+10:00,general,0.0000,0.5969
2025-07-05T14:00+10:00,general,0.0000,0.5677
2025-07-05T14:30+10:00,general,0.0000,0.5178
2025-07-05T15:00+10:00,general,0.0000,0.4173
2025-07-05T15:30+10:00,general,0.0000,0.2932
2025-07-05T16:00+10:00,general,0.0000,0.1592
2025-07-05T16:30+10:00,general,0.0000,0.0022
2025-07-05T17:00+10:00,general,0.1344,0.0000
2025-07-05T17:30+10:00,general,0.2680,0.0000
2025-07-05T18:00+10:00,general,0.5008,0.0000
2025-07-05T18:30+10:00,general,0.5642,0.0000
2025-07-05T19:00+10:00,general,0.7535,0.0000
2025-07-05T19:30+10:00,general,0.6883,0.0000
2025-07-05T20:00+10:00,general,0.6216,0.0000
2025-07-05T20:30+10:00,general,0.6600,0.0000
2025-07-05T21:00+10:00,general,0.5333,0.0000
2025-07-05T21:30+10:00,general,0.4538,0.0000
2025-07-05T22:00+10:00,general,0.4209,0.0000
2025-07-05T22:30+10:00,general,0.3567,0.0000
2025-07-05T23:00+10:00,general,0.2786,0.0000
2025-07-05T23:30+10:00,general,0.2305,0.0000
2025-07-06T00:00+10:00,general,0.1791,0.0000
2025-07-06T00:30+10:00,general,0.1664,0.0000
2025-07-06T01:00+10:00,general,0.1520,0.0000
2025-07-06T01:30+10:00,general,0.1499,0.0000
2025-07-06T02:00+10:00,general,0.1495,0.0000
2025-07-06T02:30+10:00,general,0.1576,0.0000
2025-07-06T03:00+10:00,general,0.1324,0.0000
2025-07-06T03:30+10:00,general,0.1368,0.0000
2025-07-06T04:00+10:00,general,0.1426,0.0000
2025-07-06T04:30+10:00,general,0.1802,0.0000
2025-07-06T05:00+10:00,general,0.1872,0.0000
2025-07-06T05:30+10:00,general,0.1691,0.0000
2025-07-06T06:00+10:00,general,0.2414,0.0000
2025-07-06T06:30+10:00,general,0.2281,0.0000
2025-07-06T07:00+10:00,general,0.1513,0.0000
2025-07-06T07:30+10:00,general,0.0852,0.0000
2025-07-06T08:00+10:00,general,0.0000,0.0038
2025-07-06T08:30+10:00,general,0.0000,0.1209
2025-07-06T09:00+10:00,general,0.0000,0.2829
2025-07-06T09:30+10:00,general,0.0000,0.3763
2025-07-06T10:00+10:00,general,0.0000,0.4518
2025-07-06T10:30+10:00,general,0.0000,0.5280
2025-07-06T11:00+10:00,general,0.0000,0.5662
2025-07-06T11:30+10:00,general,0.0000,0.6092
2025-07-06T12:00+10:00,general,0.0000,0.6115
2025-07-06T12:30+10:00,general,0.0000,0.6263
2025-07-06T13:00+10:00,general,0.0000,0.6158
2025-07-06T13:30+10:00,general,0.0000,0.5846
2025-07-06T14:00+10:00,general,0.0000,0.5478
2025-07-06T14:30+10:00,general,0.0000,0.4912
2025-07-06T15:00+10:00,general,0.0000,0.4197
2025-07-06T15:30+10:00,general,0.0000,0.3425
2025-07-06T16:00+10:00,general,0.0000,0.1764
2025-07-06T16:30+10:00,general,0.0000,0.0537
2025-07-06T17:00+10:00,general,0.0853,0.0000
2025-07-06T17:30+10:00,general,0.3159,0.0000
2025-07-06T18:00+10:00,general,0.5575,0.0000
2025-07-06T18:30+10:00,general,0.5682,0.0000
2025-07-06T19:00+10:00,general,0.7668,0.0000
2025-07-06T19:30+10:00,general,0.6213,0.0000
2025-07-06T20:00+10:00,general,0.6454,0.0000
2025-07-06T20:30+10:00,general,0.6664,0.0000
2025-07-06T21:00+10:00,general,0.6070,0.0000
2025-07-06T21:30+10:00,general,0.4830,0.0000
2025-07-06T22:00+10:00,general,0.4321,0.0000
2025-07-06T22:30+10:00,general,0.3967,0.0000
2025-07-06T23:00+10:00,general,0.2487,0.0000
2025-07-06T23:30+10:00,general,0.2391,0.0000
2025-07-07T00:00+10:00,general,0.2158,0.0000
2025-07-07T00:30+10:00,general,0.1540,0.0000
2025-07-07T01:00+10:00,general,0.1599,0.0000
2025-07-07T01:30+10:00,general,0.1354,0.0000
2025-07-07T02:00+10:00,general,0.1518,0.0000
2025-07-07T02:30+10:00,general,0.1388,0.0000
2025-07-07T03:00+10:00,general,0.1474,0.0000
2025-07-07T03:30+10:00,general,0.1340,0.0000
2025-07-07T04:00+10:00,general,0.1446,0.0000
2025-07-07T04:30+10:00,general,0.1453,0.0000
2025-07-07T05:00+10:00,general,0.1799,0.0000
2025-07-07T05:30+10:00,general,0.1892,0.0000
2025-07-07T06:00+10:00,general,0.2007,0.0000
2025-07-07T06:30+10:00,general,0.2168,0.0000
2025-07-07T07:00+10:00,general,0.1963,0.0000
2025-07-07T07:30+10:00,general,0.1004,0.0000
2025-07-07T08:00+10:00,general,0.0000,0.0558
2025-07-07T08:30+10:00,general,0.0000,0.1303
2025-07-07T09:00+10:00,general,0.0000,0.2842
2025-07-07T09:30+10:00,general,0.0000,0.3728
2025-07-07T10:00+10:00,general,0.0000,0.4473
2025-07-07T10:30+10:00,general,0.0000,0.5115
2025-07-07T11:00+10:00,general,0.0000,0.5527
2025-07-07T11:30+10:00,general,0.0000,0.6049
2025-07-07T12:00+10:00,general,0.0000,0.6491
2025-07-07T12:30+10:00,general,0.0000,0.6375
2025-07-07T13:00+10:00,general,0.0000,0.6081
2025-07-07T13:30+10:00,general,0.0000,0.6032
2025-07-07T14:00+10:00,general,0.0000,0.5375
2025-07-07T14:30+10:00,general,0.0000,0.4960
2025-07-07T15:00+10:00,general,0.0000,0.4067
2025-07-07T15:30+10:00,general,0.0000,0.3242
2025-07-07T16:00+10:00,general,0.0000,0.2040
2025-07-07T16:30+10:00,general,0.0000,0.0478
2025-07-07T17:00+10:00,general,0.1032,0.0000
2025-07-07T17:30+10:00,general,0.3309,0.0000
2025-07-07T18:00+10:00,general,0.5398,0.0000
2025-07-07T18:30+10:00,general,0.7106,0.0000
2025-07-07T19:00+10:00,general,0.7805,0.0000
2025-07-07T19:30+10:00,general,0.6208,0.0000
2025-07-07T20:00+10:00,general,0.6315,0.0000
2025-07-07T20:30+10:00,general,0.5665,0.0000
2025-07-07T21:00+10:00,general,0.5558,0.0000
2025-07-07T21:30+10:00,general,0.4686,0.0000
2025-07-07T22:00+10:00,general,0.4043,0.0000
2025-07-07T22:30+10:00,general,0.3084,0.0000
2025-07-07T23:00+10:00,general,0.2992,0.0000
2025-07-07T23:30+10:00,general,0.2431,0.0000
2025-07-08T00:00+10:00,general,0.1796,0.0000
2025-07-08T00:30+10:00,general,0.1399,0.0000
2025-07-08T01:00+10:00,general,0.1302,0.0000
2025-07-08T01:30+10:00,general,0.1553,0.0000
2025-07-08T02:00+10:00,general,0.1686,0.0000
2025-07-08T02:30+10:00,general,0.1387,0.0000
2025-07-08T03:00+10:00,general,0.1690,0.0000
2025-07-08T03:30+10:00,general,0.1455,0.0000
2025-07-08T04:00+10:00,general,0.1547,0.0000
2025-07-08T04:30+10:00,general,0.1744,0.0000
2025-07-08T05:00+10:00,general,0.1732,0.0000
2025-07-08T05:30+10:00,general,0.1983,0.0000
2025-07-08T06:00+10:00,general,0.2394,0.0000
2025-07-08T06:30+10:00,general,0.2590,0.0000
2025-07-08T07:00+10:00,general,0.1746,0.0000
2025-07-08T07:30+10:00,general,0.0818,0.0000
2025-07-08T08:00+10:00,general,0.0000,0.0227
2025-07-08T08:30+10:00,general,0.0000,0.1857
2025-07-08T09:00+10:00,general,0.0000,0.2629
2025-07-08T09:30+10:00,general,0.0000,0.3604
2025-07-08T10:00+10:00,general,0.0000,0.4611
2025-07-08T10:30+10:00,general,0.0000,0.5349
2025-07-08T11:00+10:00,general,0.0000,0.5550
2025-07-08T11:30+10:00,general,0.0000,0.6127
2025-07-08T12:00+10:00,general,0.0000,0.6243
2025-07-08T12:30+10:00,general,0.0000,0.6101
2025-07-08T13:00+10:00,general,0.0000,0.6310
2025-07-08T13:30+10:00,general,0.0000,0.5814
2025-07-08T14:00+10:00,general,0.0000,0.5644
2025-07-08T14:30+10:00,general,0.0000,0.4829
2025-07-08T15:00+10:00,general,0.0000,0.4192
2025-07-08T15:30+10:00,general,0.0000,0.2873
2025-07-08T16:00+10:00,general,0.0000,0.1607
2025-07-08T16:30+10:00,general,0.0000,0.0889
2025-07-08T17:00+10:00,general,0.1732,0.0000
2025-07-08T17:30+10:00,general,0.3026,0.0000
2025-07-08T18:00+10:00,general,0.3945,0.0000
2025-07-08T18:30+10:00,general,0.6833,0.0000
2025-07-08T19:00+10:00,general,0.6878,0.0000
2025-07-08T19:30+10:00,general,0.6857,0.0000
2025-07-08T20:00+10:00,general,0.6969,0.0000
2025-07-08T20:30+10:00,general,0.5803,0.0000
2025-07-08T21:00+10:00,general,0.6354,0.0000
2025-07-08T21:30+10:00,general,0.4489,0.0000
2025-07-08T22:00+10:00,general,0.4610,0.0000
2025-07-08T22:30+10:00,general,0.3531,0.0000
2025-07-08T23:00+10:00,general,0.2538,0.0000
2025-07-08T23:30+10:00,general,0.2382,0.0000
2025-07-09T00:00+10:00,general,0.1887,0.0000
2025-07-09T00:30+10:00,general,0.1608,0.0000
2025-07-09T01:00+10:00,general,0.1310,0.0000
2025-07-09T01:30+10:00,general,0.1291,0.0000
2025-07-09T02:00+10:00,general,0.1280,0.0000
2025-07-09T02:30+10:00,general,0.1280,0.0000
2025-07-09T03:00+10:00,general,0.1391,0.0000
2025-07-09T03:30+10:00,general,0.1454,0.0000
2025-07-09T04:00+10:00,general,0.1585,0.0000
2025-07-09T04:30+10:00,general,0.1696,0.0000
2025-07-09T05:00+10:00,general,0.1903,0.0000
2025-07-09T05:30+10:00,general,0.1770,0.0000
2025-07-09T06:00+10:00,general,0.2149,0.0000
2025-07-09T06:30+10:00,general,0.2262,0.0000
2025-07-09T07:00+10:00,general,0.1772,0.0000
2025-07-09T07:30+10:00,general,0.0435,0.0000
2025-07-09T08:00+10:00,general,0.0000,0.0326
2025-07-09T08:30+10:00,general,0.0000,0.1608
2025-07-09T09:00+10:00,general,0.0000,0.2420
2025-07-09T09:30+10:00,general,0.0000,0.3593
2025-07-09T10:00+10:00,general,0.0000,0.4644
2025-07-09T10:30+10:00,general,0.0000,0.5281
2025-07-09T11:00+10:00,general,0.0000,0.5738
2025-07-09T11:30+10:00,general,0.0000,0.5887
2025-07-09T12:00+10:00,general,0.0000,0.6202
2025-07-09T12:30+10:00,general,0.0000,0.6196
2025-07-09T13:00+10:00,general,0.0000,0.6141
2025-07-09T13:30+10:00,general,0.0000,0.5747
2025-07-09T14:00+10:00,general,0.0000,0.5695
2025-07-09T14:30+10:00,general,0.0000,0.4715
2025-07-09T15:00+10:00,general,0.0000,0.4118
2025-07-09T15:30+10:00,general,0.0000,0.2880
2025-07-09T16:00+10:00,general,0.0000,0.2119
2025-07-09T16:30+10:00,general,0.0094,0.0000
2025-07-09T17:00+10:00,general,0.0641,0.0000
2025-07-09T17:30+10:00,general,0.2957,0.0000
2025-07-09T18:00+10:00,general,0.4748,0.0000
2025-07-09T18:30+10:00,general,0.6433,0.0000
2025-07-09T19:00+10:00,general,0.6221,0.0000
2025-07-09T19:30+10:00,general,0.6412,0.0000
2025-07-09T20:00+10:00,general,0.6889,0.0000
2025-07-09T20:30+10:00,general,0.6438,0.0000
2025-07-09T21:00+10:00,general,0.5848,0.0000
2025-07-09T21:30+10:00,general,0.4257,0.0000
2025-07-09T22:00+10:00,general,0.4155,0.0000
2025-07-09T22:30+10:00,general,0.3655,0.0000
2025-07-09T23:00+10:00,general,0.2858,0.0000
2025-07-09T23:30+10:00,general,0.2559,0.0000
2025-07-10T00:00+10:00,general,0.1907,0.0000
2025-07-10T00:30+10:00,general,0.1608,0.0000
2025-07-10T01:00+10:00,general,0.1554,0.0000
2025-07-10T01:30+10:00,general,0.1330,0.0000
2025-07-10T02:00+10:00,general,0.1447,0.0000
2025-07-10T02:30+10:00,general,0.1417,0.0000
2025-07-10T03:00+10:00,general,0.1603,0.0000
2025-07-10T03:30+10:00,general,0.1451,0.0000
2025-07-10T04:00+10:00,general,0.1476,0.0000
2025-07-10T04:30+10:00,general,0.1389,0.0000
2025-07-10T05:00+10:00,general,0.1888,0.0000
2025-07-10T05:30+10:00,general,0.1667,0.0000
2025-07-10T06:00+10:00,general,0.2200,0.0000
2025-07-10T06:30+10:00,general,0.2599,0.0000
2025-07-10T07:00+10:00,general,0.1737,0.0000
2025-07-10T07:30+10:00,general,0.0723,0.0000
2025-07-10T08:00+10:00,general,0.0000,0.0084
2025-07-10T08:30+10:00,general,0.0000,0.1792
2025-07-10T09:00+10:00,general,0.0000,0.2641
2025-07-10T09:30+10:00,general,0.0000,0.3586
2025-07-10T10:00+10:00,general,0.0000,0.4655
2025-07-10T10:30+10:00,general,0.0000,0.5259
2025-07-10T11:00+10:00,general,0.0000,0.5794
2025-07-10T11:30+10:00,general,0.0000,0.6166
2025-07-10T12:00+10:00,general,0.0000,0.6158
2025-07-10T12:30+10:00,general,0.0000,0.6454
2025-07-10T13:00+10:00,general,0.0000,0.6056
2025-07-10T13:30+10:00,general,0.0000,0.6177
2025-07-10T14:00+10:00,general,0.0000,0.5679
2025-07-10T14:30+10:00,general,0.0000,0.4695
2025-07-10T15:00+10:00,general,0.0000,0.4331
2025-07-10T15:30+10:00,general,0.0000,0.3441
2025-07-10T16:00+10:00,general,0.0000,0.1668
2025-07-10T16:30+10:00,general,0.0000,0.0022
2025-07-10T17:00+10:00,general,0.1617,0.0000
2025-07-10T17:30+10:00,general,0.3234,0.0000
2025-07-10T18:00+10:00,general,0.4903,0.0000
2025-07-10T18:30+10:00,general,0.6716,0.0000
2025-07-10T19:00+10:00,general,0.6462,0.0000
2025-07-10T19:30+10:00,general,0.7375,0.0000
2025-07-10T20:00+10:00,general,0.7362,0.0000
2025-07-10T20:30+10:00,general,0.6485,0.0000
2025-07-10T21:00+10:00,general,0.6128,0.0000
2025-07-10T21:30+10:00,general,0.4944,0.0000
2025-07-10T22:00+10:00,general,0.3742,0.0000
2025-07-10T22:30+10:00,general,0.3246,0.0000
2025-07-10T23:00+10:00,general,0.2531,0.0000
2025-07-10T23:30+10:00,general,0.2313,0.0000
2025-07-11T00:00+10:00,general,0.1974,0.0000
2025-07-11T00:30+10:00,general,0.1634,0.0000
2025-07-11T01:00+10:00,general,0.1669,0.0000
2025-07-11T01:30+10:00,general,0.1417,0.0000
2025-07-11T02:00+10:00,general,0.1439,0.0000
2025-07-11T02:30+10:00,general,0.1356,0.0000
2025-07-11T03:00+10:00,general,0.1516,0.0000
2025-07-11T03:30+10:00,general,0.1339,0.0000
2025-07-11T04:00+10:00,general,0.1591,0.0000
2025-07-11T04:30+10:00,general,0.1477,0.0000
2025-07-11T05:00+10:00,general,0.1634,0.0000
2025-07-11T05:30+10:00,general,0.2095,0.0000
2025-07-11T06:00+10:00,general,0.2317,0.0000
2025-07-11T06:30+10:00,general,0.2729,0.0000
2025-07-11T07:00+10:00,general,0.1814,0.0000
2025-07-11T07:30+10:00,general,0.0380,0.0000
2025-07-11T08:00+10:00,general,0.0000,0.0417
2025-07-11T08:30+10:00,general,0.0000,0.1824
2025-07-11T09:00+10:00,general,0.0000,0.2765
2025-07-11T09:30+10:00,general,0.0000,0.3707
2025-07-11T10:00+10:00,general,0.0000,0.4651
2025-07-11T10:30+10:00,general,0.0000,0.4927
2025-07-11T11:00+10:00,general,0.0000,0.5550
2025-07-11T11:30+10:00,general,0.0000,0.6041
2025-07-11T12:00+10:00,general,0.0000,0.6203
2025-07-11T12:30+10:00,general,0.0000,0.6428
2025-07-11T13:00+10:00,general,0.0000,0.6349
2025-07-11T13:30+10:00,general,0.0000,0.5729
2025-07-11T14:00+10:00,general,0.0000,0.5743
2025-07-11T14:30+10:00,general,0.0000,0.5161
2025-07-11T15:00+10:00,general,0.0000,0.4332
2025-07-11T15:30+10:00,general,0.0000,0.3203
2025-07-11T16:00+10:00,general,0.0000,0.1966
2025-07-11T16:30+10:00,general,0.0000,0.0480
2025-07-11T17:00+10:00,general,0.0737,0.0000
2025-07-11T17:30+10:00,general,0.2451,0.0000
2025-07-11T18:00+10:00,general,0.4372,0.0000
2025-07-11T18:30+10:00,general,0.5922,0.0000
2025-07-11T19:00+10:00,general,0.5964,0.0000
2025-07-11T19:30+10:00,general,0.6841,0.0000
2025-07-11T20:00+10:00,general,0.7505,0.0000
2025-07-11T20:30+10:00,general,0.6710,0.0000
2025-07-11T21:00+10:00,general,0.6351,0.0000
2025-07-11T21:30+10:00,general,0.4341,0.0000
2025-07-11T22:00+10:00,general,0.3633,0.0000
2025-07-11T22:30+10:00,general,0.3576,0.0000
2025-07-11T23:00+10:00,general,0.3273,0.0000
2025-07-11T23:30+10:00,general,0.2164,0.0000
2025-07-12T00:00+10:00,general,0.1888,0.0000
2025-07-12T00:30+10:00,general,0.1364,0.0000
2025-07-12T01:00+10:00,general,0.1554,0.0000
2025-07-12T01:30+10:00,general,0.1421,0.0000
2025-07-12T02:00+10:00,general,0.1589,0.0000
2025-07-12T02:30+10:00,general,0.1673,0.0000
2025-07-12T03:00+10:00,general,0.1361,0.0000
2025-07-12T03:30+10:00,general,0.1501,0.0000
2025-07-12T04:00+10:00,general,0.1687,0.0000
2025-07-12T04:30+10:00,general,0.1572,0.0000
2025-07-12T05:00+10:00,general,0.1931,0.0000
2025-07-12T05:30+10:00,general,0.2168,0.0000
2025-07-12T06:00+10:00,general,0.1968,0.0000
2025-07-12T06:30+10:00,general,0.2116,0.0000
2025-07-12T07:00+10:00,general,0.1291,0.0000
2025-07-12T07:30+10:00,general,0.0291,0.0000
2025-07-12T08:00+10:00,general,0.0000,0.0157
2025-07-12T08:30+10:00,general,0.0000,0.1466
2025-07-12T09:00+10:00,general,0.0000,0.2551
2025-07-12T09:30+10:00,general,0.0000,0.3495
2025-07-12T10:00+10:00,general,0.0000,0.4236
2025-07-12T10:30+10:00,general,0.0000,0.5088
2025-07-12T11:00+10:00,general,0.0000,0.5774
2025-07-12T11:30+10:00,general,0.0000,0.6029
2025-07-12T12:00+10:00,general,0.0000,0.6230
2025-07-12T12:30+10:00,general,0.0000,0.6317
2025-07-12T13:00+10:00,general,0.0000,0.6012
2025-07-12T13:30+10:00,general,0.0000,0.6123
2025-07-12T14:00+10:00,general,0.0000,0.5746
2025-07-12T14:30+10:00,general,0.0000,0.5162
2025-07-12T15:00+10:00,general,0.0000,0.4330
2025-07-12T15:30+10:00,general,0.0000,0.3281
2025-07-12T16:00+10:00,general,0.0000,0.1574
2025-07-12T16:30+10:00,general,0.0000,0.0882
2025-07-12T17:00+10:00,general,0.0693,0.0000
2025-07-12T17:30+10:00,general,0.3475,0.0000
2025-07-12T18:00+10:00,general,0.4027,0.0000
2025-07-12T18:30+10:00,general,0.6111,0.0000
2025-07-12T19:00+10:00,general,0.6320,0.0000
2025-07-12T19:30+10:00,general,0.7864,0.0000
2025-07-12T20:00+10:00,general,0.7157,0.0000
2025-07-12T20:30+10:00,general,0.5498,0.0000
2025-07-12T21:00+10:00,general,0.5818,0.0000
2025-07-12T21:30+10:00,general,0.4450,0.0000
2025-07-12T22:00+10:00,general,0.3766,0.0000
2025-07-12T22:30+10:00,general,0.3460,0.0000
2025-07-12T23:00+10:00,general,0.2948,0.0000
2025-07-12T23:30+10:00,general,0.2195,0.0000
2025-07-13T00:00+10:00,general,0.1807,0.0000
2025-07-13T00:30+10:00,general,0.1304,0.0000
2025-07-13T01:00+10:00,general,0.1581,0.0000
2025-07-13T01:30+10:00,general,0.1333,0.0000
2025-07-13T02:00+10:00,general,0.1290,0.0000
2025-07-13T02:30+10:00,general,0.1499,0.0000
2025-07-13T03:00+10:00,general,0.1508,0.0000
2025-07-13T03:30+10:00,general,0.1426,0.0000
2025-07-13T04:00+10:00,general,0.1680,0.0000
2025-07-13T04:30+10:00,general,0.1436,0.0000
2025-07-13T05:00+10:00,general,0.1862,0.0000
2025-07-13T05:30+10:00,general,0.1767,0.0000
2025-07-13T06:00+10:00,general,0.1921,0.0000
2025-07-13T06:30+10:00,general,0.2244,0.0000
2025-07-13T07:00+10:00,general,0.1783,0.0000
2025-07-13T07:30+10:00,general,0.0269,0.0000
2025-07-13T08:00+10:00,general,0.0000,0.0135
2025-07-13T08:30+10:00,general,0.0000,0.1373
2025-07-13T09:00+10:00,general,0.0000,0.2476
2025-07-13T09:30+10:00,general,0.0000,0.3808
2025-07-13T10:00+10:00,general,0.0000,0.4332
2025-07-13T10:30+10:00,general,0.0000,0.5170
2025-07-13T11:00+10:00,general,0.0000,0.5818
2025-07-13T11:30+10:00,general,0.0000,0.6191
2025-07-13T12:00+10:00,general,0.0000,0.6150
2025-07-13T12:30+10:00,general,0.0000,0.6161
2025-07-13T13:00+10:00,general,0.0000,0.6098
2025-07-13T13:30+10:00,general,0.0000,0.5857
2025-07-13T14:00+10:00,general,0.0000,0.5562
2025-07-13T14:30+10:00,general,0.0000,0.5044
2025-07-13T15:00+10:00,general,0.0000,0.4072
2025-07-13T15:30+10:00,general,0.0000,0.3381
2025-07-13T16:00+10:00,general,0.0000,0.1596
2025-07-13T16:30+10:00,general,0.0000,0.0543
2025-07-13T17:00+10:00,general,0.1787,0.0000
2025-07-13T17:30+10:00,general,0.2351,0.0000
2025-07-13T18:00+10:00,general,0.3895,0.0000
2025-07-13T18:30+10:00,general,0.7243,0.0000
2025-07-13T19:00+10:00,general,0.7444,0.0000
2025-07-13T19:30+10:00,general,0.6798,0.0000
2025-07-13T20:00+10:00,general,0.5815,0.0000
2025-07-13T20:30+10:00,general,0.7012,0.0000
2025-07-13T21:00+10:00,general,0.6493,0.0000
2025-07-13T21:30+10:00,general,0.5263,0.0000
2025-07-13T22:00+10:00,general,0.4428,0.0000
2025-07-13T22:30+10:00,general,0.3325,0.0000
2025-07-13T23:00+10:00,general,0.2796,0.0000
2025-07-13T23:30+10:00,general,0.2618,0.0000
2025-07-14T00:00+10:00,general,0.2175,0.0000
2025-07-14T00:30+10:00,general,0.1653,0.0000
2025-07-14T01:00+10:00,general,0.1434,0.0000
2025-07-14T01:30+10:00,general,0.1594,0.0000
2025-07-14T02:00+10:00,general,0.1330,0.0000
2025-07-14T02:30+10:00,general,0.1544,0.0000
2025-07-14T03:00+10:00,general,0.1463,0.0000
2025-07-14T03:30+10:00,general,0.1688,0.0000
2025-07-14T04:00+10:00,general,0.1418,0.0000
2025-07-14T04:30+10:00,general,0.1681,0.0000
2025-07-14T05:00+10:00,general,0.1928,0.0000
2025-07-14T05:30+10:00,general,0.2035,0.0000
2025-07-14T06:00+10:00,general,0.1913,0.0000
2025-07-14T06:30+10:00,general,0.2080,0.0000
2025-07-14T07:00+10:00,general,0.1226,0.0000
2025-07-14T07:30+10:00,general,0.0403,0.0000
2025-07-14T08:00+10:00,general,0.0000,0.0557
2025-07-14T08:30+10:00,general,0.0000,0.1381
2025-07-14T09:00+10:00,general,0.0000,0.2831
2025-07-14T09:30+10:00,general,0.0000,0.3446
2025-07-14T10:00+10:00,general,0.0000,0.4290
2025-07-14T10:30+10:00,general,0.0000,0.5330
2025-07-14T11:00+10:00,general,0.0000,0.5703
2025-07-14T11:30+10:00,general,0.0000,0.5804
2025-07-14T12:00+10:00,general,0.0000,0.6336
2025-07-14T12:30+10:00,general,0.0000,0.6489
2025-07-14T13:00+10:00,general,0.0000,0.6169
2025-07-14T13:30+10:00,general,0.0000,0.6062
2025-07-14T14:00+10:00,general,0.0000,0.5367
2025-07-14T14:30+10:00,general,0.0000,0.4736
2025-07-14T15:00+10:00,general,0.0000,0.4416
2025-07-14T15:30+10:00,general,0.0000,0.2988
2025-07-14T16:00+10:00,general,0.0000,0.1846
2025-07-14T16:30+10:00,general,0.0000,0.0793
2025-07-14T17:00+10:00,general,0.1350,0.0000
2025-07-14T17:30+10:00,general,0.3064,0.0000
2025-07-14T18:00+10:00,general,0.4553,0.0000
2025-07-14T18:30+10:00,general,0.7012,0.0000
2025-07-14T19:00+10:00,general,0.6868,0.0000
2025-07-14T19:30+10:00,general,0.7135,0.0000
2025-07-14T20:00+10:00,general,0.6519,0.0000
2025-07-14T20:30+10:00,general,0.5941,0.0000
2025-07-14T21:00+10:00,general,0.6115,0.0000
2025-07-14T21:30+10:00,general,0.5143,0.0000
2025-07-14T22:00+10:00,general,0.4805,0.0000
2025-07-14T22:30+10:00,general,0.3088,0.0000
2025-07-14T23:00+10:00,general,0.2550,0.0000
2025-07-14T23:30+10:00,general,0.2408,0.0000
2025-07-15T00:00+10:00,general,0.1801,0.0000
2025-07-15T00:30+10:00,general,0.1271,0.0000
2025-07-15T01:00+10:00,general,0.1598,0.0000
2025-07-15T01:30+10:00,general,0.1681,0.0000
2025-07-15T02:00+10:00,general,0.1680,0.0000
2025-07-15T02:30+10:00,general,0.1451,0.0000
2025-07-15T03:00+10:00,general,0.1416,0.0000
2025-07-15T03:30+10:00,general,0.1468,0.0000
2025-07-15T04:00+10:00,general,0.1413,0.0000
2025-07-15T04:30+10:00,general,0.1793,0.0000
2025-07-15T05:00+10:00,general,0.1543,0.0000
2025-07-15T05:30+10:00,general,0.1904,0.0000
2025-07-15T06:00+10:00,general,0.2260,0.0000
2025-07-15T06:30+10:00,general,0.2303,0.0000
2025-07-15T07:00+10:00,general,0.1713,0.0000
2025-07-15T07:30+10:00,general,0.0796,0.0000
2025-07-15T08:00+10:00,general,0.0000,0.0034
2025-07-15T08:30+10:00,general,0.0000,0.1823
2025-07-15T09:00+10:00,general,0.0000,0.2761
2025-07-15T09:30+10:00,general,0.0000,0.3354
2025-07-15T10:00+10:00,general,0.0000,0.4490
2025-07-15T10:30+10:00,general,0.0000,0.4988
2025-07-15T11:00+10:00,general,0.0000,0.5442
2025-07-15T11:30+10:00,general,0.0000,0.5954
2025-07-15T12:00+10:00,general,0.0000,0.6041
2025-07-15T12:30+10:00,general,0.0000,0.6384
2025-07-15T13:00+10:00,general,0.0000,0.5995
2025-07-15T13:30+10:00,general,0.0000,0.6142
2025-07-15T14:00+10:00,general,0.0000,0.5302
2025-07-15T14:30+10:00,general,0.0000,0.4681
2025-07-15T15:00+10:00,general,0.0000,0.4005
2025-07-15T15:30+10:00,general,0.0000,0.2896
2025-07-15T16:00+10:00,general,0.0000,0.1925
2025-07-15T16:30+10:00,general,0.0000,0.0373
2025-07-15T17:00+10:00,general,0.0602,0.0000
2025-07-15T17:30+10:00,general,0.3642,0.0000
2025-07-15T18:00+10:00,general,0.4829,0.0000
2025-07-15T18:30+10:00,general,0.5582,0.0000
2025-07-15T19:00+10:00,general,0.6993,0.0000
2025-07-15T19:30+10:00,general,0.7603,0.0000
2025-07-15T20:00+10:00,general,0.7304,0.0000
2025-07-15T20:30+10:00,general,0.6340,0.0000
2025-07-15T21:00+10:00,general,0.5411,0.0000
2025-07-15T21:30+10:00,general,0.5394,0.0000
2025-07-15T22:00+10:00,general,0.4351,0.0000
2025-07-15T22:30+10:00,general,0.3147,0.0000
2025-07-15T23:00+10:00,general,0.2676,0.0000
2025-07-15T23:30+10:00,general,0.2415,0.0000
2025-07-16T00:00+10:00,general,0.2261,0.0000
2025-07-16T00:30+10:00,general,0.1566,0.0000
2025-07-16T01:00+10:00,general,0.1531,0.0000
2025-07-16T01:30+10:00,general,0.1683,0.0000
2025-07-16T02:00+10:00,general,0.1271,0.0000
2025-07-16T02:30+10:00,general,0.1319,0.0000
2025-07-16T03:00+10:00,general,0.1546,0.0000
2025-07-16T03:30+10:00,general,0.1461,0.0000
2025-07-16T04:00+10:00,general,0.1586,0.0000
2025-07-16T04:30+10:00,general,0.1446,0.0000
2025-07-16T05:00+10:00,general,0.1478,0.0000
2025-07-16T05:30+10:00,general,0.2106,0.0000
2025-07-16T06:00+10:00,general,0.2088,0.0000
2025-07-16T06:30+10:00,general,0.2760,0.0000
2025-07-16T07:00+10:00,general,0.1774,0.0000
2025-07-16T07:30+10:00,general,0.0952,0.0000
2025-07-16T08:00+10:00,general,0.0000,0.0378
2025-07-16T08:30+10:00,general,0.0000,0.1538
2025-07-16T09:00+10:00,general,0.0000,0.2608
2025-07-16T09:30+10:00,general,0.0000,0.3665
2025-07-16T10:00+10:00,general,0.0000,0.4386
2025-07-16T10:30+10:00,general,0.0000,0.5274
2025-07-16T11:00+10:00,general,0.0000,0.5829
2025-07-16T11:30+10:00,general,0.0000,0.6180
2025-07-16T12:00+10:00,general,0.0000,0.6381
2025-07-16T12:30+10:00,general,0.0000,0.6094
2025-07-16T13:00+10:00,general,0.0000,0.6363
2025-07-16T13:30+10:00,general,0.0000,0.5815
2025-07-16T14:00+10:00,general,0.0000,0.5369
2025-07-16T14:30+10:00,general,0.0000,0.5056
2025-07-16T15:00+10:00,general,0.0000,0.4342
2025-07-16T15:30+10:00,general,0.0000,0.2927
2025-07-16T16:00+10:00,general,0.0000,0.2045
2025-07-16T16:30+10:00,general,0.0000,0.0193
2025-07-16T17:00+10:00,general,0.1773,0.0000
2025-07-16T17:30+10:00,general,0.2982,0.0000
2025-07-16T18:00+10:00,general,0.5037,0.0000
2025-07-16T18:30+10:00,general,0.5754,0.0000
2025-07-16T19:00+10:00,general,0.7057,0.0000
2025-07-16T19:30+10:00,general,0.6551,0.0000
2025-07-16T20:00+10:00,general,0.6965,0.0000
2025-07-16T20:30+10:00,general,0.6753,0.0000
2025-07-16T21:00+10:00,general,0.5977,0.0000
2025-07-16T21:30+10:00,general,0.4258,0.0000
2025-07-16T22:00+10:00,general,0.3914,0.0000
2025-07-16T22:30+10:00,general,0.3960,0.0000
2025-07-16T23:00+10:00,general,0.3103,0.0000
2025-07-16T23:30+10:00,general,0.2519,0.0000
2025-07-17T00:00+10:00,general,0.2091,0.0000
2025-07-17T00:30+10:00,general,0.1593,0.0000
2025-07-17T01:00+10:00,general,0.1387,0.0000
2025-07-17T01:30+10:00,general,0.1533,0.0000
2025-07-17T02:00+10:00,general,0.1410,0.0000
2025-07-17T02:30+10:00,general,0.1495,0.0000
2025-07-17T03:00+10:00,general,0.1461,0.0000
2025-07-17T03:30+10:00,general,0.1335,0.0000
2025-07-17T04:00+10:00,general,0.1668,0.0000
2025-07-17T04:30+10:00,general,0.1630,0.0000
2025-07-17T05:00+10:00,general,0.1696,0.0000
2025-07-17T05:30+10:00,general,0.2065,0.0000
2025-07-17T06:00+10:00,general,0.2260,0.0000
2025-07-17T06:30+10:00,general,0.2274,0.0000
2025-07-17T07:00+10:00,general,0.1364,0.0000
2025-07-17T07:30+10:00,general,0.0981,0.0000
2025-07-17T08:00+10:00,general,0.0000,0.0365
2025-07-17T08:30+10:00,general,0.0000,0.1146
2025-07-17T09:00+10:00,general,0.0000,0.2849
2025-07-17T09:30+10:00,general,0.0000,0.3801
2025-07-17T10:00+10:00,general,0.0000,0.4277
2025-07-17T10:30+10:00,general,0.0000,0.5190
2025-07-17T11:00+10:00,general,0.0000,0.5485
2025-07-17T11:30+10:00,general,0.0000,0.5820
2025-07-17T12:00+10:00,general,0.0000,0.6175
2025-07-17T12:30+10:00,general,0.0000,0.6472
2025-07-17T13:00+10:00,general,0.0000,0.6247
2025-07-17T13:30+10:00,general,0.0000,0.5908
2025-07-17T14:00+10:00,general,0.0000,0.5285
2025-07-17T14:30+10:00,general,0.0000,0.4813
2025-07-17T15:00+10:00,general,0.0000,0.4292
2025-07-17T15:30+10:00,general,0.0000,0.3423
2025-07-17T16:00+10:00,general,0.0000,0.1881
2025-07-17T16:30+10:00,general,0.0049,0.0000
2025-07-17T17:00+10:00,general,0.1465,0.0000
2025-07-17T17:30+10:00,general,0.2905,0.0000
2025-07-17T18:00+10:00,general,0.4140,0.0000
2025-07-17T18:30+10:00,general,0.6204,0.0000
2025-07-17T19:00+10:00,general,0.6453,0.0000
2025-07-17T19:30+10:00,general,0.6750,0.0000
2025-07-17T20:00+10:00,general,0.6340,0.0000
2025-07-17T20:30+10:00,general,0.7064,0.0000
2025-07-17T21:00+10:00,general,0.5045,0.0000
2025-07-17T21:30+10:00,general,0.4388,0.0000
2025-07-17T22:00+10:00,general,0.3804,0.0000
2025-07-17T22:30+10:00,general,0.3229,0.0000
2025-07-17T23:00+10:00,general,0.3156,0.0000
2025-07-17T23:30+10:00,general,0.2362,0.0000
2025-07-18T00:00+10:00,general,0.2043,0.0000
2025-07-18T00:30+10:00,general,0.1329,0.0000
2025-07-18T01:00+10:00,general,0.1673,0.0000
2025-07-18T01:30+10:00,general,0.1521,0.0000
2025-07-18T02:00+10:00,general,0.1618,0.0000
2025-07-18T02:30+10:00,general,0.1649,0.0000
2025-07-18T03:00+10:00,general,0.1538,0.0000
2025-07-18T03:30+10:00,general,0.1662,0.0000
2025-07-18T04:00+10:00,general,0.1392,0.0000
2025-07-18T04:30+10:00,general,0.1381,0.0000
2025-07-18T05:00+10:00,general,0.1735,0.0000
2025-07-18T05:30+10:00,general,0.2003,0.0000
2025-07-18T06:00+10:00,general,0.2087,0.0000
2025-07-18T06:30+10:00,general,0.2297,0.0000
2025-07-18T07:00+10:00,general,0.1274,0.0000
2025-07-18T07:30+10:00,general,0.0648,0.0000
2025-07-18T08:00+10:00,general,0.0011,0.0000
2025-07-18T08:30+10:00,general,0.0000,0.1377
2025-07-18T09:00+10:00,general,0.0000,0.2634
2025-07-18T09:30+10:00,general,0.0000,0.3603
2025-07-18T10:00+10:00,general,0.0000,0.4388
2025-07-18T10:30+10:00,general,0.0000,0.5320
2025-07-18T11:00+10:00,general,0.0000,0.5632
2025-07-18T11:30+10:00,general,0.0000,0.6004
2025-07-18T12:00+10:00,general,0.0000,0.6131
2025-07-18T12:30+10:00,general,0.0000,0.6299
2025-07-18T13:00+10:00,general,0.0000,0.6321
2025-07-18T13:30+10:00,general,0.0000,0.6152
2025-07-18T14:00+10:00,general,0.0000,0.5480
2025-07-18T14:30+10:00,general,0.0000,0.5152
2025-07-18T15:00+10:00,general,0.0000,0.4174
2025-07-18T15:30+10:00,general,0.0000,0.2825
2025-07-18T16:00+10:00,general,0.0000,0.2269
2025-07-18T16:30+10:00,general,0.0000,0.0641
2025-07-18T17:00+10:00,general,0.1319,0.0000
2025-07-18T17:30+10:00,general,0.3661,0.0000
2025-07-18T18:00+10:00,general,0.5172,0.0000
2025-07-18T18:30+10:00,general,0.7050,0.0000
2025-07-18T19:00+10:00,general,0.7119,0.0000
2025-07-18T19:30+10:00,general,0.5940,0.0000
2025-07-18T20:00+10:00,general,0.5953,0.0000
2025-07-18T20:30+10:00,general,0.5944,0.0000
2025-07-18T21:00+10:00,general,0.6582,0.0000
2025-07-18T21:30+10:00,general,0.5330,0.0000
2025-07-18T22:00+10:00,general,0.3623,0.0000
2025-07-18T22:30+10:00,general,0.3654,0.0000
2025-07-18T23:00+10:00,general,0.3202,0.0000
2025-07-18T23:30+10:00,general,0.2380,0.0000
2025-07-19T00:00+10:00,general,0.1916,0.0000
2025-07-19T00:30+10:00,general,0.1594,0.0000
2025-07-19T01:00+10:00,general,0.1554,0.0000
2025-07-19T01:30+10:00,general,0.1601,0.0000
2025-07-19T02:00+10:00,general,0.1580,0.0000
2025-07-19T02:30+10:00,general,0.1437,0.0000
2025-07-19T03:00+10:00,general,0.1672,0.0000
2025-07-19T03:30+10:00,general,0.1563,0.0000
2025-07-19T04:00+10:00,general,0.1426,0.0000
2025-07-19T04:30+10:00,general,0.1521,0.0000
2025-07-19T05:00+10:00,general,0.1590,0.0000
2025-07-19T05:30+10:00,general,0.2166,0.0000
2025-07-19T06:00+10:00,general,0.2204,0.0000
2025-07-19T06:30+10:00,general,0.2129,0.0000
2025-07-19T07:00+10:00,general,0.1934,0.0000
2025-07-19T07:30+10:00,general,0.0760,0.0000
2025-07-19T08:00+10:00,general,0.0000,0.0201
2025-07-19T08:30+10:00,general,0.0000,0.1471
2025-07-19T09:00+10:00,general,0.0000,0.2332
2025-07-19T09:30+10:00,general,0.0000,0.3679
2025-07-19T10:00+10:00,general,0.0000,0.4598
2025-07-19T10:30+10:00,general,0.0000,0.5307
2025-07-19T11:00+10:00,general,0.0000,0.5591
2025-07-19T11:30+10:00,general,0.0000,0.6055
2025-07-19T12:00+10:00,general,0.0000,0.6046
2025-07-19T12:30+10:00,general,0.0000,0.6483
2025-07-19T13:00+10:00,general,0.0000,0.6349
2025-07-19T13:30+10:00,general,0.0000,0.5929
2025-07-19T14:00+10:00,general,0.0000,0.5633
2025-07-19T14:30+10:00,general,0.0000,0.4981
2025-07-19T15:00+10:00,general,0.0000,0.4264
2025-07-19T15:30+10:00,general,0.0000,0.2936
2025-07-19T16:00+10:00,general,0.0000,0.2143
2025-07-19T16:30+10:00,general,0.0000,0.0406
2025-07-19T17:00+10:00,general,0.1128,0.0000
2025-07-19T17:30+10:00,general,0.2624,0.0000
2025-07-19T18:00+10:00,general,0.5153,0.0000
2025-07-19T18:30+10:00,general,0.6821,0.0000
2025-07-19T19:00+10:00,general,0.6117,0.0000
2025-07-19T19:30+10:00,general,0.6305,0.0000
2025-07-19T20:00+10:00,general,0.6549,0.0000
2025-07-19T20:30+10:00,general,0.5747,0.0000
2025-07-19T21:00+10:00,general,0.6491,0.0000
2025-07-19T21:30+10:00,general,0.5453,0.0000
2025-07-19T22:00+10:00,general,0.4541,0.0000
2025-07-19T22:30+10:00,general,0.3810,0.0000
2025-07-19T23:00+10:00,general,0.2984,0.0000
2025-07-19T23:30+10:00,general,0.2481,0.0000
2025-07-20T00:00+10:00,general,0.2247,0.0000
2025-07-20T00:30+10:00,general,0.1484,0.0000
2025-07-20T01:00+10:00,general,0.1460,0.0000
2025-07-20T01:30+10:00,general,0.1390,0.0000
2025-07-20T02:00+10:00,general,0.1570,0.0000
2025-07-20T02:30+10:00,general,0.1319,0.0000
2025-07-20T03:00+10:00,general,0.1385,0.0000
2025-07-20T03:30+10:00,general,0.1433,0.0000
2025-07-20T04:00+10:00,general,0.1362,0.0000
2025-07-20T04:30+10:00,general,0.1737,0.0000
2025-07-20T05:00+10:00,general,0.1550,0.0000
2025-07-20T05:30+10:00,general,0.1873,0.0000
2025-07-20T06:00+10:00,general,0.2014,0.0000
2025-07-20T06:30+10:00,general,0.2569,0.0000
2025-07-20T07:00+10:00,general,0.1875,0.0000
2025-07-20T07:30+10:00,general,0.0475,0.0000
2025-07-20T08:00+10:00,general,0.0000,0.0432
2025-07-20T08:30+10:00,general,0.0000,0.1536
2025-07-20T09:00+10:00,general,0.0000,0.2799
2025-07-20T09:30+10:00,general,0.0000,0.3621
2025-07-20T10:00+10:00,general,0.0000,0.4428
2025-07-20T10:30+10:00,general,0.0000,0.4909
2025-07-20T11:00+10:00,general,0.0000,0.5677
2025-07-20T11:30+10:00,general,0.0000,0.5809
2025-07-20T12:00+10:00,general,0.0000,0.6158
2025-07-20T12:30+10:00,general,0.0000,0.6354
2025-07-20T13:00+10:00,general,0.0000,0.6143
2025-07-20T13:30+10:00,general,0.0000,0.5775
2025-07-20T14:00+10:00,general,0.0000,0.5410
2025-07-20T14:30+10:00,general,0.0000,0.4674
2025-07-20T15:00+10:00,general,0.0000,0.3887
2025-07-20T15:30+10:00,general,0.0000,0.2967
2025-07-20T16:00+10:00,general,0.0000,0.2167
2025-07-20T16:30+10:00,general,0.0000,0.0262
2025-07-20T17:00+10:00,general,0.1295,0.0000
2025-07-20T17:30+10:00,general,0.2918,0.0000
2025-07-20T18:00+10:00,general,0.5345,0.0000
2025-07-20T18:30+10:00,general,0.6820,0.0000
2025-07-20T19:00+10:00,general,0.7778,0.0000
2025-07-20T19:30+10:00,general,0.6713,0.0000
2025-07-20T20:00+10:00,general,0.6890,0.0000
2025-07-20T20:30+10:00,general,0.6428,0.0000
2025-07-20T21:00+10:00,general,0.6531,0.0000
2025-07-20T21:30+10:00,general,0.4584,0.0000
2025-07-20T22:00+10:00,general,0.3798,0.0000
2025-07-20T22:30+10:00,general,0.3852,0.0000
2025-07-20T23:00+10:00,general,0.2726,0.0000
2025-07-20T23:30+10:00,general,0.2439,0.0000
2025-07-21T00:00+10:00,general,0.1989,0.0000
2025-07-21T00:30+10:00,general,0.1649,0.0000
2025-07-21T01:00+10:00,general,0.1530,0.0000
2025-07-21T01:30+10:00,general,0.1487,0.0000
2025-07-21T02:00+10:00,general,0.1501,0.0000
2025-07-21T02:30+10:00,general,0.1458,0.0000
2025-07-21T03:00+10:00,general,0.1692,0.0000
2025-07-21T03:30+10:00,general,0.1545,0.0000
2025-07-21T04:00+10:00,general,0.1312,0.0000
2025-07-21T04:30+10:00,general,0.1627,0.0000
2025-07-21T05:00+10:00,general,0.1970,0.0000
2025-07-21T05:30+10:00,general,0.2155,0.0000
2025-07-21T06:00+10:00,general,0.2063,0.0000
2025-07-21T06:30+10:00,general,0.2535,0.0000
2025-07-21T07:00+10:00,general,0.1293,0.0000
2025-07-21T07:30+10:00,general,0.0872,0.0000
2025-07-21T08:00+10:00,general,0.0000,0.0012
2025-07-21T08:30+10:00,general,0.0000,0.1380
2025-07-21T09:00+10:00,general,0.0000,0.2638
2025-07-21T09:30+10:00,general,0.0000,0.3628
2025-07-21T10:00+10:00,general,0.0000,0.4299
2025-07-21T10:30+10:00,general,0.0000,0.4922
2025-07-21T11:00+10:00,general,0.0000,0.5861
2025-07-21T11:30+10:00,general,0.0000,0.5911
2025-07-21T12:00+10:00,general,0.0000,0.6151
2025-07-21T12:30+10:00,general,0.0000,0.6316
2025-07-21T13:00+10:00,general,0.0000,0.6364
2025-07-21T13:30+10:00,general,0.0000,0.5997
2025-07-21T14:00+10:00,general,0.0000,0.5589
2025-07-21T14:30+10:00,general,0.0000,0.5013
2025-07-21T15:00+10:00,general,0.0000,0.4233
2025-07-21T15:30+10:00,general,0.0000,0.3420
2025-07-21T16:00+10:00,general,0.0000,0.1790
2025-07-21T16:30+10:00,general,0.0000,0.0375
2025-07-21T17:00+10:00,general,0.1081,0.0000
2025-07-21T17:30+10:00,general,0.2895,0.0000
2025-07-21T18:00+10:00,general,0.4623,0.0000
2025-07-21T18:30+10:00,general,0.6373,0.0000
2025-07-21T19:00+10:00,general,0.7026,0.0000
2025-07-21T19:30+10:00,general,0.7834,0.0000
2025-07-21T20:00+10:00,general,0.6522,0.0000
2025-07-21T20:30+10:00,general,0.7291,0.0000
2025-07-21T21:00+10:00,general,0.5768,0.0000
2025-07-21T21:30+10:00,general,0.4704,0.0000
2025-07-21T22:00+10:00,general,0.4674,0.0000
2025-07-21T22:30+10:00,general,0.3647,0.0000
2025-07-21T23:00+10:00,general,0.3255,0.0000
2025-07-21T23:30+10:00,general,0.2612,0.0000
2025-07-22T00:00+10:00,general,0.1972,0.0000
2025-07-22T00:30+10:00,general,0.1599,0.0000
2025-07-22T01:00+10:00,general,0.1285,0.0000
2025-07-22T01:30+10:00,general,0.1254,0.0000
2025-07-22T02:00+10:00,general,0.1518,0.0000
2025-07-22T02:30+10:00,general,0.1450,0.0000
2025-07-22T03:00+10:00,general,0.1418,0.0000
2025-07-22T03:30+10:00,general,0.1382,0.0000
2025-07-22T04:00+10:00,general,0.1435,0.0000
2025-07-22T04:30+10:00,general,0.1735,0.0000
2025-07-22T05:00+10:00,general,0.1520,0.0000
2025-07-22T05:30+10:00,general,0.1703,0.0000
2025-07-22T06:00+10:00,general,0.1868,0.0000
2025-07-22T06:30+10:00,general,0.2599,0.0000
2025-07-22T07:00+10:00,general,0.1365,0.0000
2025-07-22T07:30+10:00,general,0.0378,0.0000
2025-07-22T08:00+10:00,general,0.0000,0.0479
2025-07-22T08:30+10:00,general,0.0000,0.1204
2025-07-22T09:00+10:00,general,0.0000,0.2499
2025-07-22T09:30+10:00,general,0.0000,0.3560
2025-07-22T10:00+10:00,general,0.0000,0.4526
2025-07-22T10:30+10:00,general,0.0000,0.5303
2025-07-22T11:00+10:00,general,0.0000,0.5487
2025-07-22T11:30+10:00,general,0.0000,0.6228
2025-07-22T12:00+10:00,general,0.0000,0.6189
2025-07-22T12:30+10:00,general,0.0000,0.6455
2025-07-22T13:00+10:00,general,0.0000,0.6262
2025-07-22T13:30+10:00,general,0.0000,0.5766
2025-07-22T14:00+10:00,general,0.0000,0.5755
2025-07-22T14:30+10:00,general,0.0000,0.5167
2025-07-22T15:00+10:00,general,0.0000,0.3909
2025-07-22T15:30+10:00,general,0.0000,0.2866
2025-07-22T16:00+10:00,general,0.0000,0.1647
2025-07-22T16:30+10:00,general,0.0000,0.0142
2025-07-22T17:00+10:00,general,0.1078,0.0000
2025-07-22T17:30+10:00,general,0.3541,0.0000
2025-07-22T18:00+10:00,general,0.4927,0.0000
2025-07-22T18:30+10:00,general,0.5880,0.0000
2025-07-22T19:00+10:00,general,0.6885,0.0000
2025-07-22T19:30+10:00,general,0.7932,0.0000
2025-07-22T20:00+10:00,general,0.7259,0.0000
2025-07-22T20:30+10:00,general,0.6322,0.0000
2025-07-22T21:00+10:00,general,0.5584,0.0000
2025-07-22T21:30+10:00,general,0.5054,0.0000
2025-07-22T22:00+10:00,general,0.3862,0.0000
2025-07-22T22:30+10:00,general,0.3627,0.0000
2025-07-22T23:00+10:00,general,0.2687,0.0000
2025-07-22T23:30+10:00,general,0.2091,0.0000
2025-07-23T00:00+10:00,general,0.2227,0.0000
2025-07-23T00:30+10:00,general,0.1655,0.0000
2025-07-23T01:00+10:00,general,0.1488,0.0000
2025-07-23T01:30+10:00,general,0.1255,0.0000
2025-07-23T02:00+10:00,general,0.1397,0.0000
2025-07-23T02:30+10:00,general,0.1522,0.0000
2025-07-23T03:00+10:00,general,0.1487,0.0000
2025-07-23T03:30+10:00,general,0.1356,0.0000
2025-07-23T04:00+10:00,general,0.1356,0.0000
2025-07-23T04:30+10:00,general,0.1730,0.0000
2025-07-23T05:00+10:00,general,0.1682,0.0000
2025-07-23T05:30+10:00,general,0.2096,0.0000
2025-07-23T06:00+10:00,general,0.2042,0.0000
2025-07-23T06:30+10:00,general,0.2658,0.0000
2025-07-23T07:00+10:00,general,0.1259,0.0000
2025-07-23T07:30+10:00,general,0.0862,0.0000
2025-07-23T08:00+10:00,general,0.0000,0.0676
2025-07-23T08:30+10:00,general,0.0000,0.1193
2025-07-23T09:00+10:00,general,0.0000,0.2834
2025-07-23T09:30+10:00,general,0.0000,0.3485
2025-07-23T10:00+10:00,general,0.0000,0.4571
2025-07-23T10:30+10:00,general,0.0000,0.5077
2025-07-23T11:00+10:00,general,0.0000,0.5817
2025-07-23T11:30+10:00,general,0.0000,0.5814
2025-07-23T12:00+10:00,general,0.0000,0.6067
2025-07-23T12:30+10:00,general,0.0000,0.6503
2025-07-23T13:00+10:00,general,0.0000,0.6219
2025-07-23T13:30+10:00,general,0.0000,0.5963
2025-07-23T14:00+10:00,general,0.0000,0.5603
2025-07-23T14:30+10:00,general,0.0000,0.4690
2025-07-23T15:00+10:00,general,0.0000,0.4044
2025-07-23T15:30+10:00,general,0.0000,0.2964
2025-07-23T16:00+10:00,general,0.0000,0.1696
2025-07-23T16:30+10:00,general,0.0000,0.0764
2025-07-23T17:00+10:00,general,0.1459,0.0000
2025-07-23T17:30+10:00,general,0.3617,0.0000
2025-07-23T18:00+10:00,general,0.5515,0.0000
2025-07-23T18:30+10:00,general,0.5521,0.0000
2025-07-23T19:00+10:00,general,0.5987,0.0000
2025-07-23T19:30+10:00,general,0.7942,0.0000
2025-07-23T20:00+10:00,general,0.7563,0.0000
2025-07-23T20:30+10:00,general,0.7089,0.0000
2025-07-23T21:00+10:00,general,0.5433,0.0000
2025-07-23T21:30+10:00,general,0.5527,0.0000
2025-07-23T22:00+10:00,general,0.4112,0.0000
2025-07-23T22:30+10:00,general,0.3667,0.0000
2025-07-23T23:00+10:00,general,0.3288,0.0000
2025-07-23T23:30+10:00,general,0.2671,0.0000
2025-07-24T00:00+10:00,general,0.2180,0.0000
2025-07-24T00:30+10:00,general,0.1333,0.0000
2025-07-24T01:00+10:00,general,0.1356,0.0000
2025-07-24T01:30+10:00,general,0.1435,0.0000
2025-07-24T02:00+10:00,general,0.1407,0.0000
2025-07-24T02:30+10:00,general,0.1346,0.0000
2025-07-24T03:00+10:00,general,0.1282,0.0000
2025-07-24T03:30+10:00,general,0.1286,0.0000
2025-07-24T04:00+10:00,general,0.1650,0.0000
2025-07-24T04:30+10:00,general,0.1513,0.0000
2025-07-24T05:00+10:00,general,0.1628,0.0000
2025-07-24T05:30+10:00,general,0.1682,0.0000
2025-07-24T06:00+10:00,general,0.1887,0.0000
2025-07-24T06:30+10:00,general,0.2624,0.0000
2025-07-24T07:00+10:00,general,0.1886,0.0000
2025-07-24T07:30+10:00,general,0.0434,0.0000
2025-07-24T08:00+10:00,general,0.0000,0.0741
2025-07-24T08:30+10:00,general,0.0000,0.1521
2025-07-24T09:00+10:00,general,0.0000,0.2500
2025-07-24T09:30+10:00,general,0.0000,0.3665
2025-07-24T10:00+10:00,general,0.0000,0.4694
2025-07-24T10:30+10:00,general,0.0000,0.5373
2025-07-24T11:00+10:00,general,0.0000,0.5537
2025-07-24T11:30+10:00,general,0.0000,0.5859
2025-07-24T12:00+10:00,general,0.0000,0.6331
2025-07-24T12:30+10:00,general,0.0000,0.6234
2025-07-24T13:00+10:00,general,0.0000,0.6300
2025-07-24T13:30+10:00,general,0.0000,0.5915
2025-07-24T14:00+10:00,general,0.0000,0.5730
2025-07-24T14:30+10:00,general,0.0000,0.5052
2025-07-24T15:00+10:00,general,0.0000,0.4023
2025-07-24T15:30+10:00,general,0.0000,0.3408
2025-07-24T16:00+10:00,general,0.0000,0.1825
2025-07-24T16:30+10:00,general,0.0000,0.0220
2025-07-24T17:00+10:00,general,0.1179,0.0000
2025-07-24T17:30+10:00,general,0.2378,0.0000
2025-07-24T18:00+10:00,general,0.4519,0.0000
2025-07-24T18:30+10:00,general,0.6861,0.0000
2025-07-24T19:00+10:00,general,0.6525,0.0000
2025-07-24T19:30+10:00,general,0.7343,0.0000
2025-07-24T20:00+10:00,general,0.7591,0.0000
2025-07-24T20:30+10:00,general,0.5896,0.0000
2025-07-24T21:00+10:00,general,0.5633,0.0000
2025-07-24T21:30+10:00,general,0.4315,0.0000
2025-07-24T22:00+10:00,general,0.3738,0.0000
2025-07-24T22:30+10:00,general,0.3330,0.0000
2025-07-24T23:00+10:00,general,0.3097,0.0000
2025-07-24T23:30+10:00,general,0.2723,0.0000
2025-07-25T00:00+10:00,general,0.2082,0.0000
2025-07-25T00:30+10:00,general,0.1649,0.0000
2025-07-25T01:00+10:00,general,0.1398,0.0000
2025-07-25T01:30+10:00,general,0.1547,0.0000
2025-07-25T02:00+10:00,general,0.1300,0.0000
2025-07-25T02:30+10:00,general,0.1443,0.0000
2025-07-25T03:00+10:00,general,0.1295,0.0000
2025-07-25T03:30+10:00,general,0.1540,0.0000
2025-07-25T04:00+10:00,general,0.1701,0.0000
2025-07-25T04:30+10:00,general,0.1840,0.0000
2025-07-25T05:00+10:00,general,0.1628,0.0000
2025-07-25T05:30+10:00,general,0.1876,0.0000
2025-07-25T06:00+10:00,general,0.2172,0.0000
2025-07-25T06:30+10:00,general,0.2605,0.0000
2025-07-25T07:00+10:00,general,0.1712,0.0000
2025-07-25T07:30+10:00,general,0.0410,0.0000
2025-07-25T08:00+10:00,general,0.0000,0.0075
2025-07-25T08:30+10:00,general,0.0000,0.1224
2025-07-25T09:00+10:00,general,0.0000,0.2337
2025-07-25T09:30+10:00,general,0.0000,0.3651
2025-07-25T10:00+10:00,general,0.0000,0.4482
2025-07-25T10:30+10:00,general,0.0000,0.5108
2025-07-25T11:00+10:00,general,0.0000,0.5863
2025-07-25T11:30+10:00,general,0.0000,0.6202
2025-07-25T12:00+10:00,general,0.0000,0.6094
2025-07-25T12:30+10:00,general,0.0000,0.6392
2025-07-25T13:00+10:00,general,0.0000,0.6238
2025-07-25T13:30+10:00,general,0.0000,0.6149
2025-07-25T14:00+10:00,general,0.0000,0.5445
2025-07-25T14:30+10:00,general,0.0000,0.4914
2025-07-25T15:00+10:00,general,0.0000,0.4075
2025-07-25T15:30+10:00,general,0.0000,0.3471
2025-07-25T16:00+10:00,general,0.0000,0.1989
2025-07-25T16:30+10:00,general,0.0000,0.0296
2025-07-25T17:00+10:00,general,0.1711,0.0000
2025-07-25T17:30+10:00,general,0.2960,0.0000
2025-07-25T18:00+10:00,general,0.5537,0.0000
2025-07-25T18:30+10:00,general,0.6501,0.0000
2025-07-25T19:00+10:00,general,0.7493,0.0000
2025-07-25T19:30+10:00,general,0.6765,0.0000
2025-07-25T20:00+10:00,general,0.6003,0.0000
2025-07-25T20:30+10:00,general,0.6588,0.0000
2025-07-25T21:00+10:00,general,0.6180,0.0000
2025-07-25T21:30+10:00,general,0.4678,0.0000
2025-07-25T22:00+10:00,general,0.4502,0.0000
2025-07-25T22:30+10:00,general,0.3895,0.0000
2025-07-25T23:00+10:00,general,0.2659,0.0000
2025-07-25T23:30+10:00,general,0.2375,0.0000
2025-07-26T00:00+10:00,general,0.2145,0.0000
2025-07-26T00:30+10:00,general,0.1613,0.0000
2025-07-26T01:00+10:00,general,0.1649,0.0000
2025-07-26T01:30+10:00,general,0.1588,0.0000
2025-07-26T02:00+10:00,general,0.1661,0.0000
2025-07-26T02:30+10:00,general,0.1459,0.0000
2025-07-26T03:00+10:00,general,0.1401,0.0000
2025-07-26T03:30+10:00,general,0.1682,0.0000
2025-07-26T04:00+10:00,general,0.1632,0.0000
2025-07-26T04:30+10:00,general,0.1788,0.0000
2025-07-26T05:00+10:00,general,0.1693,0.0000
2025-07-26T05:30+10:00,general,0.1695,0.0000
2025-07-26T06:00+10:00,general,0.1855,0.0000
2025-07-26T06:30+10:00,general,0.2528,0.0000
2025-07-26T07:00+10:00,general,0.1569,0.0000
2025-07-26T07:30+10:00,general,0.0578,0.0000
2025-07-26T08:00+10:00,general,0.0000,0.0249
2025-07-26T08:30+10:00,general,0.0000,0.1182
2025-07-26T09:00+10:00,general,0.0000,0.2720
2025-07-26T09:30+10:00,general,0.0000,0.3375
2025-07-26T10:00+10:00,general,0.0000,0.4441
2025-07-26T10:30+10:00,general,0.0000,0.5384
2025-07-26T11:00+10:00,general,0.0000,0.5617
2025-07-26T11:30+10:00,general,0.0000,0.6146
2025-07-26T12:00+10:00,general,0.0000,0.6400
2025-07-26T12:30+10:00,general,0.0000,0.6342
2025-07-26T13:00+10:00,general,0.0000,0.6358
2025-07-26T13:30+10:00,general,0.0000,0.6210
2025-07-26T14:00+10:00,general,0.0000,0.5544
2025-07-26T14:30+10:00,general,0.0000,0.5097
2025-07-26T15:00+10:00,general,0.0000,0.3857
2025-07-26T15:30+10:00,general,0.0000,0.3085
2025-07-26T16:00+10:00,general,0.0000,0.1565
2025-07-26T16:30+10:00,general,0.0000,0.0289
2025-07-26T17:00+10:00,general,0.1784,0.0000
2025-07-26T17:30+10:00,general,0.3461,0.0000
2025-07-26T18:00+10:00,general,0.4134,0.0000
2025-07-26T18:30+10:00,general,0.5866,0.0000
2025-07-26T19:00+10:00,general,0.5910,0.0000
2025-07-26T19:30+10:00,general,0.7771,0.0000
2025-07-26T20:00+10:00,general,0.6341,0.0000
2025-07-26T20:30+10:00,general,0.6179,0.0000
2025-07-26T21:00+10:00,general,0.5430,0.0000
2025-07-26T21:30+10:00,general,0.4730,0.0000
2025-07-26T22:00+10:00,general,0.4730,0.0000
2025-07-26T22:30+10:00,general,0.3200,0.0000
2025-07-26T23:00+10:00,general,0.2857,0.0000
2025-07-26T23:30+10:00,general,0.2403,0.0000
2025-07-27T00:00+10:00,general,0.2002,0.0000
2025-07-27T00:30+10:00,general,0.1424,0.0000
2025-07-27T01:00+10:00,general,0.1286,0.0000
2025-07-27T01:30+10:00,general,0.1581,0.0000
2025-07-27T02:00+10:00,general,0.1305,0.0000
2025-07-27T02:30+10:00,general,0.1330,0.0000
2025-07-27T03:00+10:00,general,0.1328,0.0000
2025-07-27T03:30+10:00,general,0.1290,0.0000
2025-07-27T04:00+10:00,general,0.1737,0.0000
2025-07-27T04:30+10:00,general,0.1741,0.0000
2025-07-27T05:00+10:00,general,0.1937,0.0000
2025-07-27T05:30+10:00,general,0.1765,0.0000
2025-07-27T06:00+10:00,general,0.1942,0.0000
2025-07-27T06:30+10:00,general,0.2146,0.0000
2025-07-27T07:00+10:00,general,0.1333,0.0000
2025-07-27T07:30+10:00,general,0.1031,0.0000
2025-07-27T08:00+10:00,general,0.0000,0.0679
2025-07-27T08:30+10:00,general,0.0000,0.1397
2025-07-27T09:00+10:00,general,0.0000,0.2917
2025-07-27T09:30+10:00,general,0.0000,0.3871
2025-07-27T10:00+10:00,general,0.0000,0.4637
2025-07-27T10:30+10:00,general,0.0000,0.4998
2025-07-27T11:00+10:00,general,0.0000,0.5763
2025-07-27T11:30+10:00,general,0.0000,0.5954
2025-07-27T12:00+10:00,general,0.0000,0.6427
2025-07-27T12:30+10:00,general,0.0000,0.6122
2025-07-27T13:00+10:00,general,0.0000,0.6137
2025-07-27T13:30+10:00,general,0.0000,0.6061
2025-07-27T14:00+10:00,general,0.0000,0.5731
2025-07-27T14:30+10:00,general,0.0000,0.5069
2025-07-27T15:00+10:00,general,0.0000,0.4039
2025-07-27T15:30+10:00,general,0.0000,0.3409
2025-07-27T16:00+10:00,general,0.0000,0.1615
2025-07-27T16:30+10:00,general,0.0000,0.0096
2025-07-27T17:00+10:00,general,0.1603,0.0000
2025-07-27T17:30+10:00,general,0.3691,0.0000
2025-07-27T18:00+10:00,general,0.4944,0.0000
2025-07-27T18:30+10:00,general,0.5614,0.0000
2025-07-27T19:00+10:00,general,0.6054,0.0000
2025-07-27T19:30+10:00,general,0.6757,0.0000
2025-07-27T20:00+10:00,general,0.6245,0.0000
2025-07-27T20:30+10:00,general,0.6911,0.0000
2025-07-27T21:00+10:00,general,0.5026,0.0000
2025-07-27T21:30+10:00,general,0.4660,0.0000
2025-07-27T22:00+10:00,general,0.4812,0.0000
2025-07-27T22:30+10:00,general,0.3353,0.0000
2025-07-27T23:00+10:00,general,0.3245,0.0000
2025-07-27T23:30+10:00,general,0.2341,0.0000
2025-07-28T00:00+10:00,general,0.1836,0.0000
2025-07-28T00:30+10:00,general,0.1422,0.0000
2025-07-28T01:00+10:00,general,0.1648,0.0000
2025-07-28T01:30+10:00,general,0.1440,0.0000
2025-07-28T02:00+10:00,general,0.1298,0.0000
2025-07-28T02:30+10:00,general,0.1326,0.0000
2025-07-28T03:00+10:00,general,0.1512,0.0000
2025-07-28T03:30+10:00,general,0.1682,0.0000
2025-07-28T04:00+10:00,general,0.1350,0.0000
2025-07-28T04:30+10:00,general,0.1525,0.0000
2025-07-28T05:00+10:00,general,0.1984,0.0000
2025-07-28T05:30+10:00,general,0.2173,0.0000
2025-07-28T06:00+10:00,general,0.2357,0.0000
2025-07-28T06:30+10:00,general,0.2398,0.0000
2025-07-28T07:00+10:00,general,0.1583,0.0000
2025-07-28T07:30+10:00,general,0.0655,0.0000
2025-07-28T08:00+10:00,general,0.0000,0.0064
2025-07-28T08:30+10:00,general,0.0000,0.1656
2025-07-28T09:00+10:00,general,0.0000,0.2583
2025-07-28T09:30+10:00,general,0.0000,0.3724
2025-07-28T10:00+10:00,general,0.0000,0.4411
2025-07-28T10:30+10:00,general,0.0000,0.5153
2025-07-28T11:00+10:00,general,0.0000,0.5594
2025-07-28T11:30+10:00,general,0.0000,0.6153
2025-07-28T12:00+10:00,general,0.0000,0.6297
2025-07-28T12:30+10:00,general,0.0000,0.6383
2025-07-28T13:00+10:00,general,0.0000,0.6378
2025-07-28T13:30+10:00,general,0.0000,0.6101
2025-07-28T14:00+10:00,general,0.0000,0.5506
2025-07-28T14:30+10:00,general,0.0000,0.4835
2025-07-28T15:00+10:00,general,0.0000,0.3877
2025-07-28T15:30+10:00,general,0.0000,0.2987
2025-07-28T16:00+10:00,general,0.0000,0.2142
2025-07-28T16:30+10:00,general,0.0000,0.0381
2025-07-28T17:00+10:00,general,0.0952,0.0000
2025-07-28T17:30+10:00,general,0.3133,0.0000
2025-07-28T18:00+10:00,general,0.5141,0.0000
2025-07-28T18:30+10:00,general,0.6008,0.0000
2025-07-28T19:00+10:00,general,0.7120,0.0000
2025-07-28T19:30+10:00,general,0.7647,0.0000
2025-07-28T20:00+10:00,general,0.6608,0.0000
2025-07-28T20:30+10:00,general,0.7172,0.0000
2025-07-28T21:00+10:00,general,0.5827,0.0000
2025-07-28T21:30+10:00,general,0.5650,0.0000
2025-07-28T22:00+10:00,general,0.4579,0.0000
2025-07-28T22:30+10:00,general,0.3667,0.0000
2025-07-28T23:00+10:00,general,0.2920,0.0000
2025-07-28T23:30+10:00,general,0.2312,0.0000
2025-07-29T00:00+10:00,general,0.2167,0.0000
2025-07-29T00:30+10:00,general,0.1279,0.0000
2025-07-29T01:00+10:00,general,0.1286,0.0000
2025-07-29T01:30+10:00,general,0.1266,0.0000
2025-07-29T02:00+10:00,general,0.1442,0.0000
2025-07-29T02:30+10:00,general,0.1274,0.0000
2025-07-29T03:00+10:00,general,0.1593,0.0000
2025-07-29T03:30+10:00,general,0.1567,0.0000
2025-07-29T04:00+10:00,general,0.1646,0.0000
2025-07-29T04:30+10:00,general,0.1607,0.0000
2025-07-29T05:00+10:00,general,0.1856,0.0000
2025-07-29T05:30+10:00,general,0.1876,0.0000
2025-07-29T06:00+10:00,general,0.2175,0.0000
2025-07-29T06:30+10:00,general,0.2574,0.0000
2025-07-29T07:00+10:00,general,0.1711,0.0000
2025-07-29T07:30+10:00,general,0.0761,0.0000
2025-07-29T08:00+10:00,general,0.0000,0.0406
2025-07-29T08:30+10:00,general,0.0000,0.1267
2025-07-29T09:00+10:00,general,0.0000,0.2649
2025-07-29T09:30+10:00,general,0.0000,0.3733
2025-07-29T10:00+10:00,general,0.0000,0.4321
2025-07-29T10:30+10:00,general,0.0000,0.5223
2025-07-29T11:00+10:00,general,0.0000,0.5521
2025-07-29T11:30+10:00,general,0.0000,0.6254
2025-07-29T12:00+10:00,general,0.0000,0.6117
2025-07-29T12:30+10:00,general,0.0000,0.6414
2025-07-29T13:00+10:00,general,0.0000,0.6169
2025-07-29T13:30+10:00,general,0.0000,0.6117
2025-07-29T14:00+10:00,general,0.0000,0.5563
2025-07-29T14:30+10:00,general,0.0000,0.5022
2025-07-29T15:00+10:00,general,0.0000,0.4080
2025-07-29T15:30+10:00,general,0.0000,0.3009
2025-07-29T16:00+10:00,general,0.0000,0.2033
2025-07-29T16:30+10:00,general,0.0000,0.0573
2025-07-29T17:00+10:00,general,0.1373,0.0000
2025-07-29T17:30+10:00,general,0.2816,0.0000
2025-07-29T18:00+10:00,general,0.3896,0.0000
2025-07-29T18:30+10:00,general,0.5769,0.0000
2025-07-29T19:00+10:00,general,0.6763,0.0000
2025-07-29T19:30+10:00,general,0.6060,0.0000
2025-07-29T20:00+10:00,general,0.5909,0.0000
2025-07-29T20:30+10:00,general,0.5845,0.0000
2025-07-29T21:00+10:00,general,0.6482,0.0000
2025-07-29T21:30+10:00,general,0.4658,0.0000
2025-07-29T22:00+10:00,general,0.3950,0.0000
2025-07-29T22:30+10:00,general,0.3863,0.0000
2025-07-29T23:00+10:00,general,0.2779,0.0000
2025-07-29T23:30+10:00,general,0.2682,0.0000
2025-07-30T00:00+10:00,general,0.2322,0.0000
2025-07-30T00:30+10:00,general,0.1295,0.0000
2025-07-30T01:00+10:00,general,0.1696,0.0000
2025-07-30T01:30+10:00,general,0.1391,0.0000
2025-07-30T02:00+10:00,general,0.1451,0.0000
2025-07-30T02:30+10:00,general,0.1304,0.0000
2025-07-30T03:00+10:00,general,0.1424,0.0000
2025-07-30T03:30+10:00,general,0.1467,0.0000
2025-07-30T04:00+10:00,general,0.1509,0.0000
2025-07-30T04:30+10:00,general,0.1534,0.0000
2025-07-30T05:00+10:00,general,0.1973,0.0000
2025-07-30T05:30+10:00,general,0.2107,0.0000
2025-07-30T06:00+10:00,general,0.2084,0.0000
2025-07-30T06:30+10:00,general,0.2658,0.0000
2025-07-30T07:00+10:00,general,0.1931,0.0000
2025-07-30T07:30+10:00,general,0.0779,0.0000
2025-07-30T08:00+10:00,general,0.0000,0.0756
2025-07-30T08:30+10:00,general,0.0000,0.1739
2025-07-30T09:00+10:00,general,0.0000,0.2612
2025-07-30T09:30+10:00,general,0.0000,0.3428
2025-07-30T10:00+10:00,general,0.0000,0.4300
2025-07-30T10:30+10:00,general,0.0000,0.5364
2025-07-30T11:00+10:00,general,0.0000,0.5586
2025-07-30T11:30+10:00,general,0.0000,0.6187
2025-07-30T12:00+10:00,general,0.0000,0.6473
2025-07-30T12:30+10:00,general,0.0000,0.6522
2025-07-30T13:00+10:00,general,0.0000,0.6482
2025-07-30T13:30+10:00,general,0.0000,0.6079
2025-07-30T14:00+10:00,general,0.0000,0.5533
2025-07-30T14:30+10:00,general,0.0000,0.5132
2025-07-30T15:00+10:00,general,0.0000,0.4273
2025-07-30T15:30+10:00,general,0.0000,0.3289
2025-07-30T16:00+10:00,general,0.0000,0.1845
2025-07-30T16:30+10:00,general,0.0034,0.0000
2025-07-30T17:00+10:00,general,0.0575,0.0000
2025-07-30T17:30+10:00,general,0.2653,0.0000
2025-07-30T18:00+10:00,general,0.4986,0.0000
2025-07-30T18:30+10:00,general,0.6781,0.0000
2025-07-30T19:00+10:00,general,0.7197,0.0000
2025-07-30T19:30+10:00,general,0.7224,0.0000
2025-07-30T20:00+10:00,general,0.5890,0.0000
2025-07-30T20:30+10:00,general,0.7278,0.0000
2025-07-30T21:00+10:00,general,0.5601,0.0000
2025-07-30T21:30+10:00,general,0.5588,0.0000
2025-07-30T22:00+10:00,general,0.4030,0.0000
2025-07-30T22:30+10:00,general,0.3442,0.0000
2025-07-30T23:00+10:00,general,0.3133,0.0000
2025-07-30T23:30+10:00,general,0.2183,0.0000
2025-07-31T00:00+10:00,general,0.1756,0.0000
2025-07-31T00:30+10:00,general,0.1621,0.0000
2025-07-31T01:00+10:00,general,0.1355,0.0000
2025-07-31T01:30+10:00,general,0.1266,0.0000
2025-07-31T02:00+10:00,general,0.1426,0.0000
2025-07-31T02:30+10:00,general,0.1669,0.0000
2025-07-31T03:00+10:00,general,0.1512,0.0000
2025-07-31T03:30+10:00,general,0.1627,0.0000
2025-07-31T04:00+10:00,general,0.1731,0.0000
2025-07-31T04:30+10:00,general,0.1652,0.0000
2025-07-31T05:00+10:00,general,0.1977,0.0000
2025-07-31T05:30+10:00,general,0.2027,0.0000
2025-07-31T06:00+10:00,general,0.1990,0.0000
2025-07-31T06:30+10:00,general,0.2494,0.0000
2025-07-31T07:00+10:00,general,0.1853,0.0000
2025-07-31T07:30+10:00,general,0.0268,0.0000
2025-07-31T08:00+10:00,general,0.0000,0.0736
2025-07-31T08:30+10:00,general,0.0000,0.1880
2025-07-31T09:00+10:00,general,0.0000,0.2834
2025-07-31T09:30+10:00,general,0.0000,0.3514
2025-07-31T10:00+10:00,general,0.0000,0.4568
2025-07-31T10:30+10:00,general,0.0000,0.5046
2025-07-31T11:00+10:00,general,0.0000,0.5865
2025-07-31T11:30+10:00,general,0.0000,0.5911
2025-07-31T12:00+10:00,general,0.0000,0.6225
2025-07-31T12:30+10:00,general,0.0000,0.6506
2025-07-31T13:00+10:00,general,0.0000,0.6422
2025-07-31T13:30+10:00,general,0.0000,0.6292
2025-07-31T14:00+10:00,general,0.0000,0.5488
2025-07-31T14:30+10:00,general,0.0000,0.5067
2025-07-31T15:00+10:00,general,0.0000,0.4164
2025-07-31T15:30+10:00,general,0.0000,0.2851
2025-07-31T16:00+10:00,general,0.0000,0.1856
2025-07-31T16:30+10:00,general,0.0000,0.0392
2025-07-31T17:00+10:00,general,0.1562,0.0000
2025-07-31T17:30+10:00,general,0.2479,0.0000
2025-07-31T18:00+10:00,general,0.4509,0.0000
2025-07-31T18:30+10:00,general,0.7055,0.0000
2025-07-31T19:00+10:00,general,0.6942,0.0000
2025-07-31T19:30+10:00,general,0.7601,0.0000
2025-07-31T20:00+10:00,general,0.6990,0.0000
2025-07-31T20:30+10:00,general,0.5889,0.0000
2025-07-31T21:00+10:00,general,0.6004,0.0000
2025-07-31T21:30+10:00,general,0.5632,0.0000
2025-07-31T22:00+10:00,general,0.4697,0.0000
2025-07-31T22:30+10:00,general,0.2984,0.0000
2025-07-31T23:00+10:00,general,0.3287,0.0000
2025-07-31T23:30+10:00,general,0.2470,0.0000
2025-08-01T00:00+10:00,general,0.2281,0.0000
2025-08-01T00:30+10:00,general,0.1480,0.0000
2025-08-01T01:00+10:00,general,0.1297,0.0000
2025-08-01T01:30+10:00,general,0.1264,0.0000
2025-08-01T02:00+10:00,general,0.1622,0.0000
2025-08-01T02:30+10:00,general,0.1438,0.0000
2025-08-01T03:00+10:00,general,0.1693,0.0000
2025-08-01T03:30+10:00,general,0.1667,0.0000
2025-08-01T04:00+10:00,general,0.1730,0.0000
2025-08-01T04:30+10:00,general,0.1370,0.0000
2025-08-01T05:00+10:00,general,0.1846,0.0000
2025-08-01T05:30+10:00,general,0.1768,0.0000
2025-08-01T06:00+10:00,general,0.2138,0.0000
2025-08-01T06:30+10:00,general,0.2181,0.0000
2025-08-01T07:00+10:00,general,0.1451,0.0000
2025-08-01T07:30+10:00,general,0.0520,0.0000
2025-08-01T08:00+10:00,general,0.0000,0.0326
2025-08-01T08:30+10:00,general,0.0000,0.1736
2025-08-01T09:00+10:00,general,0.0000,0.2911
2025-08-01T09:30+10:00,general,0.0000,0.3914
2025-08-01T10:00+10:00,general,0.0000,0.4744
2025-08-01T10:30+10:00,general,0.0000,0.5054
2025-08-01T11:00+10:00,general,0.0000,0.5922
2025-08-01T11:30+10:00,general,0.0000,0.6062
2025-08-01T12:00+10:00,general,0.0000,0.6403
2025-08-01T12:30+10:00,general,0.0000,0.6203
2025-08-01T13:00+10:00,general,0.0000,0.6476
2025-08-01T13:30+10:00,general,0.0000,0.5942
2025-08-01T14:00+10:00,general,0.0000,0.5859
2025-08-01T14:30+10:00,general,0.0000,0.5126
2025-08-01T15:00+10:00,general,0.0000,0.4520
2025-08-01T15:30+10:00,general,0.0000,0.3549
2025-08-01T16:00+10:00,general,0.0000,0.1771
2025-08-01T16:30+10:00,general,0.0000,0.0247
2025-08-01T17:00+10:00,general,0.1640,0.0000
2025-08-01T17:30+10:00,general,0.3564,0.0000
2025-08-01T18:00+10:00,general,0.4715,0.0000
2025-08-01T18:30+10:00,general,0.6507,0.0000
2025-08-01T19:00+10:00,general,0.6584,0.0000
2025-08-01T19:30+10:00,general,0.6453,0.0000
2025-08-01T20:00+10:00,general,0.6817,0.0000
2025-08-01T20:30+10:00,general,0.5998,0.0000
2025-08-01T21:00+10:00,general,0.5885,0.0000
2025-08-01T21:30+10:00,general,0.5695,0.0000
2025-08-01T22:00+10:00,general,0.4681,0.0000
2025-08-01T22:30+10:00,general,0.3976,0.0000
2025-08-01T23:00+10:00,general,0.2622,0.0000
2025-08-01T23:30+10:00,general,0.2332,0.0000
2025-08-02T00:00+10:00,general,0.1825,0.0000
2025-08-02T00:30+10:00,general,0.1563,0.0000
2025-08-02T01:00+10:00,general,0.1518,0.0000
2025-08-02T01:30+10:00,general,0.1659,0.0000
2025-08-02T02:00+10:00,general,0.1339,0.0000
2025-08-02T02:30+10:00,general,0.1258,0.0000
2025-08-02T03:00+10:00,general,0.1433,0.0000
2025-08-02T03:30+10:00,general,0.1417,0.0000
2025-08-02T04:00+10:00,general,0.1689,0.0000
2025-08-02T04:30+10:00,general,0.1810,0.0000
2025-08-02T05:00+10:00,general,0.1790,0.0000
2025-08-02T05:30+10:00,general,0.1667,0.0000
2025-08-02T06:00+10:00,general,0.1886,0.0000
2025-08-02T06:30+10:00,general,0.2294,0.0000
2025-08-02T07:00+10:00,general,0.1473,0.0000
2025-08-02T07:30+10:00,general,0.0328,0.0000
2025-08-02T08:00+10:00,general,0.0000,0.0352
2025-08-02T08:30+10:00,general,0.0000,0.1445
2025-08-02T09:00+10:00,general,0.0000,0.2523
2025-08-02T09:30+10:00,general,0.0000,0.3452
2025-08-02T10:00+10:00,general,0.0000,0.4464
2025-08-02T10:30+10:00,general,0.0000,0.5257
2025-08-02T11:00+10:00,general,0.0000,0.6006
2025-08-02T11:30+10:00,general,0.0000,0.6216
2025-08-02T12:00+10:00,general,0.0000,0.6532
2025-08-02T12:30+10:00,general,0.0000,0.6385
2025-08-02T13:00+10:00,general,0.0000,0.6445
2025-08-02T13:30+10:00,general,0.0000,0.5944
2025-08-02T14:00+10:00,general,0.0000,0.5566
2025-08-02T14:30+10:00,general,0.0000,0.5092
2025-08-02T15:00+10:00,general,0.0000,0.4514
2025-08-02T15:30+10:00,general,0.0000,0.3402
2025-08-02T16:00+10:00,general,0.0000,0.1996
2025-08-02T16:30+10:00,general,0.0000,0.0284
2025-08-02T17:00+10:00,general,0.1767,0.0000
2025-08-02T17:30+10:00,general,0.2582,0.0000
2025-08-02T18:00+10:00,general,0.5221,0.0000
2025-08-02T18:30+10:00,general,0.6051,0.0000
2025-08-02T19:00+10:00,general,0.6092,0.0000
2025-08-02T19:30+10:00,general,0.6130,0.0000
2025-08-02T20:00+10:00,general,0.7117,0.0000
2025-08-02T20:30+10:00,general,0.5843,0.0000
2025-08-02T21:00+10:00,general,0.5253,0.0000
2025-08-02T21:30+10:00,general,0.5062,0.0000
2025-08-02T22:00+10:00,general,0.3817,0.0000
2025-08-02T22:30+10:00,general,0.3167,0.0000
2025-08-02T23:00+10:00,general,0.2474,0.0000
2025-08-02T23:30+10:00,general,0.2628,0.0000
2025-08-03T00:00+10:00,general,0.2153,0.0000
2025-08-03T00:30+10:00,general,0.1320,0.0000
2025-08-03T01:00+10:00,general,0.1351,0.0000
2025-08-03T01:30+10:00,general,0.1276,0.0000
2025-08-03T02:00+10:00,general,0.1507,0.0000
2025-08-03T02:30+10:00,general,0.1294,0.0000
2025-08-03T03:00+10:00,general,0.1461,0.0000
2025-08-03T03:30+10:00,general,0.1372,0.0000
2025-08-03T04:00+10:00,general,0.1640,0.0000
2025-08-03T04:30+10:00,general,0.1713,0.0000
2025-08-03T05:00+10:00,general,0.1852,0.0000
2025-08-03T05:30+10:00,general,0.1772,0.0000
2025-08-03T06:00+10:00,general,0.1996,0.0000
2025-08-03T06:30+10:00,general,0.2752,0.0000
2025-08-03T07:00+10:00,general,0.1874,0.0000
2025-08-03T07:30+10:00,general,0.0701,0.0000
2025-08-03T08:00+10:00,general,0.0000,0.0238
2025-08-03T08:30+10:00,general,0.0000,0.1486
2025-08-03T09:00+10:00,general,0.0000,0.2639
2025-08-03T09:30+10:00,general,0.0000,0.3885
2025-08-03T10:00+10:00,general,0.0000,0.4552
2025-08-03T10:30+10:00,general,0.0000,0.5067
2025-08-03T11:00+10:00,general,0.0000,0.5707
2025-08-03T11:30+10:00,general,0.0000,0.6289
2025-08-03T12:00+10:00,general,0.0000,0.6481
2025-08-03T12:30+10:00,general,0.0000,0.6468
2025-08-03T13:00+10:00,general,0.0000,0.6177
2025-08-03T13:30+10:00,general,0.0000,0.6057
2025-08-03T14:00+10:00,general,0.0000,0.5753
2025-08-03T14:30+10:00,general,0.0000,0.4840
2025-08-03T15:00+10:00,general,0.0000,0.4013
2025-08-03T15:30+10:00,general,0.0000,0.3104
2025-08-03T16:00+10:00,general,0.0000,0.2149
2025-08-03T16:30+10:00,general,0.0000,0.0967
2025-08-03T17:00+10:00,general,0.1653,0.0000
2025-08-03T17:30+10:00,general,0.2234,0.0000
2025-08-03T18:00+10:00,general,0.5431,0.0000
2025-08-03T18:30+10:00,general,0.6248,0.0000
2025-08-03T19:00+10:00,general,0.6671,0.0000
2025-08-03T19:30+10:00,general,0.7338,0.0000
2025-08-03T20:00+10:00,general,0.6688,0.0000
2025-08-03T20:30+10:00,general,0.6960,0.0000
2025-08-03T21:00+10:00,general,0.5990,0.0000
2025-08-03T21:30+10:00,general,0.5544,0.0000
2025-08-03T22:00+10:00,general,0.4833,0.0000
2025-08-03T22:30+10:00,general,0.3126,0.0000
2025-08-03T23:00+10:00,general,0.3005,0.0000
2025-08-03T23:30+10:00,general,0.2217,0.0000
2025-08-04T00:00+10:00,general,0.1901,0.0000
2025-08-04T00:30+10:00,general,0.1685,0.0000
2025-08-04T01:00+10:00,general,0.1597,0.0000
2025-08-04T01:30+10:00,general,0.1545,0.0000
2025-08-04T02:00+10:00,general,0.1617,0.0000
2025-08-04T02:30+10:00,general,0.1364,0.0000
2025-08-04T03:00+10:00,general,0.1442,0.0000
2025-08-04T03:30+10:00,general,0.1358,0.0000
2025-08-04T04:00+10:00,general,0.1671,0.0000
2025-08-04T04:30+10:00,general,0.1620,0.0000
2025-08-04T05:00+10:00,general,0.1853,0.0000
2025-08-04T05:30+10:00,general,0.1698,0.0000
2025-08-04T06:00+10:00,general,0.2285,0.0000
2025-08-04T06:30+10:00,general,0.2069,0.0000
2025-08-04T07:00+10:00,general,0.1206,0.0000
2025-08-04T07:30+10:00,general,0.0732,0.0000
2025-08-04T08:00+10:00,general,0.0000,0.0223
2025-08-04T08:30+10:00,general,0.0000,0.1276
2025-08-04T09:00+10:00,general,0.0000,0.3014
2025-08-04T09:30+10:00,general,0.0000,0.3630
2025-08-04T10:00+10:00,general,0.0000,0.4625
2025-08-04T10:30+10:00,general,0.0000,0.5373
2025-08-04T11:00+10:00,general,0.0000,0.6064
2025-08-04T11:30+10:00,general,0.0000,0.6384
2025-08-04T12:00+10:00,general,0.0000,0.6226
2025-08-04T12:30+10:00,general,0.0000,0.6565
2025-08-04T13:00+10:00,general,0.0000,0.6517
2025-08-04T13:30+10:00,general,0.0000,0.6341
2025-08-04T14:00+10:00,general,0.0000,0.5744
2025-08-04T14:30+10:00,general,0.0000,0.5325
2025-08-04T15:00+10:00,general,0.0000,0.4517
2025-08-04T15:30+10:00,general,0.0000,0.3101
2025-08-04T16:00+10:00,general,0.0000,0.1946
2025-08-04T16:30+10:00,general,0.0019,0.0000
2025-08-04T17:00+10:00,general,0.1601,0.0000
2025-08-04T17:30+10:00,general,0.2596,0.0000
2025-08-04T18:00+10:00,general,0.4237,0.0000
2025-08-04T18:30+10:00,general,0.5844,0.0000
2025-08-04T19:00+10:00,general,0.6091,0.0000
2025-08-04T19:30+10:00,general,0.6551,0.0000
2025-08-04T20:00+10:00,general,0.7513,0.0000
2025-08-04T20:30+10:00,general,0.6183,0.0000
2025-08-04T21:00+10:00,general,0.5846,0.0000
2025-08-04T21:30+10:00,general,0.4984,0.0000
2025-08-04T22:00+10:00,general,0.3961,0.0000
2025-08-04T22:30+10:00,general,0.3532,0.0000
2025-08-04T23:00+10:00,general,0.2978,0.0000
2025-08-04T23:30+10:00,general,0.2569,0.0000
2025-08-05T00:00+10:00,general,0.1828,0.0000
2025-08-05T00:30+10:00,general,0.1384,0.0000
2025-08-05T01:00+10:00,general,0.1594,0.0000
2025-08-05T01:30+10:00,general,0.1544,0.0000
2025-08-05T02:00+10:00,general,0.1634,0.0000
2025-08-05T02:30+10:00,general,0.1468,0.0000
2025-08-05T03:00+10:00,general,0.1328,0.0000
2025-08-05T03:30+10:00,general,0.1574,0.0000
2025-08-05T04:00+10:00,general,0.1321,0.0000
2025-08-05T04:30+10:00,general,0.1568,0.0000
2025-08-05T05:00+10:00,general,0.1768,0.0000
2025-08-05T05:30+10:00,general,0.2181,0.0000
2025-08-05T06:00+10:00,general,0.2451,0.0000
2025-08-05T06:30+10:00,general,0.2314,0.0000
2025-08-05T07:00+10:00,general,0.1540,0.0000
2025-08-05T07:30+10:00,general,0.0209,0.0000
2025-08-05T08:00+10:00,general,0.0000,0.0163
2025-08-05T08:30+10:00,general,0.0000,0.1651
2025-08-05T09:00+10:00,general,0.0000,0.2543
2025-08-05T09:30+10:00,general,0.0000,0.3874
2025-08-05T10:00+10:00,general,0.0000,0.4851
2025-08-05T10:30+10:00,general,0.0000,0.5544
2025-08-05T11:00+10:00,general,0.0000,0.5837
2025-08-05T11:30+10:00,general,0.0000,0.6318
2025-08-05T12:00+10:00,general,0.0000,0.6280
2025-08-05T12:30+10:00,general,0.0000,0.6368
2025-08-05T13:00+10:00,general,0.0000,0.6526
2025-08-05T13:30+10:00,general,0.0000,0.6013
2025-08-05T14:00+10:00,general,0.0000,0.5938
2025-08-05T14:30+10:00,general,0.0000,0.5095
2025-08-05T15:00+10:00,general,0.0000,0.4138
2025-08-05T15:30+10:00,general,0.0000,0.2965
2025-08-05T16:00+10:00,general,0.0000,0.1636
2025-08-05T16:30+10:00,general,0.0000,0.0641
2025-08-05T17:00+10:00,general,0.1604,0.0000
2025-08-05T17:30+10:00,general,0.3180,0.0000
2025-08-05T18:00+10:00,general,0.5350,0.0000
2025-08-05T18:30+10:00,general,0.5672,0.0000
2025-08-05T19:00+10:00,general,0.7044,0.0000
2025-08-05T19:30+10:00,general,0.6798,0.0000
2025-08-05T20:00+10:00,general,0.6404,0.0000
2025-08-05T20:30+10:00,general,0.5481,0.0000
2025-08-05T21:00+10:00,general,0.5926,0.0000
2025-08-05T21:30+10:00,general,0.5636,0.0000
2025-08-05T22:00+10:00,general,0.4085,0.0000
2025-08-05T22:30+10:00,general,0.3168,0.0000
2025-08-05T23:00+10:00,general,0.3174,0.0000
2025-08-05T23:30+10:00,general,0.2308,0.0000
2025-08-06T00:00+10:00,general,0.2045,0.0000
2025-08-06T00:30+10:00,general,0.1471,0.0000
2025-08-06T01:00+10:00,general,0.1666,0.0000
2025-08-06T01:30+10:00,general,0.1682,0.0000
2025-08-06T02:00+10:00,general,0.1446,0.0000
2025-08-06T02:30+10:00,general,0.1520,0.0000
2025-08-06T03:00+10:00,general,0.1490,0.0000
2025-08-06T03:30+10:00,general,0.1597,0.0000
2025-08-06T04:00+10:00,general,0.1501,0.0000
2025-08-06T04:30+10:00,general,0.1667,0.0000
2025-08-06T05:00+10:00,general,0.1590,0.0000
2025-08-06T05:30+10:00,general,0.2113,0.0000
2025-08-06T06:00+10:00,general,0.2427,0.0000
2025-08-06T06:30+10:00,general,0.2720,0.0000
2025-08-06T07:00+10:00,general,0.1844,0.0000
2025-08-06T07:30+10:00,general,0.0860,0.0000
2025-08-06T08:00+10:00,general,0.0000,0.0780
2025-08-06T08:30+10:00,general,0.0000,0.1942
2025-08-06T09:00+10:00,general,0.0000,0.2742
2025-08-06T09:30+10:00,general,0.0000,0.3703
2025-08-06T10:00+10:00,general,0.0000,0.4444
2025-08-06T10:30+10:00,general,0.0000,0.5460
2025-08-06T11:00+10:00,general,0.0000,0.5648
2025-08-06T11:30+10:00,general,0.0000,0.6099
2025-08-06T12:00+10:00,general,0.0000,0.6242
2025-08-06T12:30+10:00,general,0.0000,0.6448
2025-08-06T13:00+10:00,general,0.0000,0.6367
2025-08-06T13:30+10:00,general,0.0000,0.6305
2025-08-06T14:00+10:00,general,0.0000,0.5948
2025-08-06T14:30+10:00,general,0.0000,0.5268
2025-08-06T15:00+10:00,general,0.0000,0.4613
2025-08-06T15:30+10:00,general,0.0000,0.3003
2025-08-06T16:00+10:00,general,0.0000,0.1898
2025-08-06T16:30+10:00,general,0.0000,0.0176
2025-08-06T17:00+10:00,general,0.0523,0.0000
2025-08-06T17:30+10:00,general,0.3237,0.0000
2025-08-06T18:00+10:00,general,0.4931,0.0000
2025-08-06T18:30+10:00,general,0.7305,0.0000
2025-08-06T19:00+10:00,general,0.6660,0.0000
2025-08-06T19:30+10:00,general,0.6747,0.0000
2025-08-06T20:00+10:00,general,0.6588,0.0000
2025-08-06T20:30+10:00,general,0.5689,0.0000
2025-08-06T21:00+10:00,general,0.5309,0.0000
2025-08-06T21:30+10:00,general,0.5596,0.0000
2025-08-06T22:00+10:00,general,0.4544,0.0000
2025-08-06T22:30+10:00,general,0.3353,0.0000
2025-08-06T23:00+10:00,general,0.2667,0.0000
2025-08-06T23:30+10:00,general,0.2562,0.0000
2025-08-07T00:00+10:00,general,0.2060,0.0000
2025-08-07T00:30+10:00,general,0.1644,0.0000
2025-08-07T01:00+10:00,general,0.1355,0.0000
2025-08-07T01:30+10:00,general,0.1471,0.0000
2025-08-07T02:00+10:00,general,0.1345,0.0000
2025-08-07T02:30+10:00,general,0.1583,0.0000
2025-08-07T03:00+10:00,general,0.1622,0.0000
2025-08-07T03:30+10:00,general,0.1414,0.0000
2025-08-07T04:00+10:00,general,0.1708,0.0000
2025-08-07T04:30+10:00,general,0.1660,0.0000
2025-08-07T05:00+10:00,general,0.1733,0.0000
2025-08-07T05:30+10:00,general,0.1948,0.0000
2025-08-07T06:00+10:00,general,0.1931,0.0000
2025-08-07T06:30+10:00,general,0.2680,0.0000
2025-08-07T07:00+10:00,general,0.1466,0.0000
2025-08-07T07:30+10:00,general,0.0433,0.0000
2025-08-07T08:00+10:00,general,0.0000,0.0848
2025-08-07T08:30+10:00,general,0.0000,0.1461
2025-08-07T09:00+10:00,general,0.0000,0.2863
2025-08-07T09:30+10:00,general,0.0000,0.3672
2025-08-07T10:00+10:00,general,0.0000,0.4484
2025-08-07T10:30+10:00,general,0.0000,0.5189
2025-08-07T11:00+10:00,general,0.0000,0.5865
2025-08-07T11:30+10:00,general,0.0000,0.6136
2025-08-07T12:00+10:00,general,0.0000,0.6696
2025-08-07T12:30+10:00,general,0.0000,0.6595
2025-08-07T13:00+10:00,general,0.0000,0.6334
2025-08-07T13:30+10:00,general,0.0000,0.6351
2025-08-07T14:00+10:00,general,0.0000,0.5760
2025-08-07T14:30+10:00,general,0.0000,0.5125
2025-08-07T15:00+10:00,general,0.0000,0.4231
2025-08-07T15:30+10:00,general,0.0000,0.3306
2025-08-07T16:00+10:00,general,0.0000,0.1617
2025-08-07T16:30+10:00,general,0.0000,0.0506
2025-08-07T17:00+10:00,general,0.0584,0.0000
2025-08-07T17:30+10:00,general,0.2840,0.0000
2025-08-07T18:00+10:00,general,0.3883,0.0000
2025-08-07T18:30+10:00,general,0.6427,0.0000
2025-08-07T19:00+10:00,general,0.6212,0.0000
2025-08-07T19:30+10:00,general,0.7760,0.0000
2025-08-07T20:00+10:00,general,0.7055,0.0000
2025-08-07T20:30+10:00,general,0.6423,0.0000
2025-08-07T21:00+10:00,general,0.5653,0.0000
2025-08-07T21:30+10:00,general,0.4769,0.0000
2025-08-07T22:00+10:00,general,0.3776,0.0000
2025-08-07T22:30+10:00,general,0.3506,0.0000
2025-08-07T23:00+10:00,general,0.2519,0.0000
2025-08-07T23:30+10:00,general,0.2384,0.0000
2025-08-08T00:00+10:00,general,0.1847,0.0000
2025-08-08T00:30+10:00,general,0.1336,0.0000
2025-08-08T01:00+10:00,general,0.1636,0.0000
2025-08-08T01:30+10:00,general,0.1256,0.0000
2025-08-08T02:00+10:00,general,0.1584,0.0000
2025-08-08T02:30+10:00,general,0.1272,0.0000
2025-08-08T03:00+10:00,general,0.1369,0.0000
2025-08-08T03:30+10:00,general,0.1693,0.0000
2025-08-08T04:00+10:00,general,0.1572,0.0000
2025-08-08T04:30+10:00,general,0.1769,0.0000
2025-08-08T05:00+10:00,general,0.1845,0.0000
2025-08-08T05:30+10:00,general,0.1735,0.0000
2025-08-08T06:00+10:00,general,0.2211,0.0000
2025-08-08T06:30+10:00,general,0.2617,0.0000
2025-08-08T07:00+10:00,general,0.1508,0.0000
2025-08-08T07:30+10:00,general,0.0328,0.0000
2025-08-08T08:00+10:00,general,0.0000,0.0484
2025-08-08T08:30+10:00,general,0.0000,0.1664
2025-08-08T09:00+10:00,general,0.0000,0.3043
2025-08-08T09:30+10:00,general,0.0000,0.3660
2025-08-08T10:00+10:00,general,0.0000,0.4916
2025-08-08T10:30+10:00,general,0.0000,0.5243
2025-08-08T11:00+10:00,general,0.0000,0.6043
2025-08-08T11:30+10:00,general,0.0000,0.6138
2025-08-08T12:00+10:00,general,0.0000,0.6363
2025-08-08T12:30+10:00,general,0.0000,0.6407
2025-08-08T13:00+10:00,general,0.0000,0.6424
2025-08-08T13:30+10:00,general,0.0000,0.6214
2025-08-08T14:00+10:00,general,0.0000,0.5988
2025-08-08T14:30+10:00,general,0.0000,0.4947
2025-08-08T15:00+10:00,general,0.0000,0.4181
2025-08-08T15:30+10:00,general,0.0000,0.3338
2025-08-08T16:00+10:00,general,0.0000,0.1906
2025-08-08T16:30+10:00,general,0.0000,0.0250
2025-08-08T17:00+10:00,general,0.1098,0.0000
2025-08-08T17:30+10:00,general,0.2203,0.0000
2025-08-08T18:00+10:00,general,0.4245,0.0000
2025-08-08T18:30+10:00,general,0.5616,0.0000
2025-08-08T19:00+10:00,general,0.7171,0.0000
2025-08-08T19:30+10:00,general,0.7040,0.0000
2025-08-08T20:00+10:00,general,0.7299,0.0000
2025-08-08T20:30+10:00,general,0.6302,0.0000
2025-08-08T21:00+10:00,general,0.5986,0.0000
2025-08-08T21:30+10:00,general,0.5612,0.0000
2025-08-08T22:00+10:00,general,0.4653,0.0000
2025-08-08T22:30+10:00,general,0.2985,0.0000
2025-08-08T23:00+10:00,general,0.2633,0.0000
2025-08-08T23:30+10:00,general,0.2129,0.0000
2025-08-09T00:00+10:00,general,0.2134,0.0000
2025-08-09T00:30+10:00,general,0.1688,0.0000
2025-08-09T01:00+10:00,general,0.1313,0.0000
2025-08-09T01:30+10:00,general,0.1311,0.0000
2025-08-09T02:00+10:00,general,0.1417,0.0000
2025-08-09T02:30+10:00,general,0.1461,0.0000
2025-08-09T03:00+10:00,general,0.1515,0.0000
2025-08-09T03:30+10:00,general,0.1549,0.0000
2025-08-09T04:00+10:00,general,0.1479,0.0000
2025-08-09T04:30+10:00,general,0.1788,0.0000
2025-08-09T05:00+10:00,general,0.1497,0.0000
2025-08-09T05:30+10:00,general,0.2130,0.0000
2025-08-09T06:00+10:00,general,0.2237,0.0000
2025-08-09T06:30+10:00,general,0.2241,0.0000
2025-08-09T07:00+10:00,general,0.1238,0.0000
2025-08-09T07:30+10:00,general,0.0824,0.0000
2025-08-09T08:00+10:00,general,0.0000,0.0634
2025-08-09T08:30+10:00,general,0.0000,0.1540
2025-08-09T09:00+10:00,general,0.0000,0.2723
2025-08-09T09:30+10:00,general,0.0000,0.3853
2025-08-09T10:00+10:00,general,0.0000,0.4766
2025-08-09T10:30+10:00,general,0.0000,0.5214
2025-08-09T11:00+10:00,general,0.0000,0.6163
2025-08-09T11:30+10:00,general,0.0000,0.6455
2025-08-09T12:00+10:00,general,0.0000,0.6386
2025-08-09T12:30+10:00,general,0.0000,0.6501
2025-08-09T13:00+10:00,general,0.0000,0.6525
2025-08-09T13:30+10:00,general,0.0000,0.6458
2025-08-09T14:00+10:00,general,0.0000,0.6004
2025-08-09T14:30+10:00,general,0.0000,0.5149
2025-08-09T15:00+10:00,general,0.0000,0.4491
2025-08-09T15:30+10:00,general,0.0000,0.3145
2025-08-09T16:00+10:00,general,0.0000,0.1787
2025-08-09T16:30+10:00,general,0.0000,0.0888
2025-08-09T17:00+10:00,general,0.0524,0.0000
2025-08-09T17:30+10:00,general,0.2354,0.0000
2025-08-09T18:00+10:00,general,0.5281,0.0000
2025-08-09T18:30+10:00,general,0.6259,0.0000
2025-08-09T19:00+10:00,general,0.6237,0.0000
2025-08-09T19:30+10:00,general,0.7546,0.0000
2025-08-09T20:00+10:00,general,0.7668,0.0000
2025-08-09T20:30+10:00,general,0.6060,0.0000
2025-08-09T21:00+10:00,general,0.6597,0.0000
2025-08-09T21:30+10:00,general,0.4800,0.0000
2025-08-09T22:00+10:00,general,0.4674,0.0000
2025-08-09T22:30+10:00,general,0.3790,0.0000
2025-08-09T23:00+10:00,general,0.3171,0.0000
2025-08-09T23:30+10:00,general,0.2722,0.0000
2025-08-10T00:00+10:00,general,0.2300,0.0000
2025-08-10T00:30+10:00,general,0.1265,0.0000
2025-08-10T01:00+10:00,general,0.1282,0.0000
2025-08-10T01:30+10:00,general,0.1633,0.0000
2025-08-10T02:00+10:00,general,0.1392,0.0000
2025-08-10T02:30+10:00,general,0.1691,0.0000
2025-08-10T03:00+10:00,general,0.1599,0.0000
2025-08-10T03:30+10:00,general,0.1491,0.0000
2025-08-10T04:00+10:00,general,0.1589,0.0000
2025-08-10T04:30+10:00,general,0.1631,0.0000
2025-08-10T05:00+10:00,general,0.1764,0.0000
2025-08-10T05:30+10:00,general,0.1679,0.0000
2025-08-10T06:00+10:00,general,0.2264,0.0000
2025-08-10T06:30+10:00,general,0.2662,0.0000
2025-08-10T07:00+10:00,general,0.1635,0.0000
2025-08-10T07:30+10:00,general,0.0770,0.0000
2025-08-10T08:00+10:00,general,0.0000,0.0395
2025-08-10T08:30+10:00,general,0.0000,0.1382
2025-08-10T09:00+10:00,general,0.0000,0.2655
2025-08-10T09:30+10:00,general,0.0000,0.3599
2025-08-10T10:00+10:00,general,0.0000,0.4691
2025-08-10T10:30+10:00,general,0.0000,0.5619
2025-08-10T11:00+10:00,general,0.0000,0.6200
2025-08-10T11:30+10:00,general,0.0000,0.6518
2025-08-10T12:00+10:00,general,0.0000,0.6707
2025-08-10T12:30+10:00,general,0.0000,0.6400
2025-08-10T13:00+10:00,general,0.0000,0.6372
2025-08-10T13:30+10:00,general,0.0000,0.6446
2025-08-10T14:00+10:00,general,0.0000,0.5719
2025-08-10T14:30+10:00,general,0.0000,0.5315
2025-08-10T15:00+10:00,general,0.0000,0.4610
2025-08-10T15:30+10:00,general,0.0000,0.3675
2025-08-10T16:00+10:00,general,0.0000,0.2433
2025-08-10T16:30+10:00,general,0.0000,0.0483
2025-08-10T17:00+10:00,general,0.0627,0.0000
2025-08-10T17:30+10:00,general,0.3443,0.0000
2025-08-10T18:00+10:00,general,0.3850,0.0000
2025-08-10T18:30+10:00,general,0.6197,0.0000
2025-08-10T19:00+10:00,general,0.7424,0.0000
2025-08-10T19:30+10:00,general,0.6785,0.0000
2025-08-10T20:00+10:00,general,0.7722,0.0000
2025-08-10T20:30+10:00,general,0.6066,0.0000
2025-08-10T21:00+10:00,general,0.5520,0.0000
2025-08-10T21:30+10:00,general,0.5217,0.0000
2025-08-10T22:00+10:00,general,0.4419,0.0000
2025-08-10T22:30+10:00,general,0.3632,0.0000
2025-08-10T23:00+10:00,general,0.3291,0.0000
2025-08-10T23:30+10:00,general,0.2337,0.0000
2025-08-11T00:00+10:00,general,0.2286,0.0000
2025-08-11T00:30+10:00,general,0.1526,0.0000
2025-08-11T01:00+10:00,general,0.1268,0.0000
2025-08-11T01:30+10:00,general,0.1407,0.0000
2025-08-11T02:00+10:00,general,0.1553,0.0000
2025-08-11T02:30+10:00,general,0.1262,0.0000
2025-08-11T03:00+10:00,general,0.1429,0.0000
2025-08-11T03:30+10:00,general,0.1381,0.0000
2025-08-11T04:00+10:00,general,0.1692,0.0000
2025-08-11T04:30+10:00,general,0.1404,0.0000
2025-08-11T05:00+10:00,general,0.1954,0.0000
2025-08-11T05:30+10:00,general,0.2024,0.0000
2025-08-11T06:00+10:00,general,0.2065,0.0000
2025-08-11T06:30+10:00,general,0.2592,0.0000
2025-08-11T07:00+10:00,general,0.1652,0.0000
2025-08-11T07:30+10:00,general,0.0520,0.0000
2025-08-11T08:00+10:00,general,0.0000,0.0578
2025-08-11T08:30+10:00,general,0.0000,0.1622
2025-08-11T09:00+10:00,general,0.0000,0.2623
2025-08-11T09:30+10:00,general,0.0000,0.4024
2025-08-11T10:00+10:00,general,0.0000,0.4991
2025-08-11T10:30+10:00,general,0.0000,0.5350
2025-08-11T11:00+10:00,general,0.0000,0.5797
2025-08-11T11:30+10:00,general,0.0000,0.6566
2025-08-11T12:00+10:00,general,0.0000,0.6502
2025-08-11T12:30+10:00,general,0.0000,0.6816
2025-08-11T13:00+10:00,general,0.0000,0.6475
2025-08-11T13:30+10:00,general,0.0000,0.6214
2025-08-11T14:00+10:00,general,0.0000,0.5631
2025-08-11T14:30+10:00,general,0.0000,0.5097
2025-08-11T15:00+10:00,general,0.0000,0.4464
2025-08-11T15:30+10:00,general,0.0000,0.3485
2025-08-11T16:00+10:00,general,0.0000,0.2087
2025-08-11T16:30+10:00,general,0.0000,0.0692
2025-08-11T17:00+10:00,general,0.0498,0.0000
2025-08-11T17:30+10:00,general,0.2957,0.0000
2025-08-11T18:00+10:00,general,0.5020,0.0000
2025-08-11T18:30+10:00,general,0.5618,0.0000
2025-08-11T19:00+10:00,general,0.6734,0.0000
2025-08-11T19:30+10:00,general,0.7905,0.0000
2025-08-11T20:00+10:00,general,0.6617,0.0000
2025-08-11T20:30+10:00,general,0.5917,0.0000
2025-08-11T21:00+10:00,general,0.5370,0.0000
2025-08-11T21:30+10:00,general,0.4514,0.0000
2025-08-11T22:00+10:00,general,0.4515,0.0000
2025-08-11T22:30+10:00,general,0.3391,0.0000
2025-08-11T23:00+10:00,general,0.3189,0.0000
2025-08-11T23:30+10:00,general,0.2657,0.0000
2025-08-12T00:00+10:00,general,0.1862,0.0000
2025-08-12T00:30+10:00,general,0.1671,0.0000
2025-08-12T01:00+10:00,general,0.1368,0.0000
2025-08-12T01:30+10:00,general,0.1526,0.0000
2025-08-12T02:00+10:00,general,0.1558,0.0000
2025-08-12T02:30+10:00,general,0.1315,0.0000
2025-08-12T03:00+10:00,general,0.1284,0.0000
2025-08-12T03:30+10:00,general,0.1714,0.0000
2025-08-12T04:00+10:00,general,0.1597,0.0000
2025-08-12T04:30+10:00,general,0.1575,0.0000
2025-08-12T05:00+10:00,general,0.1840,0.0000
2025-08-12T05:30+10:00,general,0.2141,0.0000
2025-08-12T06:00+10:00,general,0.2366,0.0000
2025-08-12T06:30+10:00,general,0.2691,0.0000
2025-08-12T07:00+10:00,general,0.1267,0.0000
2025-08-12T07:30+10:00,general,0.0203,0.0000
2025-08-12T08:00+10:00,general,0.0000,0.0784
2025-08-12T08:30+10:00,general,0.0000,0.1575
2025-08-12T09:00+10:00,general,0.0000,0.2823
2025-08-12T09:30+10:00,general,0.0000,0.3897
2025-08-12T10:00+10:00,general,0.0000,0.4632
2025-08-12T10:30+10:00,general,0.0000,0.5543
2025-08-12T11:00+10:00,general,0.0000,0.5932
2025-08-12T11:30+10:00,general,0.0000,0.6514
2025-08-12T12:00+10:00,general,0.0000,0.6747
2025-08-12T12:30+10:00,general,0.0000,0.6460
2025-08-12T13:00+10:00,general,0.0000,0.6605
2025-08-12T13:30+10:00,general,0.0000,0.6456
2025-08-12T14:00+10:00,general,0.0000,0.5695
2025-08-12T14:30+10:00,general,0.0000,0.5270
2025-08-12T15:00+10:00,general,0.0000,0.4455
2025-08-12T15:30+10:00,general,0.0000,0.3723
2025-08-12T16:00+10:00,general,0.0000,0.1843
2025-08-12T16:30+10:00,general,0.0000,0.0818
2025-08-12T17:00+10:00,general,0.1053,0.0000
2025-08-12T17:30+10:00,general,0.3033,0.0000
2025-08-12T18:00+10:00,general,0.4279,0.0000
2025-08-12T18:30+10:00,general,0.6605,0.0000
2025-08-12T19:00+10:00,general,0.6916,0.0000
2025-08-12T19:30+10:00,general,0.7489,0.0000
2025-08-12T20:00+10:00,general,0.6434,0.0000
2025-08-12T20:30+10:00,general,0.7125,0.0000
2025-08-12T21:00+10:00,general,0.6242,0.0000
2025-08-12T21:30+10:00,general,0.5668,0.0000
2025-08-12T22:00+10:00,general,0.4033,0.0000
2025-08-12T22:30+10:00,general,0.3192,0.0000
2025-08-12T23:00+10:00,general,0.3134,0.0000
2025-08-12T23:30+10:00,general,0.2682,0.0000
2025-08-13T00:00+10:00,general,0.1823,0.0000
2025-08-13T00:30+10:00,general,0.1352,0.0000
2025-08-13T01:00+10:00,general,0.1616,0.0000
2025-08-13T01:30+10:00,general,0.1352,0.0000
2025-08-13T02:00+10:00,general,0.1378,0.0000
2025-08-13T02:30+10:00,general,0.1365,0.0000
2025-08-13T03:00+10:00,general,0.1454,0.0000
2025-08-13T03:30+10:00,general,0.1310,0.0000
2025-08-13T04:00+10:00,general,0.1701,0.0000
2025-08-13T04:30+10:00,general,0.1414,0.0000
2025-08-13T05:00+10:00,general,0.1582,0.0000
2025-08-13T05:30+10:00,general,0.2159,0.0000
2025-08-13T06:00+10:00,general,0.1968,0.0000
2025-08-13T06:30+10:00,general,0.2569,0.0000
2025-08-13T07:00+10:00,general,0.1469,0.0000
2025-08-13T07:30+10:00,general,0.0517,0.0000
2025-08-13T08:00+10:00,general,0.0000,0.0614
2025-08-13T08:30+10:00,general,0.0000,0.1609
2025-08-13T09:00+10:00,general,0.0000,0.3079
2025-08-13T09:30+10:00,general,0.0000,0.4059
2025-08-13T10:00+10:00,general,0.0000,0.4955
2025-08-13T10:30+10:00,general,0.0000,0.5368
2025-08-13T11:00+10:00,general,0.0000,0.5947
2025-08-13T11:30+10:00,general,0.0000,0.6219
2025-08-13T12:00+10:00,general,0.0000,0.6628
2025-08-13T12:30+10:00,general,0.0000,0.6870
2025-08-13T13:00+10:00,general,0.0000,0.6410
2025-08-13T13:30+10:00,general,0.0000,0.6442
2025-08-13T14:00+10:00,general,0.0000,0.5703
2025-08-13T14:30+10:00,general,0.0000,0.5407
2025-08-13T15:00+10:00,general,0.0000,0.4761
2025-08-13T15:30+10:00,general,0.0000,0.3239
2025-08-13T16:00+10:00,general,0.0000,0.2287
2025-08-13T16:30+10:00,general,0.0000,0.0420
2025-08-13T17:00+10:00,general,0.0958,0.0000
2025-08-13T17:30+10:00,general,0.2714,0.0000
2025-08-13T18:00+10:00,general,0.5413,0.0000
2025-08-13T18:30+10:00,general,0.7096,0.0000
2025-08-13T19:00+10:00,general,0.6923,0.0000
2025-08-13T19:30+10:00,general,0.6594,0.0000
2025-08-13T20:00+10:00,general,0.7674,0.0000
2025-08-13T20:30+10:00,general,0.5505,0.0000
2025-08-13T21:00+10:00,general,0.4897,0.0000
2025-08-13T21:30+10:00,general,0.4421,0.0000
2025-08-13T22:00+10:00,general,0.4101,0.0000
2025-08-13T22:30+10:00,general,0.3745,0.0000
2025-08-13T23:00+10:00,general,0.2991,0.0000
2025-08-13T23:30+10:00,general,0.2733,0.0000
2025-08-14T00:00+10:00,general,0.2037,0.0000
2025-08-14T00:30+10:00,general,0.1419,0.0000
2025-08-14T01:00+10:00,general,0.1325,0.0000
2025-08-14T01:30+10:00,general,0.1282,0.0000
2025-08-14T02:00+10:00,general,0.1385,0.0000
2025-08-14T02:30+10:00,general,0.1579,0.0000
2025-08-14T03:00+10:00,general,0.1496,0.0000
2025-08-14T03:30+10:00,general,0.1516,0.0000
2025-08-14T04:00+10:00,general,0.1720,0.0000
2025-08-14T04:30+10:00,general,0.1412,0.0000
2025-08-14T05:00+10:00,general,0.1771,0.0000
2025-08-14T05:30+10:00,general,0.1673,0.0000
2025-08-14T06:00+10:00,general,0.2192,0.0000
2025-08-14T06:30+10:00,general,0.2586,0.0000
2025-08-14T07:00+10:00,general,0.1636,0.0000
2025-08-14T07:30+10:00,general,0.0522,0.0000
2025-08-14T08:00+10:00,general,0.0000,0.0300
2025-08-14T08:30+10:00,general,0.0000,0.1939
2025-08-14T09:00+10:00,general,0.0000,0.2608
2025-08-14T09:30+10:00,general,0.0000,0.4175
2025-08-14T10:00+10:00,general,0.0000,0.4987
2025-08-14T10:30+10:00,general,0.0000,0.5740
2025-08-14T11:00+10:00,general,0.0000,0.5945
2025-08-14T11:30+10:00,general,0.0000,0.6262
2025-08-14T12:00+10:00,general,0.0000,0.6570
2025-08-14T12:30+10:00,general,0.0000,0.6704
2025-08-14T13:00+10:00,general,0.0000,0.6454
2025-08-14T13:30+10:00,general,0.0000,0.6260
2025-08-14T14:00+10:00,general,0.0000,0.5879
2025-08-14T14:30+10:00,general,0.0000,0.5409
2025-08-14T15:00+10:00,general,0.0000,0.4262
2025-08-14T15:30+10:00,general,0.0000,0.3524
2025-08-14T16:00+10:00,general,0.0000,0.2412
2025-08-14T16:30+10:00,general,0.0000,0.0886
2025-08-14T17:00+10:00,general,0.0498,0.0000
2025-08-14T17:30+10:00,general,0.2640,0.0000
2025-08-14T18:00+10:00,general,0.4670,0.0000
2025-08-14T18:30+10:00,general,0.6000,0.0000
2025-08-14T19:00+10:00,general,0.7198,0.0000
2025-08-14T19:30+10:00,general,0.6852,0.0000
2025-08-14T20:00+10:00,general,0.6877,0.0000
2025-08-14T20:30+10:00,general,0.5832,0.0000
2025-08-14T21:00+10:00,general,0.6153,0.0000
2025-08-14T21:30+10:00,general,0.4328,0.0000
2025-08-14T22:00+10:00,general,0.4169,0.0000
2025-08-14T22:30+10:00,general,0.3633,0.0000
2025-08-14T23:00+10:00,general,0.3149,0.0000
2025-08-14T23:30+10:00,general,0.2239,0.0000
2025-08-15T00:00+10:00,general,0.1935,0.0000
2025-08-15T00:30+10:00,general,0.1599,0.0000
2025-08-15T01:00+10:00,general,0.1547,0.0000
2025-08-15T01:30+10:00,general,0.1319,0.0000
2025-08-15T02:00+10:00,general,0.1537,0.0000
2025-08-15T02:30+10:00,general,0.1633,0.0000
2025-08-15T03:00+10:00,general,0.1340,0.0000
2025-08-15T03:30+10:00,general,0.1678,0.0000
2025-08-15T04:00+10:00,general,0.1451,0.0000
2025-08-15T04:30+10:00,general,0.1824,0.0000
2025-08-15T05:00+10:00,general,0.1686,0.0000
2025-08-15T05:30+10:00,general,0.1744,0.0000
2025-08-15T06:00+10:00,general,0.2085,0.0000
2025-08-15T06:30+10:00,general,0.2493,0.0000
2025-08-15T07:00+10:00,general,0.1338,0.0000
2025-08-15T07:30+10:00,general,0.0392,0.0000
2025-08-15T08:00+10:00,general,0.0000,0.0544
2025-08-15T08:30+10:00,general,0.0000,0.1498
2025-08-15T09:00+10:00,general,0.0000,0.3153
2025-08-15T09:30+10:00,general,0.0000,0.3979
2025-08-15T10:00+10:00,general,0.0000,0.4882
2025-08-15T10:30+10:00,general,0.0000,0.5641
2025-08-15T11:00+10:00,general,0.0000,0.6118
2025-08-15T11:30+10:00,general,0.0000,0.6289
2025-08-15T12:00+10:00,general,0.0000,0.6538
2025-08-15T12:30+10:00,general,0.0000,0.6855
2025-08-15T13:00+10:00,general,0.0000,0.6767
2025-08-15T13:30+10:00,general,0.0000,0.6307
2025-08-15T14:00+10:00,general,0.0000,0.5956
2025-08-15T14:30+10:00,general,0.0000,0.5435
2025-08-15T15:00+10:00,general,0.0000,0.4443
2025-08-15T15:30+10:00,general,0.0000,0.3775
2025-08-15T16:00+10:00,general,0.0000,0.2248
2025-08-15T16:30+10:00,general,0.0000,0.0784
2025-08-15T17:00+10:00,general,0.1320,0.0000
2025-08-15T17:30+10:00,general,0.3435,0.0000
2025-08-15T18:00+10:00,general,0.4317,0.0000
2025-08-15T18:30+10:00,general,0.5744,0.0000
2025-08-15T19:00+10:00,general,0.6074,0.0000
2025-08-15T19:30+10:00,general,0.7299,0.0000
2025-08-15T20:00+10:00,general,0.6186,0.0000
2025-08-15T20:30+10:00,general,0.6376,0.0000
2025-08-15T21:00+10:00,general,0.5074,0.0000
2025-08-15T21:30+10:00,general,0.4473,0.0000
2025-08-15T22:00+10:00,general,0.4701,0.0000
2025-08-15T22:30+10:00,general,0.3620,0.0000
2025-08-15T23:00+10:00,general,0.2577,0.0000
2025-08-15T23:30+10:00,general,0.2457,0.0000
2025-08-16T00:00+10:00,general,0.2310,0.0000
2025-08-16T00:30+10:00,general,0.1326,0.0000
2025-08-16T01:00+10:00,general,0.1478,0.0000
2025-08-16T01:30+10:00,general,0.1619,0.0000
2025-08-16T02:00+10:00,general,0.1283,0.0000
2025-08-16T02:30+10:00,general,0.1611,0.0000
2025-08-16T03:00+10:00,general,0.1686,0.0000
2025-08-16T03:30+10:00,general,0.1538,0.0000
2025-08-16T04:00+10:00,general,0.1306,0.0000
2025-08-16T04:30+10:00,general,0.1668,0.0000
2025-08-16T05:00+10:00,general,0.1706,0.0000
2025-08-16T05:30+10:00,general,0.2100,0.0000
2025-08-16T06:00+10:00,general,0.2206,0.0000
2025-08-16T06:30+10:00,general,0.2688,0.0000
2025-08-16T07:00+10:00,general,0.1378,0.0000
2025-08-16T07:30+10:00,general,0.0677,0.0000
2025-08-16T08:00+10:00,general,0.0000,0.0236
2025-08-16T08:30+10:00,general,0.0000,0.1536
2025-08-16T09:00+10:00,general,0.0000,0.2601
2025-08-16T09:30+10:00,general,0.0000,0.3849
2025-08-16T10:00+10:00,general,0.0000,0.4904
2025-08-16T10:30+10:00,general,0.0000,0.5570
2025-08-16T11:00+10:00,general,0.0000,0.6338
2025-08-16T11:30+10:00,general,0.0000,0.6465
2025-08-16T12:00+10:00,general,0.0000,0.6525
2025-08-16T12:30+10:00,general,0.0000,0.6906
2025-08-16T13:00+10:00,general,0.0000,0.6719
2025-08-16T13:30+10:00,general,0.0000,0.6575
2025-08-16T14:00+10:00,general,0.0000,0.5806
2025-08-16T14:30+10:00,general,0.0000,0.5400
2025-08-16T15:00+10:00,general,0.0000,0.4777
2025-08-16T15:30+10:00,general,0.0000,0.3351
2025-08-16T16:00+10:00,general,0.0000,0.2309
2025-08-16T16:30+10:00,general,0.0000,0.0834
2025-08-16T17:00+10:00,general,0.0913,0.0000
2025-08-16T17:30+10:00,general,0.2894,0.0000
2025-08-16T18:00+10:00,general,0.5193,0.0000
2025-08-16T18:30+10:00,general,0.5636,0.0000
2025-08-16T19:00+10:00,general,0.7710,0.0000
2025-08-16T19:30+10:00,general,0.6944,0.0000
2025-08-16T20:00+10:00,general,0.6629,0.0000
2025-08-16T20:30+10:00,general,0.5910,0.0000
2025-08-16T21:00+10:00,general,0.5140,0.0000
2025-08-16T21:30+10:00,general,0.4914,0.0000
2025-08-16T22:00+10:00,general,0.4117,0.0000
2025-08-16T22:30+10:00,general,0.3644,0.0000
2025-08-16T23:00+10:00,general,0.2607,0.0000
2025-08-16T23:30+10:00,general,0.2352,0.0000
2025-08-17T00:00+10:00,general,0.2129,0.0000
2025-08-17T00:30+10:00,general,0.1557,0.0000
2025-08-17T01:00+10:00,general,0.1407,0.0000
2025-08-17T01:30+10:00,general,0.1254,0.0000
2025-08-17T02:00+10:00,general,0.1642,0.0000
2025-08-17T02:30+10:00,general,0.1290,0.0000
2025-08-17T03:00+10:00,general,0.1465,0.0000
2025-08-17T03:30+10:00,general,0.1611,0.0000
2025-08-17T04:00+10:00,general,0.1397,0.0000
2025-08-17T04:30+10:00,general,0.1379,0.0000
2025-08-17T05:00+10:00,general,0.1685,0.0000
2025-08-17T05:30+10:00,general,0.1785,0.0000
2025-08-17T06:00+10:00,general,0.1853,0.0000
2025-08-17T06:30+10:00,general,0.2516,0.0000
2025-08-17T07:00+10:00,general,0.1144,0.0000
2025-08-17T07:30+10:00,general,0.0643,0.0000
2025-08-17T08:00+10:00,general,0.0000,0.0798
2025-08-17T08:30+10:00,general,0.0000,0.2042
2025-08-17T09:00+10:00,general,0.0000,0.3170
2025-08-17T09:30+10:00,general,0.0000,0.4245
2025-08-17T10:00+10:00,general,0.0000,0.4726
2025-08-17T10:30+10:00,general,0.0000,0.5850
2025-08-17T11:00+10:00,general,0.0000,0.6246
2025-08-17T11:30+10:00,general,0.0000,0.6729
2025-08-17T12:00+10:00,general,0.0000,0.6853
2025-08-17T12:30+10:00,general,0.0000,0.6744
2025-08-17T13:00+10:00,general,0.0000,0.6953
2025-08-17T13:30+10:00,general,0.0000,0.6416
2025-08-17T14:00+10:00,general,0.0000,0.5845
2025-08-17T14:30+10:00,general,0.0000,0.5649
2025-08-17T15:00+10:00,general,0.0000,0.4870
2025-08-17T15:30+10:00,general,0.0000,0.3265
2025-08-17T16:00+10:00,general,0.0000,0.1932
2025-08-17T16:30+10:00,general,0.0000,0.0361
2025-08-17T17:00+10:00,general,0.1564,0.0000
2025-08-17T17:30+10:00,general,0.3284,0.0000
2025-08-17T18:00+10:00,general,0.4038,0.0000
2025-08-17T18:30+10:00,general,0.6914,0.0000
2025-08-17T19:00+10:00,general,0.6378,0.0000
2025-08-17T19:30+10:00,general,0.6335,0.0000
2025-08-17T20:00+10:00,general,0.7343,0.0000
2025-08-17T20:30+10:00,general,0.6836,0.0000
2025-08-17T21:00+10:00,general,0.5794,0.0000
2025-08-17T21:30+10:00,general,0.4361,0.0000
2025-08-17T22:00+10:00,general,0.3882,0.0000
2025-08-17T22:30+10:00,general,0.3907,0.0000
2025-08-17T23:00+10:00,general,0.2896,0.0000
2025-08-17T23:30+10:00,general,0.2730,0.0000
2025-08-18T00:00+10:00,general,0.1798,0.0000
2025-08-18T00:30+10:00,general,0.1477,0.0000
2025-08-18T01:00+10:00,general,0.1323,0.0000
2025-08-18T01:30+10:00,general,0.1353,0.0000
2025-08-18T02:00+10:00,general,0.1587,0.0000
2025-08-18T02:30+10:00,general,0.1575,0.0000
2025-08-18T03:00+10:00,general,0.1545,0.0000
2025-08-18T03:30+10:00,general,0.1372,0.0000
2025-08-18T04:00+10:00,general,0.1716,0.0000
2025-08-18T04:30+10:00,general,0.1791,0.0000
2025-08-18T05:00+10:00,general,0.1698,0.0000
2025-08-18T05:30+10:00,general,0.1999,0.0000
2025-08-18T06:00+10:00,general,0.2133,0.0000
2025-08-18T06:30+10:00,general,0.2159,0.0000
2025-08-18T07:00+10:00,general,0.1131,0.0000
2025-08-18T07:30+10:00,general,0.0642,0.0000
2025-08-18T08:00+10:00,general,0.0000,0.0765
2025-08-18T08:30+10:00,general,0.0000,0.2096
2025-08-18T09:00+10:00,general,0.0000,0.2823
2025-08-18T09:30+10:00,general,0.0000,0.3821
2025-08-18T10:00+10:00,general,0.0000,0.4795
2025-08-18T10:30+10:00,general,0.0000,0.5659
2025-08-18T11:00+10:00,general,0.0000,0.6080
2025-08-18T11:30+10:00,general,0.0000,0.6473
2025-08-18T12:00+10:00,general,0.0000,0.6637
2025-08-18T12:30+10:00,general,0.0000,0.7036
2025-08-18T13:00+10:00,general,0.0000,0.6626
2025-08-18T13:30+10:00,general,0.0000,0.6395
2025-08-18T14:00+10:00,general,0.0000,0.6038
2025-08-18T14:30+10:00,general,0.0000,0.5689
2025-08-18T15:00+10:00,general,0.0000,0.4438
2025-08-18T15:30+10:00,general,0.0000,0.3714
2025-08-18T16:00+10:00,general,0.0000,0.2392
2025-08-18T16:30+10:00,general,0.0000,0.1105
2025-08-18T17:00+10:00,general,0.0617,0.0000
2025-08-18T17:30+10:00,general,0.3512,0.0000
2025-08-18T18:00+10:00,general,0.4775,0.0000
2025-08-18T18:30+10:00,general,0.6519,0.0000
2025-08-18T19:00+10:00,general,0.7036,0.0000
2025-08-18T19:30+10:00,general,0.6961,0.0000
2025-08-18T20:00+10:00,general,0.7172,0.0000
2025-08-18T20:30+10:00,general,0.5991,0.0000
2025-08-18T21:00+10:00,general,0.5699,0.0000
2025-08-18T21:30+10:00,general,0.5163,0.0000
2025-08-18T22:00+10:00,general,0.3765,0.0000
2025-08-18T22:30+10:00,general,0.3036,0.0000
2025-08-18T23:00+10:00,general,0.2581,0.0000
2025-08-18T23:30+10:00,general,0.2400,0.0000
2025-08-19T00:00+10:00,general,0.1870,0.0000
2025-08-19T00:30+10:00,general,0.1262,0.0000
2025-08-19T01:00+10:00,general,0.1402,0.0000
2025-08-19T01:30+10:00,general,0.1580,0.0000
2025-08-19T02:00+10:00,general,0.1374,0.0000
2025-08-19T02:30+10:00,general,0.1397,0.0000
2025-08-19T03:00+10:00,general,0.1680,0.0000
2025-08-19T03:30+10:00,general,0.1429,0.0000
2025-08-19T04:00+10:00,general,0.1691,0.0000
2025-08-19T04:30+10:00,general,0.1414,0.0000
2025-08-19T05:00+10:00,general,0.1554,0.0000
2025-08-19T05:30+10:00,general,0.1959,0.0000
2025-08-19T06:00+10:00,general,0.2414,0.0000
2025-08-19T06:30+10:00,general,0.2210,0.0000
2025-08-19T07:00+10:00,general,0.1685,0.0000
2025-08-19T07:30+10:00,general,0.0879,0.0000
2025-08-19T08:00+10:00,general,0.0000,0.0319
2025-08-19T08:30+10:00,general,0.0000,0.1897
2025-08-19T09:00+10:00,general,0.0000,0.2754
2025-08-19T09:30+10:00,general,0.0000,0.3960
2025-08-19T10:00+10:00,general,0.0000,0.4949
2025-08-19T10:30+10:00,general,0.0000,0.5688
2025-08-19T11:00+10:00,general,0.0000,0.6447
2025-08-19T11:30+10:00,general,0.0000,0.6718
2025-08-19T12:00+10:00,general,0.0000,0.7029
2025-08-19T12:30+10:00,general,0.0000,0.6748
2025-08-19T13:00+10:00,general,0.0000,0.6670
2025-08-19T13:30+10:00,general,0.0000,0.6371
2025-08-19T14:00+10:00,general,0.0000,0.6317
2025-08-19T14:30+10:00,general,0.0000,0.5459
2025-08-19T15:00+10:00,general,0.0000,0.4401
2025-08-19T15:30+10:00,general,0.0000,0.3323
2025-08-19T16:00+10:00,general,0.0000,0.1996
2025-08-19T16:30+10:00,general,0.0000,0.0639
2025-08-19T17:00+10:00,general,0.1270,0.0000
2025-08-19T17:30+10:00,general,0.3488,0.0000
2025-08-19T18:00+10:00,general,0.4328,0.0000
2025-08-19T18:30+10:00,general,0.6244,0.0000
2025-08-19T19:00+10:00,general,0.6440,0.0000
2025-08-19T19:30+10:00,general,0.7113,0.0000
2025-08-19T20:00+10:00,general,0.6808,0.0000
2025-08-19T20:30+10:00,general,0.6300,0.0000
2025-08-19T21:00+10:00,general,0.6144,0.0000
2025-08-19T21:30+10:00,general,0.4643,0.0000
2025-08-19T22:00+10:00,general,0.4165,0.0000
2025-08-19T22:30+10:00,general,0.3609,0.0000
2025-08-19T23:00+10:00,general,0.2725,0.0000
2025-08-19T23:30+10:00,general,0.2447,0.0000
2025-08-20T00:00+10:00,general,0.2172,0.0000
2025-08-20T00:30+10:00,general,0.1686,0.0000
2025-08-20T01:00+10:00,general,0.1625,0.0000
2025-08-20T01:30+10:00,general,0.1390,0.0000
2025-08-20T02:00+10:00,general,0.1380,0.0000
2025-08-20T02:30+10:00,general,0.1606,0.0000
2025-08-20T03:00+10:00,general,0.1434,0.0000
2025-08-20T03:30+10:00,general,0.1528,0.0000
2025-08-20T04:00+10:00,general,0.1353,0.0000
2025-08-20T04:30+10:00,general,0.1469,0.0000
2025-08-20T05:00+10:00,general,0.1593,0.0000
2025-08-20T05:30+10:00,general,0.1945,0.0000
2025-08-20T06:00+10:00,general,0.2051,0.0000
2025-08-20T06:30+10:00,general,0.2081,0.0000
2025-08-20T07:00+10:00,general,0.1212,0.0000
2025-08-20T07:30+10:00,general,0.0724,0.0000
2025-08-20T08:00+10:00,general,0.0000,0.0280
2025-08-20T08:30+10:00,general,0.0000,0.1686
2025-08-20T09:00+10:00,general,0.0000,0.3295
2025-08-20T09:30+10:00,general,0.0000,0.4277
2025-08-20T10:00+10:00,general,0.0000,0.4883
2025-08-20T10:30+10:00,general,0.0000,0.5711
2025-08-20T11:00+10:00,general,0.0000,0.6475
2025-08-20T11:30+10:00,general,0.0000,0.6575
2025-08-20T12:00+10:00,general,0.0000,0.7032
2025-08-20T12:30+10:00,general,0.0000,0.7029
2025-08-20T13:00+10:00,general,0.0000,0.7010
2025-08-20T13:30+10:00,general,0.0000,0.6787
2025-08-20T14:00+10:00,general,0.0000,0.6154
2025-08-20T14:30+10:00,general,0.0000,0.5540
2025-08-20T15:00+10:00,general,0.0000,0.4681
2025-08-20T15:30+10:00,general,0.0000,0.3284
2025-08-20T16:00+10:00,general,0.0000,0.2627
2025-08-20T16:30+10:00,general,0.0000,0.1178
2025-08-20T17:00+10:00,general,0.1007,0.0000
2025-08-20T17:30+10:00,general,0.2709,0.0000
2025-08-20T18:00+10:00,general,0.4777,0.0000
2025-08-20T18:30+10:00,general,0.7115,0.0000
2025-08-20T19:00+10:00,general,0.6994,0.0000
2025-08-20T19:30+10:00,general,0.6157,0.0000
2025-08-20T20:00+10:00,general,0.6253,0.0000
2025-08-20T20:30+10:00,general,0.7090,0.0000
2025-08-20T21:00+10:00,general,0.5960,0.0000
2025-08-20T21:30+10:00,general,0.4970,0.0000
2025-08-20T22:00+10:00,general,0.4408,0.0000
2025-08-20T22:30+10:00,general,0.3147,0.0000
2025-08-20T23:00+10:00,general,0.3014,0.0000
2025-08-20T23:30+10:00,general,0.2443,0.0000
2025-08-21T00:00+10:00,general,0.2074,0.0000
2025-08-21T00:30+10:00,general,0.1585,0.0000
2025-08-21T01:00+10:00,general,0.1545,0.0000
2025-08-21T01:30+10:00,general,0.1451,0.0000
2025-08-21T02:00+10:00,general,0.1561,0.0000
2025-08-21T02:30+10:00,general,0.1469,0.0000
2025-08-21T03:00+10:00,general,0.1431,0.0000
2025-08-21T03:30+10:00,general,0.1307,0.0000
2025-08-21T04:00+10:00,general,0.1542,0.0000
2025-08-21T04:30+10:00,general,0.1765,0.0000
2025-08-21T05:00+10:00,general,0.1935,0.0000
2025-08-21T05:30+10:00,general,0.2164,0.0000
2025-08-21T06:00+10:00,general,0.1972,0.0000
2025-08-21T06:30+10:00,general,0.2402,0.0000
2025-08-21T07:00+10:00,general,0.1870,0.0000
2025-08-21T07:30+10:00,general,0.0173,0.0000
2025-08-21T08:00+10:00,general,0.0000,0.0476
2025-08-21T08:30+10:00,general,0.0000,0.1725
2025-08-21T09:00+10:00,general,0.0000,0.3158
2025-08-21T09:30+10:00,general,0.0000,0.4180
2025-08-21T10:00+10:00,general,0.0000,0.5260
2025-08-21T10:30+10:00,general,0.0000,0.5734
2025-08-21T11:00+10:00,general,0.0000,0.6187
2025-08-21T11:30+10:00,general,0.0000,0.6765
2025-08-21T12:00+10:00,general,0.0000,0.6811
2025-08-21T12:30+10:00,general,0.0000,0.6851
2025-08-21T13:00+10:00,general,0.0000,0.6832
2025-08-21T13:30+10:00,general,0.0000,0.6828
2025-08-21T14:00+10:00,general,0.0000,0.6280
2025-08-21T14:30+10:00,general,0.0000,0.5764
2025-08-21T15:00+10:00,general,0.0000,0.4911
2025-08-21T15:30+10:00,general,0.0000,0.3268
2025-08-21T16:00+10:00,general,0.0000,0.2636
2025-08-21T16:30+10:00,general,0.0000,0.0682
2025-08-21T17:00+10:00,general,0.0884,0.0000
2025-08-21T17:30+10:00,general,0.2333,0.0000
2025-08-21T18:00+10:00,general,0.4597,0.0000
2025-08-21T18:30+10:00,general,0.5901,0.0000
2025-08-21T19:00+10:00,general,0.7049,0.0000
2025-08-21T19:30+10:00,general,0.7205,0.0000
2025-08-21T20:00+10:00,general,0.6546,0.0000
2025-08-21T20:30+10:00,general,0.5500,0.0000
2025-08-21T21:00+10:00,general,0.4959,0.0000
2025-08-21T21:30+10:00,general,0.4663,0.0000
2025-08-21T22:00+10:00,general,0.4284,0.0000
2025-08-21T22:30+10:00,general,0.3617,0.0000
2025-08-21T23:00+10:00,general,0.2974,0.0000
2025-08-21T23:30+10:00,general,0.2321,0.0000
2025-08-22T00:00+10:00,general,0.2090,0.0000
2025-08-22T00:30+10:00,general,0.1280,0.0000
2025-08-22T01:00+10:00,general,0.1507,0.0000
2025-08-22T01:30+10:00,general,0.1652,0.0000
2025-08-22T02:00+10:00,general,0.1371,0.0000
2025-08-22T02:30+10:00,general,0.1651,0.0000
2025-08-22T03:00+10:00,general,0.1440,0.0000
2025-08-22T03:30+10:00,general,0.1369,0.0000
2025-08-22T04:00+10:00,general,0.1453,0.0000
2025-08-22T04:30+10:00,general,0.1383,0.0000
2025-08-22T05:00+10:00,general,0.1719,0.0000
2025-08-22T05:30+10:00,general,0.1946,0.0000
2025-08-22T06:00+10:00,general,0.2360,0.0000
2025-08-22T06:30+10:00,general,0.2223,0.0000
2025-08-22T07:00+10:00,general,0.1738,0.0000
2025-08-22T07:30+10:00,general,0.0798,0.0000
2025-08-22T08:00+10:00,general,0.0000,0.0440
2025-08-22T08:30+10:00,general,0.0000,0.1655
2025-08-22T09:00+10:00,general,0.0000,0.2768
2025-08-22T09:30+10:00,general,0.0000,0.3826
2025-08-22T10:00+10:00,general,0.0000,0.5120
2025-08-22T10:30+10:00,general,0.0000,0.5561
2025-08-22T11:00+10:00,general,0.0000,0.6277
2025-08-22T11:30+10:00,general,0.0000,0.6854
2025-08-22T12:00+10:00,general,0.0000,0.6748
2025-08-22T12:30+10:00,general,0.0000,0.6820
2025-08-22T13:00+10:00,general,0.0000,0.7111
2025-08-22T13:30+10:00,general,0.0000,0.6709
2025-08-22T14:00+10:00,general,0.0000,0.6057
2025-08-22T14:30+10:00,general,0.0000,0.5726
2025-08-22T15:00+10:00,general,0.0000,0.4964
2025-08-22T15:30+10:00,general,0.0000,0.3403
2025-08-22T16:00+10:00,general,0.0000,0.2061
2025-08-22T16:30+10:00,general,0.0000,0.0288
2025-08-22T17:00+10:00,general,0.1308,0.0000
2025-08-22T17:30+10:00,general,0.3278,0.0000
2025-08-22T18:00+10:00,general,0.4282,0.0000
2025-08-22T18:30+10:00,general,0.6750,0.0000
2025-08-22T19:00+10:00,general,0.5932,0.0000
2025-08-22T19:30+10:00,general,0.7574,0.0000
2025-08-22T20:00+10:00,general,0.7186,0.0000
2025-08-22T20:30+10:00,general,0.6974,0.0000
2025-08-22T21:00+10:00,general,0.5618,0.0000
2025-08-22T21:30+10:00,general,0.4334,0.0000
2025-08-22T22:00+10:00,general,0.4608,0.0000
2025-08-22T22:30+10:00,general,0.3861,0.0000
2025-08-22T23:00+10:00,general,0.2861,0.0000
2025-08-22T23:30+10:00,general,0.2256,0.0000
2025-08-23T00:00+10:00,general,0.1861,0.0000
2025-08-23T00:30+10:00,general,0.1444,0.0000
2025-08-23T01:00+10:00,general,0.1338,0.0000
2025-08-23T01:30+10:00,general,0.1582,0.0000
2025-08-23T02:00+10:00,general,0.1339,0.0000
2025-08-23T02:30+10:00,general,0.1551,0.0000
2025-08-23T03:00+10:00,general,0.1408,0.0000
2025-08-23T03:30+10:00,general,0.1394,0.0000
2025-08-23T04:00+10:00,general,0.1687,0.0000
2025-08-23T04:30+10:00,general,0.1680,0.0000
2025-08-23T05:00+10:00,general,0.1682,0.0000
2025-08-23T05:30+10:00,general,0.1675,0.0000
2025-08-23T06:00+10:00,general,0.2071,0.0000
2025-08-23T06:30+10:00,general,0.2149,0.0000
2025-08-23T07:00+10:00,general,0.1492,0.0000
2025-08-23T07:30+10:00,general,0.0141,0.0000
2025-08-23T08:00+10:00,general,0.0000,0.0563
2025-08-23T08:30+10:00,general,0.0000,0.1927
2025-08-23T09:00+10:00,general,0.0000,0.3122
2025-08-23T09:30+10:00,general,0.0000,0.4307
2025-08-23T10:00+10:00,general,0.0000,0.5004
2025-08-23T10:30+10:00,general,0.0000,0.5609
2025-08-23T11:00+10:00,general,0.0000,0.6561
2025-08-23T11:30+10:00,general,0.0000,0.6789
2025-08-23T12:00+10:00,general,0.0000,0.7019
2025-08-23T12:30+10:00,general,0.0000,0.6968
2025-08-23T13:00+10:00,general,0.0000,0.7164
2025-08-23T13:30+10:00,general,0.0000,0.6461
2025-08-23T14:00+10:00,general,0.0000,0.6278
2025-08-23T14:30+10:00,general,0.0000,0.5487
2025-08-23T15:00+10:00,general,0.0000,0.4827
2025-08-23T15:30+10:00,general,0.0000,0.3756
2025-08-23T16:00+10:00,general,0.0000,0.2038
2025-08-23T16:30+10:00,general,0.0000,0.1194
2025-08-23T17:00+10:00,general,0.0731,0.0000
2025-08-23T17:30+10:00,general,0.2369,0.0000
2025-08-23T18:00+10:00,general,0.3943,0.0000
2025-08-23T18:30+10:00,general,0.5467,0.0000
2025-08-23T19:00+10:00,general,0.6873,0.0000
2025-08-23T19:30+10:00,general,0.7353,0.0000
2025-08-23T20:00+10:00,general,0.6216,0.0000
2025-08-23T20:30+10:00,general,0.6377,0.0000
2025-08-23T21:00+10:00,general,0.6521,0.0000
2025-08-23T21:30+10:00,general,0.5187,0.0000
2025-08-23T22:00+10:00,general,0.4270,0.0000
2025-08-23T22:30+10:00,general,0.4007,0.0000
2025-08-23T23:00+10:00,general,0.3123,0.0000
2025-08-23T23:30+10:00,general,0.2244,0.0000
2025-08-24T00:00+10:00,general,0.2222,0.0000
2025-08-24T00:30+10:00,general,0.1399,0.0000
2025-08-24T01:00+10:00,general,0.1450,0.0000
2025-08-24T01:30+10:00,general,0.1503,0.0000
2025-08-24T02:00+10:00,general,0.1690,0.0000
2025-08-24T02:30+10:00,general,0.1696,0.0000
2025-08-24T03:00+10:00,general,0.1593,0.0000
2025-08-24T03:30+10:00,general,0.1643,0.0000
2025-08-24T04:00+10:00,general,0.1550,0.0000
2025-08-24T04:30+10:00,general,0.1489,0.0000
2025-08-24T05:00+10:00,general,0.1765,0.0000
2025-08-24T05:30+10:00,general,0.1709,0.0000
2025-08-24T06:00+10:00,general,0.2149,0.0000
2025-08-24T06:30+10:00,general,0.2153,0.0000
2025-08-24T07:00+10:00,general,0.1572,0.0000
2025-08-24T07:30+10:00,general,0.0397,0.0000
2025-08-24T08:00+10:00,general,0.0000,0.0399
2025-08-24T08:30+10:00,general,0.0000,0.1641
2025-08-24T09:00+10:00,general,0.0000,0.2964
2025-08-24T09:30+10:00,general,0.0000,0.3979
2025-08-24T10:00+10:00,general,0.0000,0.5009
2025-08-24T10:30+10:00,general,0.0000,0.5918
2025-08-24T11:00+10:00,general,0.0000,0.6319
2025-08-24T11:30+10:00,general,0.0000,0.6717
2025-08-24T12:00+10:00,general,0.0000,0.6883
2025-08-24T12:30+10:00,general,0.0000,0.7188
2025-08-24T13:00+10:00,general,0.0000,0.6803
2025-08-24T13:30+10:00,general,0.0000,0.6800
2025-08-24T14:00+10:00,general,0.0000,0.6100
2025-08-24T14:30+10:00,general,0.0000,0.5525
2025-08-24T15:00+10:00,general,0.0000,0.4797
2025-08-24T15:30+10:00,general,0.0000,0.4037
2025-08-24T16:00+10:00,general,0.0000,0.2607
2025-08-24T16:30+10:00,general,0.0000,0.1297
2025-08-24T17:00+10:00,general,0.1247,0.0000
2025-08-24T17:30+10:00,general,0.2462,0.0000
2025-08-24T18:00+10:00,general,0.4382,0.0000
2025-08-24T18:30+10:00,general,0.6167,0.0000
2025-08-24T19:00+10:00,general,0.7630,0.0000
2025-08-24T19:30+10:00,general,0.5997,0.0000
2025-08-24T20:00+10:00,general,0.7096,0.0000
2025-08-24T20:30+10:00,general,0.5561,0.0000
2025-08-24T21:00+10:00,general,0.6339,0.0000
2025-08-24T21:30+10:00,general,0.5452,0.0000
2025-08-24T22:00+10:00,general,0.3924,0.0000
2025-08-24T22:30+10:00,general,0.3733,0.0000
2025-08-24T23:00+10:00,general,0.2976,0.0000
2025-08-24T23:30+10:00,general,0.2552,0.0000
2025-08-25T00:00+10:00,general,0.1990,0.0000
2025-08-25T00:30+10:00,general,0.1423,0.0000
2025-08-25T01:00+10:00,general,0.1655,0.0000
2025-08-25T01:30+10:00,general,0.1691,0.0000
2025-08-25T02:00+10:00,general,0.1563,0.0000
2025-08-25T02:30+10:00,general,0.1369,0.0000
2025-08-25T03:00+10:00,general,0.1578,0.0000
2025-08-25T03:30+10:00,general,0.1447,0.0000
2025-08-25T04:00+10:00,general,0.1436,0.0000
2025-08-25T04:30+10:00,general,0.1511,0.0000
2025-08-25T05:00+10:00,general,0.1849,0.0000
2025-08-25T05:30+10:00,general,0.1718,0.0000
2025-08-25T06:00+10:00,general,0.1884,0.0000
2025-08-25T06:30+10:00,general,0.2432,0.0000
2025-08-25T07:00+10:00,general,0.1135,0.0000
2025-08-25T07:30+10:00,general,0.0434,0.0000
2025-08-25T08:00+10:00,general,0.0000,0.0713
2025-08-25T08:30+10:00,general,0.0000,0.2263
2025-08-25T09:00+10:00,general,0.0000,0.3264
2025-08-25T09:30+10:00,general,0.0000,0.3955
2025-08-25T10:00+10:00,general,0.0000,0.5251
2025-08-25T10:30+10:00,general,0.0000,0.5998
2025-08-25T11:00+10:00,general,0.0000,0.6237
2025-08-25T11:30+10:00,general,0.0000,0.6872
2025-08-25T12:00+10:00,general,0.0000,0.7299
2025-08-25T12:30+10:00,general,0.0000,0.7232
2025-08-25T13:00+10:00,general,0.0000,0.6914
2025-08-25T13:30+10:00,general,0.0000,0.6582
2025-08-25T14:00+10:00,general,0.0000,0.6507
2025-08-25T14:30+10:00,general,0.0000,0.5578
2025-08-25T15:00+10:00,general,0.0000,0.5062
2025-08-25T15:30+10:00,general,0.0000,0.4000
2025-08-25T16:00+10:00,general,0.0000,0.2585
2025-08-25T16:30+10:00,general,0.0000,0.1028
2025-08-25T17:00+10:00,general,0.0873,0.0000
2025-08-25T17:30+10:00,general,0.3127,0.0000
2025-08-25T18:00+10:00,general,0.5235,0.0000
2025-08-25T18:30+10:00,general,0.6365,0.0000
2025-08-25T19:00+10:00,general,0.6107,0.0000
2025-08-25T19:30+10:00,general,0.7861,0.0000
2025-08-25T20:00+10:00,general,0.5865,0.0000
2025-08-25T20:30+10:00,general,0.7217,0.0000
2025-08-25T21:00+10:00,general,0.5518,0.0000
2025-08-25T21:30+10:00,general,0.5594,0.0000
2025-08-25T22:00+10:00,general,0.4558,0.0000
2025-08-25T22:30+10:00,general,0.3597,0.0000
2025-08-25T23:00+10:00,general,0.2460,0.0000
2025-08-25T23:30+10:00,general,0.2273,0.0000
2025-08-26T00:00+10:00,general,0.1750,0.0000
2025-08-26T00:30+10:00,general,0.1396,0.0000
2025-08-26T01:00+10:00,general,0.1604,0.0000
2025-08-26T01:30+10:00,general,0.1404,0.0000
2025-08-26T02:00+10:00,general,0.1470,0.0000
2025-08-26T02:30+10:00,general,0.1553,0.0000
2025-08-26T03:00+10:00,general,0.1576,0.0000
2025-08-26T03:30+10:00,general,0.1693,0.0000
2025-08-26T04:00+10:00,general,0.1337,0.0000
2025-08-26T04:30+10:00,general,0.1648,0.0000
2025-08-26T05:00+10:00,general,0.1947,0.0000
2025-08-26T05:30+10:00,general,0.1848,0.0000
2025-08-26T06:00+10:00,general,0.1905,0.0000
2025-08-26T06:30+10:00,general,0.2428,0.0000
2025-08-26T07:00+10:00,general,0.1453,0.0000
2025-08-26T07:30+10:00,general,0.0424,0.0000
2025-08-26T08:00+10:00,general,0.0000,0.0943
2025-08-26T08:30+10:00,general,0.0000,0.2247
2025-08-26T09:00+10:00,general,0.0000,0.2943
2025-08-26T09:30+10:00,general,0.0000,0.4269
2025-08-26T10:00+10:00,general,0.0000,0.5290
2025-08-26T10:30+10:00,general,0.0000,0.6027
2025-08-26T11:00+10:00,general,0.0000,0.6675
2025-08-26T11:30+10:00,general,0.0000,0.6769
2025-08-26T12:00+10:00,general,0.0000,0.7194
2025-08-26T12:30+10:00,general,0.0000,0.7325
2025-08-26T13:00+10:00,general,0.0000,0.6949
2025-08-26T13:30+10:00,general,0.0000,0.6700
2025-08-26T14:00+10:00,general,0.0000,0.6580
2025-08-26T14:30+10:00,general,0.0000,0.5473
2025-08-26T15:00+10:00,general,0.0000,0.4925
2025-08-26T15:30+10:00,general,0.0000,0.4062
2025-08-26T16:00+10:00,general,0.0000,0.2658
2025-08-26T16:30+10:00,general,0.0000,0.0549
2025-08-26T17:00+10:00,general,0.0789,0.0000
2025-08-26T17:30+10:00,general,0.3428,0.0000
2025-08-26T18:00+10:00,general,0.4466,0.0000
2025-08-26T18:30+10:00,general,0.6845,0.0000
2025-08-26T19:00+10:00,general,0.7771,0.0000
2025-08-26T19:30+10:00,general,0.7887,0.0000
2025-08-26T20:00+10:00,general,0.6996,0.0000
2025-08-26T20:30+10:00,general,0.6463,0.0000
2025-08-26T21:00+10:00,general,0.5078,0.0000
2025-08-26T21:30+10:00,general,0.5532,0.0000
2025-08-26T22:00+10:00,general,0.4731,0.0000
2025-08-26T22:30+10:00,general,0.3048,0.0000
2025-08-26T23:00+10:00,general,0.2840,0.0000
2025-08-26T23:30+10:00,general,0.2752,0.0000
2025-08-27T00:00+10:00,general,0.2236,0.0000
2025-08-27T00:30+10:00,general,0.1525,0.0000
2025-08-27T01:00+10:00,general,0.1662,0.0000
2025-08-27T01:30+10:00,general,0.1595,0.0000
2025-08-27T02:00+10:00,general,0.1467,0.0000
2025-08-27T02:30+10:00,general,0.1305,0.0000
2025-08-27T03:00+10:00,general,0.1263,0.0000
2025-08-27T03:30+10:00,general,0.1549,0.0000
2025-08-27T04:00+10:00,general,0.1610,0.0000
2025-08-27T04:30+10:00,general,0.1552,0.0000
2025-08-27T05:00+10:00,general,0.1573,0.0000
2025-08-27T05:30+10:00,general,0.2061,0.0000
2025-08-27T06:00+10:00,general,0.2133,0.0000
2025-08-27T06:30+10:00,general,0.2201,0.0000
2025-08-27T07:00+10:00,general,0.1636,0.0000
2025-08-27T07:30+10:00,general,0.0458,0.0000
2025-08-27T08:00+10:00,general,0.0000,0.0601
2025-08-27T08:30+10:00,general,0.0000,0.1748
2025-08-27T09:00+10:00,general,0.0000,0.3355
2025-08-27T09:30+10:00,general,0.0000,0.4318
2025-08-27T10:00+10:00,general,0.0000,0.5226
2025-08-27T10:30+10:00,general,0.0000,0.6040
2025-08-27T11:00+10:00,general,0.0000,0.6681
2025-08-27T11:30+10:00,general,0.0000,0.7070
2025-08-27T12:00+10:00,general,0.0000,0.7184
2025-08-27T12:30+10:00,general,0.0000,0.7220
2025-08-27T13:00+10:00,general,0.0000,0.6947
2025-08-27T13:30+10:00,general,0.0000,0.6798
2025-08-27T14:00+10:00,general,0.0000,0.6221
2025-08-27T14:30+10:00,general,0.0000,0.5522
2025-08-27T15:00+10:00,general,0.0000,0.4868
2025-08-27T15:30+10:00,general,0.0000,0.3637
2025-08-27T16:00+10:00,general,0.0000,0.2713
2025-08-27T16:30+10:00,general,0.0000,0.1304
2025-08-27T17:00+10:00,general,0.0569,0.0000
2025-08-27T17:30+10:00,general,0.2616,0.0000
2025-08-27T18:00+10:00,general,0.4655,0.0000
2025-08-27T18:30+10:00,general,0.7252,0.0000
2025-08-27T19:00+10:00,general,0.5896,0.0000
2025-08-27T19:30+10:00,general,0.6473,0.0000
2025-08-27T20:00+10:00,general,0.6303,0.0000
2025-08-27T20:30+10:00,general,0.6683,0.0000
2025-08-27T21:00+10:00,general,0.6350,0.0000
2025-08-27T21:30+10:00,general,0.5570,0.0000
2025-08-27T22:00+10:00,general,0.3888,0.0000
2025-08-27T22:30+10:00,general,0.3515,0.0000
2025-08-27T23:00+10:00,general,0.3160,0.0000
2025-08-27T23:30+10:00,general,0.2380,0.0000
2025-08-28T00:00+10:00,general,0.2204,0.0000
2025-08-28T00:30+10:00,general,0.1648,0.0000
2025-08-28T01:00+10:00,general,0.1527,0.0000
2025-08-28T01:30+10:00,general,0.1549,0.0000
2025-08-28T02:00+10:00,general,0.1291,0.0000
2025-08-28T02:30+10:00,general,0.1507,0.0000
2025-08-28T03:00+10:00,general,0.1502,0.0000
2025-08-28T03:30+10:00,general,0.1287,0.0000
2025-08-28T04:00+10:00,general,0.1632,0.0000
2025-08-28T04:30+10:00,general,0.1597,0.0000
2025-08-28T05:00+10:00,general,0.1619,0.0000
2025-08-28T05:30+10:00,general,0.1863,0.0000
2025-08-28T06:00+10:00,general,0.1953,0.0000
2025-08-28T06:30+10:00,general,0.2698,0.0000
2025-08-28T07:00+10:00,general,0.1347,0.0000
2025-08-28T07:30+10:00,general,0.0014,0.0000
2025-08-28T08:00+10:00,general,0.0000,0.0879
2025-08-28T08:30+10:00,general,0.0000,0.1967
2025-08-28T09:00+10:00,general,0.0000,0.2932
2025-08-28T09:30+10:00,general,0.0000,0.4153
2025-08-28T10:00+10:00,general,0.0000,0.5120
2025-08-28T10:30+10:00,general,0.0000,0.5829
2025-08-28T11:00+10:00,general,0.0000,0.6650
2025-08-28T11:30+10:00,general,0.0000,0.7132
2025-08-28T12:00+10:00,general,0.0000,0.7076
2025-08-28T12:30+10:00,general,0.0000,0.7284
2025-08-28T13:00+10:00,general,0.0000,0.6980
2025-08-28T13:30+10:00,general,0.0000,0.6897
2025-08-28T14:00+10:00,general,0.0000,0.6289
2025-08-28T14:30+10:00,general,0.0000,0.5966
2025-08-28T15:00+10:00,general,0.0000,0.4789
2025-08-28T15:30+10:00,general,0.0000,0.3730
2025-08-28T16:00+10:00,general,0.0000,0.2393
2025-08-28T16:30+10:00,general,0.0000,0.0677
2025-08-28T17:00+10:00,general,0.0390,0.0000
2025-08-28T17:30+10:00,general,0.2374,0.0000
2025-08-28T18:00+10:00,general,0.4926,0.0000
2025-08-28T18:30+10:00,general,0.6260,0.0000
2025-08-28T19:00+10:00,general,0.7351,0.0000
2025-08-28T19:30+10:00,general,0.7872,0.0000
2025-08-28T20:00+10:00,general,0.7112,0.0000
2025-08-28T20:30+10:00,general,0.7224,0.0000
2025-08-28T21:00+10:00,general,0.5245,0.0000
2025-08-28T21:30+10:00,general,0.4379,0.0000
2025-08-28T22:00+10:00,general,0.4753,0.0000
2025-08-28T22:30+10:00,general,0.3890,0.0000
2025-08-28T23:00+10:00,general,0.2743,0.0000
2025-08-28T23:30+10:00,general,0.2538,0.0000
2025-08-29T00:00+10:00,general,0.1809,0.0000
2025-08-29T00:30+10:00,general,0.1447,0.0000
2025-08-29T01:00+10:00,general,0.1561,0.0000
2025-08-29T01:30+10:00,general,0.1418,0.0000
2025-08-29T02:00+10:00,general,0.1266,0.0000
2025-08-29T02:30+10:00,general,0.1453,0.0000
2025-08-29T03:00+10:00,general,0.1301,0.0000
2025-08-29T03:30+10:00,general,0.1457,0.0000
2025-08-29T04:00+10:00,general,0.1674,0.0000
2025-08-29T04:30+10:00,general,0.1523,0.0000
2025-08-29T05:00+10:00,general,0.1621,0.0000
2025-08-29T05:30+10:00,general,0.1708,0.0000
2025-08-29T06:00+10:00,general,0.2363,0.0000
2025-08-29T06:30+10:00,general,0.2179,0.0000
2025-08-29T07:00+10:00,general,0.1586,0.0000
2025-08-29T07:30+10:00,general,0.0724,0.0000
2025-08-29T08:00+10:00,general,0.0000,0.0879
2025-08-29T08:30+10:00,general,0.0000,0.2341
2025-08-29T09:00+10:00,general,0.0000,0.3009
2025-08-29T09:30+10:00,general,0.0000,0.4039
2025-08-29T10:00+10:00,general,0.0000,0.5405
2025-08-29T10:30+10:00,general,0.0000,0.5956
2025-08-29T11:00+10:00,general,0.0000,0.6824
2025-08-29T11:30+10:00,general,0.0000,0.7154
2025-08-29T12:00+10:00,general,0.0000,0.7390
2025-08-29T12:30+10:00,general,0.0000,0.7288
2025-08-29T13:00+10:00,general,0.0000,0.7399
2025-08-29T13:30+10:00,general,0.0000,0.6920
2025-08-29T14:00+10:00,general,0.0000,0.6368
2025-08-29T14:30+10:00,general,0.0000,0.6022
2025-08-29T15:00+10:00,general,0.0000,0.5080
2025-08-29T15:30+10:00,general,0.0000,0.3840
2025-08-29T16:00+10:00,general,0.0000,0.2343
2025-08-29T16:30+10:00,general,0.0000,0.0413
2025-08-29T17:00+10:00,general,0.1063,0.0000
2025-08-29T17:30+10:00,general,0.2723,0.0000
2025-08-29T18:00+10:00,general,0.4109,0.0000
2025-08-29T18:30+10:00,general,0.5455,0.0000
2025-08-29T19:00+10:00,general,0.6800,0.0000
2025-08-29T19:30+10:00,general,0.6495,0.0000
2025-08-29T20:00+10:00,general,0.6090,0.0000
2025-08-29T20:30+10:00,general,0.5542,0.0000
2025-08-29T21:00+10:00,general,0.5210,0.0000
2025-08-29T21:30+10:00,general,0.4705,0.0000
2025-08-29T22:00+10:00,general,0.3639,0.0000
2025-08-29T22:30+10:00,general,0.3831,0.0000
2025-08-29T23:00+10:00,general,0.2664,0.0000
2025-08-29T23:30+10:00,general,0.2336,0.0000
2025-08-30T00:00+10:00,general,0.2294,0.0000
2025-08-30T00:30+10:00,general,0.1398,0.0000
2025-08-30T01:00+10:00,general,0.1437,0.0000
2025-08-30T01:30+10:00,general,0.1695,0.0000
2025-08-30T02:00+10:00,general,0.1570,0.0000
2025-08-30T02:30+10:00,general,0.1495,0.0000
2025-08-30T03:00+10:00,general,0.1529,0.0000
2025-08-30T03:30+10:00,general,0.1590,0.0000
2025-08-30T04:00+10:00,general,0.1528,0.0000
2025-08-30T04:30+10:00,general,0.1549,0.0000
2025-08-30T05:00+10:00,general,0.1667,0.0000
2025-08-30T05:30+10:00,general,0.2191,0.0000
2025-08-30T06:00+10:00,general,0.1884,0.0000
2025-08-30T06:30+10:00,general,0.2151,0.0000
2025-08-30T07:00+10:00,general,0.1444,0.0000
2025-08-30T07:30+10:00,general,0.0704,0.0000
2025-08-30T08:00+10:00,general,0.0000,0.1075
2025-08-30T08:30+10:00,general,0.0000,0.2384
2025-08-30T09:00+10:00,general,0.0000,0.3248
2025-08-30T09:30+10:00,general,0.0000,0.4079
2025-08-30T10:00+10:00,general,0.0000,0.5146
2025-08-30T10:30+10:00,general,0.0000,0.6125
2025-08-30T11:00+10:00,general,0.0000,0.6673
2025-08-30T11:30+10:00,general,0.0000,0.7022
2025-08-30T12:00+10:00,general,0.0000,0.7221
2025-08-30T12:30+10:00,general,0.0000,0.7548
2025-08-30T13:00+10:00,general,0.0000,0.7336
2025-08-30T13:30+10:00,general,0.0000,0.7000
2025-08-30T14:00+10:00,general,0.0000,0.6760
2025-08-30T14:30+10:00,general,0.0000,0.5931
2025-08-30T15:00+10:00,general,0.0000,0.4984
2025-08-30T15:30+10:00,general,0.0000,0.3638
2025-08-30T16:00+10:00,general,0.0000,0.2768
2025-08-30T16:30+10:00,general,0.0000,0.1437
2025-08-30T17:00+10:00,general,0.0897,0.0000
2025-08-30T17:30+10:00,general,0.2745,0.0000
2025-08-30T18:00+10:00,general,0.4252,0.0000
2025-08-30T18:30+10:00,general,0.7289,0.0000
2025-08-30T19:00+10:00,general,0.6159,0.0000
2025-08-30T19:30+10:00,general,0.7448,0.0000
2025-08-30T20:00+10:00,general,0.6305,0.0000
2025-08-30T20:30+10:00,general,0.6132,0.0000
2025-08-30T21:00+10:00,general,0.5738,0.0000
2025-08-30T21:30+10:00,general,0.4591,0.0000
2025-08-30T22:00+10:00,general,0.4083,0.0000
2025-08-30T22:30+10:00,general,0.3502,0.0000
2025-08-30T23:00+10:00,general,0.3030,0.0000
2025-08-30T23:30+10:00,general,0.2054,0.0000
2025-08-31T00:00+10:00,general,0.1798,0.0000
2025-08-31T00:30+10:00,general,0.1435,0.0000
2025-08-31T01:00+10:00,general,0.1618,0.0000
2025-08-31T01:30+10:00,general,0.1417,0.0000
2025-08-31T02:00+10:00,general,0.1556,0.0000
2025-08-31T02:30+10:00,general,0.1266,0.0000
2025-08-31T03:00+10:00,general,0.1499,0.0000
2025-08-31T03:30+10:00,general,0.1509,0.0000
2025-08-31T04:00+10:00,general,0.1474,0.0000
2025-08-31T04:30+10:00,general,0.1588,0.0000
2025-08-31T05:00+10:00,general,0.1566,0.0000
2025-08-31T05:30+10:00,general,0.2069,0.0000
2025-08-31T06:00+10:00,general,0.2473,0.0000
2025-08-31T06:30+10:00,general,0.2752,0.0000
2025-08-31T07:00+10:00,general,0.1303,0.0000
2025-08-31T07:30+10:00,general,0.0492,0.0000
2025-08-31T08:00+10:00,general,0.0000,0.0769
2025-08-31T08:30+10:00,general,0.0000,0.1804
2025-08-31T09:00+10:00,general,0.0000,0.3471
2025-08-31T09:30+10:00,general,0.0000,0.4281
2025-08-31T10:00+10:00,general,0.0000,0.5222
2025-08-31T10:30+10:00,general,0.0000,0.6054
2025-08-31T11:00+10:00,general,0.0000,0.6898
2025-08-31T11:30+10:00,general,0.0000,0.6897
2025-08-31T12:00+10:00,general,0.0000,0.7320
2025-08-31T12:30+10:00,general,0.0000,0.7322
2025-08-31T13:00+10:00,general,0.0000,0.7490
2025-08-31T13:30+10:00,general,0.0000,0.7093
2025-08-31T14:00+10:00,general,0.0000,0.6439
2025-08-31T14:30+10:00,general,0.0000,0.6161
2025-08-31T15:00+10:00,general,0.0000,0.4771
2025-08-31T15:30+10:00,general,0.0000,0.4176
2025-08-31T16:00+10:00,general,0.0000,0.2680
2025-08-31T16:30+10:00,general,0.0000,0.1166
2025-08-31T17:00+10:00,general,0.0966,0.0000
2025-08-31T17:30+10:00,general,0.3125,0.0000
2025-08-31T18:00+10:00,general,0.4794,0.0000
2025-08-31T18:30+10:00,general,0.6341,0.0000
2025-08-31T19:00+10:00,general,0.6598,0.0000
2025-08-31T19:30+10:00,general,0.7301,0.0000
2025-08-31T20:00+10:00,general,0.6983,0.0000
2025-08-31T20:30+10:00,general,0.6356,0.0000
2025-08-31T21:00+10:00,general,0.5631,0.0000
2025-08-31T21:30+10:00,general,0.4347,0.0000
2025-08-31T22:00+10:00,general,0.3957,0.0000
2025-08-31T22:30+10:00,general,0.3948,0.0000
2025-08-31T23:00+10:00,general,0.2872,0.0000
2025-08-31T23:30+10:00,general,0.2267,0.0000
2025-09-01T00:00+10:00,general,0.2306,0.0000
2025-09-01T00:30+10:00,general,0.1313,0.0000
2025-09-01T01:00+10:00,general,0.1442,0.0000
2025-09-01T01:30+10:00,general,0.1633,0.0000
2025-09-01T02:00+10:00,general,0.1386,0.0000
2025-09-01T02:30+10:00,general,0.1643,0.0000
2025-09-01T03:00+10:00,general,0.1281,0.0000
2025-09-01T03:30+10:00,general,0.1691,0.0000
2025-09-01T04:00+10:00,general,0.1573,0.0000
2025-09-01T04:30+10:00,general,0.1506,0.0000
2025-09-01T05:00+10:00,general,0.1589,0.0000
2025-09-01T05:30+10:00,general,0.2059,0.0000
2025-09-01T06:00+10:00,general,0.1843,0.0000
2025-09-01T06:30+10:00,general,0.2178,0.0000
2025-09-01T07:00+10:00,general,0.1541,0.0000
2025-09-01T07:30+10:00,general,0.0359,0.0000
2025-09-01T08:00+10:00,general,0.0000,0.0522
2025-09-01T08:30+10:00,general,0.0000,0.2385
2025-09-01T09:00+10:00,general,0.0000,0.3171
2025-09-01T09:30+10:00,general,0.0000,0.4495
2025-09-01T10:00+10:00,general,0.0000,0.5573
2025-09-01T10:30+10:00,general,0.0000,0.6216
2025-09-01T11:00+10:00,general,0.0000,0.6815
2025-09-01T11:30+10:00,general,0.0000,0.7232
2025-09-01T12:00+10:00,general,0.0000,0.7359
2025-09-01T12:30+10:00,general,0.0000,0.7536
2025-09-01T13:00+10:00,general,0.0000,0.7263
2025-09-01T13:30+10:00,general,0.0000,0.7041
2025-09-01T14:00+10:00,general,0.0000,0.6620
2025-09-01T14:30+10:00,general,0.0000,0.5740
2025-09-01T15:00+10:00,general,0.0000,0.5184
2025-09-01T15:30+10:00,general,0.0000,0.4038
2025-09-01T16:00+10:00,general,0.0000,0.2795
2025-09-01T16:30+10:00,general,0.0000,0.0872
2025-09-01T17:00+10:00,general,0.0488,0.0000
2025-09-01T17:30+10:00,general,0.2879,0.0000
2025-09-01T18:00+10:00,general,0.5311,0.0000
2025-09-01T18:30+10:00,general,0.5439,0.0000
2025-09-01T19:00+10:00,general,0.6294,0.0000
2025-09-01T19:30+10:00,general,0.7518,0.0000
2025-09-01T20:00+10:00,general,0.6709,0.0000
2025-09-01T20:30+10:00,general,0.5536,0.0000
2025-09-01T21:00+10:00,general,0.5306,0.0000
2025-09-01T21:30+10:00,general,0.4403,0.0000
2025-09-01T22:00+10:00,general,0.3775,0.0000
2025-09-01T22:30+10:00,general,0.3019,0.0000
2025-09-01T23:00+10:00,general,0.2584,0.0000
2025-09-01T23:30+10:00,general,0.2361,0.0000
2025-09-02T00:00+10:00,general,0.2085,0.0000
2025-09-02T00:30+10:00,general,0.1316,0.0000
2025-09-02T01:00+10:00,general,0.1592,0.0000
2025-09-02T01:30+10:00,general,0.1489,0.0000
2025-09-02T02:00+10:00,general,0.1558,0.0000
2025-09-02T02:30+10:00,general,0.1681,0.0000
2025-09-02T03:00+10:00,general,0.1595,0.0000
2025-09-02T03:30+10:00,general,0.1502,0.0000
2025-09-02T04:00+10:00,general,0.1379,0.0000
2025-09-02T04:30+10:00,general,0.1533,0.0000
2025-09-02T05:00+10:00,general,0.1494,0.0000
2025-09-02T05:30+10:00,general,0.1715,0.0000
2025-09-02T06:00+10:00,general,0.2229,0.0000
2025-09-02T06:30+10:00,general,0.2560,0.0000
2025-09-02T07:00+10:00,general,0.1086,0.0000
2025-09-02T07:30+10:00,general,0.0520,0.0000
2025-09-02T08:00+10:00,general,0.0000,0.0946
2025-09-02T08:30+10:00,general,0.0000,0.2190
2025-09-02T09:00+10:00,general,0.0000,0.3266
2025-09-02T09:30+10:00,general,0.0000,0.4446
2025-09-02T10:00+10:00,general,0.0000,0.5477
2025-09-02T10:30+10:00,general,0.0000,0.6134
2025-09-02T11:00+10:00,general,0.0000,0.6742
2025-09-02T11:30+10:00,general,0.0000,0.7189
2025-09-02T12:00+10:00,general,0.0000,0.7492
2025-09-02T12:30+10:00,general,0.0000,0.7410
2025-09-02T13:00+10:00,general,0.0000,0.7587
2025-09-02T13:30+10:00,general,0.0000,0.7218
2025-09-02T14:00+10:00,general,0.0000,0.6560
2025-09-02T14:30+10:00,general,0.0000,0.6221
2025-09-02T15:00+10:00,general,0.0000,0.4908
2025-09-02T15:30+10:00,general,0.0000,0.3734
2025-09-02T16:00+10:00,general,0.0000,0.3021
2025-09-02T16:30+10:00,general,0.0000,0.0700
2025-09-02T17:00+10:00,general,0.0274,0.0000
2025-09-02T17:30+10:00,general,0.2497,0.0000
2025-09-02T18:00+10:00,general,0.4815,0.0000
2025-09-02T18:30+10:00,general,0.6850,0.0000
2025-09-02T19:00+10:00,general,0.7398,0.0000
2025-09-02T19:30+10:00,general,0.6544,0.0000
2025-09-02T20:00+10:00,general,0.6695,0.0000
2025-09-02T20:30+10:00,general,0.5938,0.0000
2025-09-02T21:00+10:00,general,0.5638,0.0000
2025-09-02T21:30+10:00,general,0.4801,0.0000
2025-09-02T22:00+10:00,general,0.3753,0.0000
2025-09-02T22:30+10:00,general,0.3147,0.0000
2025-09-02T23:00+10:00,general,0.3047,0.0000
2025-09-02T23:30+10:00,general,0.2274,0.0000
2025-09-03T00:00+10:00,general,0.2077,0.0000
2025-09-03T00:30+10:00,general,0.1630,0.0000
2025-09-03T01:00+10:00,general,0.1536,0.0000
2025-09-03T01:30+10:00,general,0.1367,0.0000
2025-09-03T02:00+10:00,general,0.1605,0.0000
2025-09-03T02:30+10:00,general,0.1582,0.0000
2025-09-03T03:00+10:00,general,0.1335,0.0000
2025-09-03T03:30+10:00,general,0.1481,0.0000
2025-09-03T04:00+10:00,general,0.1535,0.0000
2025-09-03T04:30+10:00,general,0.1747,0.0000
2025-09-03T05:00+10:00,general,0.1659,0.0000
2025-09-03T05:30+10:00,general,0.1858,0.0000
2025-09-03T06:00+10:00,general,0.2385,0.0000
2025-09-03T06:30+10:00,general,0.2258,0.0000
2025-09-03T07:00+10:00,general,0.1275,0.0000
2025-09-03T07:30+10:00,general,0.0680,0.0000
2025-09-03T08:00+10:00,general,0.0000,0.0569
2025-09-03T08:30+10:00,general,0.0000,0.1863
2025-09-03T09:00+10:00,general,0.0000,0.3058
2025-09-03T09:30+10:00,general,0.0000,0.4559
2025-09-03T10:00+10:00,general,0.0000,0.5374
2025-09-03T10:30+10:00,general,0.0000,0.6474
2025-09-03T11:00+10:00,general,0.0000,0.6655
2025-09-03T11:30+10:00,general,0.0000,0.7076
2025-09-03T12:00+10:00,general,0.0000,0.7514
2025-09-03T12:30+10:00,general,0.0000,0.7494
2025-09-03T13:00+10:00,general,0.0000,0.7518
2025-09-03T13:30+10:00,general,0.0000,0.7179
2025-09-03T14:00+10:00,general,0.0000,0.6881
2025-09-03T14:30+10:00,general,0.0000,0.5956
2025-09-03T15:00+10:00,general,0.0000,0.4968
2025-09-03T15:30+10:00,general,0.0000,0.4271
2025-09-03T16:00+10:00,general,0.0000,0.2602
2025-09-03T16:30+10:00,general,0.0000,0.1148
2025-09-03T17:00+10:00,general,0.0567,0.0000
2025-09-03T17:30+10:00,general,0.3203,0.0000
2025-09-03T18:00+10:00,general,0.4921,0.0000
2025-09-03T18:30+10:00,general,0.6593,0.0000
2025-09-03T19:00+10:00,general,0.6029,0.0000
2025-09-03T19:30+10:00,general,0.7873,0.0000
2025-09-03T20:00+10:00,general,0.7752,0.0000
2025-09-03T20:30+10:00,general,0.6631,0.0000
2025-09-03T21:00+10:00,general,0.6073,0.0000
2025-09-03T21:30+10:00,general,0.4784,0.0000
2025-09-03T22:00+10:00,general,0.4481,0.0000
2025-09-03T22:30+10:00,general,0.3907,0.0000
2025-09-03T23:00+10:00,general,0.2969,0.0000
2025-09-03T23:30+10:00,general,0.2675,0.0000
2025-09-04T00:00+10:00,general,0.2241,0.0000
2025-09-04T00:30+10:00,general,0.1674,0.0000
2025-09-04T01:00+10:00,general,0.1461,0.0000
2025-09-04T01:30+10:00,general,0.1638,0.0000
2025-09-04T02:00+10:00,general,0.1559,0.0000
2025-09-04T02:30+10:00,general,0.1561,0.0000
2025-09-04T03:00+10:00,general,0.1383,0.0000
2025-09-04T03:30+10:00,general,0.1291,0.0000
2025-09-04T04:00+10:00,general,0.1440,0.0000
2025-09-04T04:30+10:00,general,0.1519,0.0000
2025-09-04T05:00+10:00,general,0.1606,0.0000
2025-09-04T05:30+10:00,general,0.2111,0.0000
2025-09-04T06:00+10:00,general,0.2254,0.0000
2025-09-04T06:30+10:00,general,0.2567,0.0000
2025-09-04T07:00+10:00,general,0.1272,0.0000
2025-09-04T07:30+10:00,general,0.0637,0.0000
2025-09-04T08:00+10:00,general,0.0000,0.0575
2025-09-04T08:30+10:00,general,0.0000,0.2155
2025-09-04T09:00+10:00,general,0.0000,0.3627
2025-09-04T09:30+10:00,general,0.0000,0.4316
2025-09-04T10:00+10:00,general,0.0000,0.5540
2025-09-04T10:30+10:00,general,0.0000,0.6100
2025-09-04T11:00+10:00,general,0.0000,0.6899
2025-09-04T11:30+10:00,general,0.0000,0.7244
2025-09-04T12:00+10:00,general,0.0000,0.7634
2025-09-04T12:30+10:00,general,0.0000,0.7636
2025-09-04T13:00+10:00,general,0.0000,0.7544
2025-09-04T13:30+10:00,general,0.0000,0.7337
2025-09-04T14:00+10:00,general,0.0000,0.6529
2025-09-04T14:30+10:00,general,0.0000,0.6176
2025-09-04T15:00+10:00,general,0.0000,0.5296
2025-09-04T15:30+10:00,general,0.0000,0.4110
2025-09-04T16:00+10:00,general,0.0000,0.2405
2025-09-04T16:30+10:00,general,0.0000,0.1389
2025-09-04T17:00+10:00,general,0.0350,0.0000
2025-09-04T17:30+10:00,general,0.3301,0.0000
2025-09-04T18:00+10:00,general,0.4559,0.0000
2025-09-04T18:30+10:00,general,0.6625,0.0000
2025-09-04T19:00+10:00,general,0.6032,0.0000
2025-09-04T19:30+10:00,general,0.6467,0.0000
2025-09-04T20:00+10:00,general,0.6209,0.0000
2025-09-04T20:30+10:00,general,0.6103,0.0000
2025-09-04T21:00+10:00,general,0.5973,0.0000
2025-09-04T21:30+10:00,general,0.4364,0.0000
2025-09-04T22:00+10:00,general,0.4840,0.0000
2025-09-04T22:30+10:00,general,0.3573,0.0000
2025-09-04T23:00+10:00,general,0.2990,0.0000
2025-09-04T23:30+10:00,general,0.2629,0.0000
2025-09-05T00:00+10:00,general,0.2108,0.0000
2025-09-05T00:30+10:00,general,0.1538,0.0000
2025-09-05T01:00+10:00,general,0.1538,0.0000
2025-09-05T01:30+10:00,general,0.1654,0.0000
2025-09-05T02:00+10:00,general,0.1272,0.0000
2025-09-05T02:30+10:00,general,0.1604,0.0000
2025-09-05T03:00+10:00,general,0.1264,0.0000
2025-09-05T03:30+10:00,general,0.1570,0.0000
2025-09-05T04:00+10:00,general,0.1372,0.0000
2025-09-05T04:30+10:00,general,0.1720,0.0000
2025-09-05T05:00+10:00,general,0.1870,0.0000
2025-09-05T05:30+10:00,general,0.1788,0.0000
2025-09-05T06:00+10:00,general,0.2475,0.0000
2025-09-05T06:30+10:00,general,0.2173,0.0000
2025-09-05T07:00+10:00,general,0.1321,0.0000
2025-09-05T07:30+10:00,general,0.0234,0.0000
2025-09-05T08:00+10:00,general,0.0000,0.0998
2025-09-05T08:30+10:00,general,0.0000,0.2498
2025-09-05T09:00+10:00,general,0.0000,0.3268
2025-09-05T09:30+10:00,general,0.0000,0.4309
2025-09-05T10:00+10:00,general,0.0000,0.5592
2025-09-05T10:30+10:00,general,0.0000,0.6127
2025-09-05T11:00+10:00,general,0.0000,0.6745
2025-09-05T11:30+10:00,general,0.0000,0.7183
2025-09-05T12:00+10:00,general,0.0000,0.7601
2025-09-05T12:30+10:00,general,0.0000,0.7877
2025-09-05T13:00+10:00,general,0.0000,0.7606
2025-09-05T13:30+10:00,general,0.0000,0.7386
2025-09-05T14:00+10:00,general,0.0000,0.6645
2025-09-05T14:30+10:00,general,0.0000,0.5886
2025-09-05T15:00+10:00,general,0.0000,0.5204
2025-09-05T15:30+10:00,general,0.0000,0.4205
2025-09-05T16:00+10:00,general,0.0000,0.2416
2025-09-05T16:30+10:00,general,0.0000,0.0835
2025-09-05T17:00+10:00,general,0.0786,0.0000
2025-09-05T17:30+10:00,general,0.1903,0.0000
2025-09-05T18:00+10:00,general,0.5081,0.0000
2025-09-05T18:30+10:00,general,0.6701,0.0000
2025-09-05T19:00+10:00,general,0.6113,0.0000
2025-09-05T19:30+10:00,general,0.6484,0.0000
2025-09-05T20:00+10:00,general,0.7727,0.0000
2025-09-05T20:30+10:00,general,0.7083,0.0000
2025-09-05T21:00+10:00,general,0.6525,0.0000
2025-09-05T21:30+10:00,general,0.4438,0.0000
2025-09-05T22:00+10:00,general,0.3761,0.0000
2025-09-05T22:30+10:00,general,0.3429,0.0000
2025-09-05T23:00+10:00,general,0.2536,0.0000
2025-09-05T23:30+10:00,general,0.2216,0.0000
2025-09-06T00:00+10:00,general,0.2125,0.0000
2025-09-06T00:30+10:00,general,0.1686,0.0000
2025-09-06T01:00+10:00,general,0.1365,0.0000
2025-09-06T01:30+10:00,general,0.1527,0.0000
2025-09-06T02:00+10:00,general,0.1484,0.0000
2025-09-06T02:30+10:00,general,0.1515,0.0000
2025-09-06T03:00+10:00,general,0.1468,0.0000
2025-09-06T03:30+10:00,general,0.1716,0.0000
2025-09-06T04:00+10:00,general,0.1346,0.0000
2025-09-06T04:30+10:00,general,0.1756,0.0000
2025-09-06T05:00+10:00,general,0.1522,0.0000
2025-09-06T05:30+10:00,general,0.2173,0.0000
2025-09-06T06:00+10:00,general,0.2106,0.0000
2025-09-06T06:30+10:00,general,0.2371,0.0000
2025-09-06T07:00+10:00,general,0.1493,0.0000
2025-09-06T07:30+10:00,general,0.0576,0.0000
2025-09-06T08:00+10:00,general,0.0000,0.0613
2025-09-06T08:30+10:00,general,0.0000,0.1957
2025-09-06T09:00+10:00,general,0.0000,0.3181
2025-09-06T09:30+10:00,general,0.0000,0.4608
2025-09-06T10:00+10:00,general,0.0000,0.5580
2025-09-06T10:30+10:00,general,0.0000,0.6407
2025-09-06T11:00+10:00,general,0.0000,0.6960
2025-09-06T11:30+10:00,general,0.0000,0.7460
2025-09-06T12:00+10:00,general,0.0000,0.7455
2025-09-06T12:30+10:00,general,0.0000,0.7636
2025-09-06T13:00+10:00,general,0.0000,0.7511
2025-09-06T13:30+10:00,general,0.0000,0.7457
2025-09-06T14:00+10:00,general,0.0000,0.6874
2025-09-06T14:30+10:00,general,0.0000,0.6225
2025-09-06T15:00+10:00,general,0.0000,0.5019
2025-09-06T15:30+10:00,general,0.0000,0.4172
2025-09-06T16:00+10:00,general,0.0000,0.2594
2025-09-06T16:30+10:00,general,0.0000,0.0904
2025-09-06T17:00+10:00,general,0.0350,0.0000
2025-09-06T17:30+10:00,general,0.2705,0.0000
2025-09-06T18:00+10:00,general,0.5313,0.0000
2025-09-06T18:30+10:00,general,0.7249,0.0000
2025-09-06T19:00+10:00,general,0.7391,0.0000
2025-09-06T19:30+10:00,general,0.7855,0.0000
2025-09-06T20:00+10:00,general,0.6340,0.0000
2025-09-06T20:30+10:00,general,0.6467,0.0000
2025-09-06T21:00+10:00,general,0.4904,0.0000
2025-09-06T21:30+10:00,general,0.5551,0.0000
2025-09-06T22:00+10:00,general,0.3760,0.0000
2025-09-06T22:30+10:00,general,0.3417,0.0000
2025-09-06T23:00+10:00,general,0.2782,0.0000
2025-09-06T23:30+10:00,general,0.2514,0.0000
2025-09-07T00:00+10:00,general,0.2359,0.0000
2025-09-07T00:30+10:00,general,0.1618,0.0000
2025-09-07T01:00+10:00,general,0.1624,0.0000
2025-09-07T01:30+10:00,general,0.1443,0.0000
2025-09-07T02:00+10:00,general,0.1539,0.0000
2025-09-07T02:30+10:00,general,0.1660,0.0000
2025-09-07T03:00+10:00,general,0.1654,0.0000
2025-09-07T03:30+10:00,general,0.1336,0.0000
2025-09-07T04:00+10:00,general,0.1417,0.0000
2025-09-07T04:30+10:00,general,0.1801,0.0000
2025-09-07T05:00+10:00,general,0.1822,0.0000
2025-09-07T05:30+10:00,general,0.1639,0.0000
2025-09-07T06:00+10:00,general,0.1872,0.0000
2025-09-07T06:30+10:00,general,0.2367,0.0000
2025-09-07T07:00+10:00,general,0.1245,0.0000
2025-09-07T07:30+10:00,general,0.0573,0.0000
2025-09-07T08:00+10:00,general,0.0000,0.0988
2025-09-07T08:30+10:00,general,0.0000,0.2165
2025-09-07T09:00+10:00,general,0.0000,0.3789
2025-09-07T09:30+10:00,general,0.0000,0.4804
2025-09-07T10:00+10:00,general,0.0000,0.5697
2025-09-07T10:30+10:00,general,0.0000,0.6253
2025-09-07T11:00+10:00,general,0.0000,0.7227
2025-09-07T11:30+10:00,general,0.0000,0.7435
2025-09-07T12:00+10:00,general,0.0000,0.7769
2025-09-07T12:30+10:00,general,0.0000,0.7695
2025-09-07T13:00+10:00,general,0.0000,0.7729
2025-09-07T13:30+10:00,general,0.0000,0.7572
2025-09-07T14:00+10:00,general,0.0000,0.6870
2025-09-07T14:30+10:00,general,0.0000,0.6223
2025-09-07T15:00+10:00,general,0.0000,0.5493
2025-09-07T15:30+10:00,general,0.0000,0.3886
2025-09-07T16:00+10:00,general,0.0000,0.2517
2025-09-07T16:30+10:00,general,0.0000,0.0783
2025-09-07T17:00+10:00,general,0.0755,0.0000
2025-09-07T17:30+10:00,general,0.2638,0.0000
2025-09-07T18:00+10:00,general,0.4079,0.0000
2025-09-07T18:30+10:00,general,0.6163,0.0000
2025-09-07T19:00+10:00,general,0.6659,0.0000
2025-09-07T19:30+10:00,general,0.7364,0.0000
2025-09-07T20:00+10:00,general,0.7376,0.0000
2025-09-07T20:30+10:00,general,0.6803,0.0000
2025-09-07T21:00+10:00,general,0.5609,0.0000
2025-09-07T21:30+10:00,general,0.5063,0.0000
2025-09-07T22:00+10:00,general,0.4117,0.0000
2025-09-07T22:30+10:00,general,0.3528,0.0000
2025-09-07T23:00+10:00,general,0.3242,0.0000
2025-09-07T23:30+10:00,general,0.2333,0.0000
2025-09-08T00:00+10:00,general,0.2237,0.0000
2025-09-08T00:30+10:00,general,0.1412,0.0000
2025-09-08T01:00+10:00,general,0.1471,0.0000
2025-09-08T01:30+10:00,general,0.1649,0.0000
2025-09-08T02:00+10:00,general,0.1605,0.0000
2025-09-08T02:30+10:00,general,0.1376,0.0000
2025-09-08T03:00+10:00,general,0.1465,0.0000
2025-09-08T03:30+10:00,general,0.1644,0.0000
2025-09-08T04:00+10:00,general,0.1559,0.0000
2025-09-08T04:30+10:00,general,0.1577,0.0000
2025-09-08T05:00+10:00,general,0.1531,0.0000
2025-09-08T05:30+10:00,general,0.1856,0.0000
2025-09-08T06:00+10:00,general,0.2083,0.0000
2025-09-08T06:30+10:00,general,0.2306,0.0000
2025-09-08T07:00+10:00,general,0.1345,0.0000
2025-09-08T07:30+10:00,general,0.0098,0.0000
2025-09-08T08:00+10:00,general,0.0000,0.1235
2025-09-08T08:30+10:00,general,0.0000,0.2431
2025-09-08T09:00+10:00,general,0.0000,0.3639
2025-09-08T09:30+10:00,general,0.0000,0.4574
2025-09-08T10:00+10:00,general,0.0000,0.5588
2025-09-08T10:30+10:00,general,0.0000,0.6384
2025-09-08T11:00+10:00,general,0.0000,0.7032
2025-09-08T11:30+10:00,general,0.0000,0.7557
2025-09-08T12:00+10:00,general,0.0000,0.7755
2025-09-08T12:30+10:00,general,0.0000,0.7960
2025-09-08T13:00+10:00,general,0.0000,0.7873
2025-09-08T13:30+10:00,general,0.0000,0.7537
2025-09-08T14:00+10:00,general,0.0000,0.6849
2025-09-08T14:30+10:00,general,0.0000,0.6052
2025-09-08T15:00+10:00,general,0.0000,0.5563
2025-09-08T15:30+10:00,general,0.0000,0.4548
2025-09-08T16:00+10:00,general,0.0000,0.2383
2025-09-08T16:30+10:00,general,0.0000,0.1428
2025-09-08T17:00+10:00,general,0.0214,0.0000
2025-09-08T17:30+10:00,general,0.2788,0.0000
2025-09-08T18:00+10:00,general,0.4314,0.0000
2025-09-08T18:30+10:00,general,0.5839,0.0000
2025-09-08T19:00+10:00,general,0.6312,0.0000
2025-09-08T19:30+10:00,general,0.6227,0.0000
2025-09-08T20:00+10:00,general,0.7804,0.0000
2025-09-08T20:30+10:00,general,0.6778,0.0000
2025-09-08T21:00+10:00,general,0.5134,0.0000
2025-09-08T21:30+10:00,general,0.4287,0.0000
2025-09-08T22:00+10:00,general,0.4427,0.0000
2025-09-08T22:30+10:00,general,0.3513,0.0000
2025-09-08T23:00+10:00,general,0.3017,0.0000
2025-09-08T23:30+10:00,general,0.2126,0.0000
2025-09-09T00:00+10:00,general,0.2003,0.0000
2025-09-09T00:30+10:00,general,0.1562,0.0000
2025-09-09T01:00+10:00,general,0.1310,0.0000
2025-09-09T01:30+10:00,general,0.1259,0.0000
2025-09-09T02:00+10:00,general,0.1534,0.0000
2025-09-09T02:30+10:00,general,0.1386,0.0000
2025-09-09T03:00+10:00,general,0.1344,0.0000
2025-09-09T03:30+10:00,general,0.1675,0.0000
2025-09-09T04:00+10:00,general,0.1601,0.0000
2025-09-09T04:30+10:00,general,0.1486,0.0000
2025-09-09T05:00+10:00,general,0.1555,0.0000
2025-09-09T05:30+10:00,general,0.2012,0.0000
2025-09-09T06:00+10:00,general,0.2427,0.0000
2025-09-09T06:30+10:00,general,0.2625,0.0000
2025-09-09T07:00+10:00,general,0.1148,0.0000
2025-09-09T07:30+10:00,general,0.0531,0.0000
2025-09-09T08:00+10:00,general,0.0000,0.0884
2025-09-09T08:30+10:00,general,0.0000,0.2429
2025-09-09T09:00+10:00,general,0.0000,0.3833
2025-09-09T09:30+10:00,general,0.0000,0.4797
2025-09-09T10:00+10:00,general,0.0000,0.5697
2025-09-09T10:30+10:00,general,0.0000,0.6475
2025-09-09T11:00+10:00,general,0.0000,0.7222
2025-09-09T11:30+10:00,general,0.0000,0.7522
2025-09-09T12:00+10:00,general,0.0000,0.7714
2025-09-09T12:30+10:00,general,0.0000,0.7826
2025-09-09T13:00+10:00,general,0.0000,0.7842
2025-09-09T13:30+10:00,general,0.0000,0.7356
2025-09-09T14:00+10:00,general,0.0000,0.6924
2025-09-09T14:30+10:00,general,0.0000,0.6091
2025-09-09T15:00+10:00,general,0.0000,0.5461
2025-09-09T15:30+10:00,general,0.0000,0.4074
2025-09-09T16:00+10:00,general,0.0000,0.2511
2025-09-09T16:30+10:00,general,0.0000,0.1625
2025-09-09T17:00+10:00,general,0.0949,0.0000
2025-09-09T17:30+10:00,general,0.2836,0.0000
2025-09-09T18:00+10:00,general,0.4220,0.0000
2025-09-09T18:30+10:00,general,0.5424,0.0000
2025-09-09T19:00+10:00,general,0.7244,0.0000
2025-09-09T19:30+10:00,general,0.7155,0.0000
2025-09-09T20:00+10:00,general,0.6560,0.0000
2025-09-09T20:30+10:00,general,0.6648,0.0000
2025-09-09T21:00+10:00,general,0.5145,0.0000
2025-09-09T21:30+10:00,general,0.5112,0.0000
2025-09-09T22:00+10:00,general,0.4553,0.0000
2025-09-09T22:30+10:00,general,0.3001,0.0000
2025-09-09T23:00+10:00,general,0.3104,0.0000
2025-09-09T23:30+10:00,general,0.2616,0.0000
2025-09-10T00:00+10:00,general,0.2158,0.0000
2025-09-10T00:30+10:00,general,0.1662,0.0000
2025-09-10T01:00+10:00,general,0.1350,0.0000
2025-09-10T01:30+10:00,general,0.1348,0.0000
2025-09-10T02:00+10:00,general,0.1622,0.0000
2025-09-10T02:30+10:00,general,0.1381,0.0000
2025-09-10T03:00+10:00,general,0.1616,0.0000
2025-09-10T03:30+10:00,general,0.1423,0.0000
2025-09-10T04:00+10:00,general,0.1470,0.0000
2025-09-10T04:30+10:00,general,0.1554,0.0000
2025-09-10T05:00+10:00,general,0.1586,0.0000
2025-09-10T05:30+10:00,general,0.1796,0.0000
2025-09-10T06:00+10:00,general,0.1858,0.0000
2025-09-10T06:30+10:00,general,0.2223,0.0000
2025-09-10T07:00+10:00,general,0.1394,0.0000
2025-09-10T07:30+10:00,general,0.0546,0.0000
2025-09-10T08:00+10:00,general,0.0000,0.0632
2025-09-10T08:30+10:00,general,0.0000,0.2288
2025-09-10T09:00+10:00,general,0.0000,0.3406
2025-09-10T09:30+10:00,general,0.0000,0.4716
2025-09-10T10:00+10:00,general,0.0000,0.6010
2025-09-10T10:30+10:00,general,0.0000,0.6421
2025-09-10T11:00+10:00,general,0.0000,0.7212
2025-09-10T11:30+10:00,general,0.0000,0.7696
2025-09-10T12:00+10:00,general,0.0000,0.7903
2025-09-10T12:30+10:00,general,0.0000,0.7798
2025-09-10T13:00+10:00,general,0.0000,0.8013
2025-09-10T13:30+10:00,general,0.0000,0.7437
2025-09-10T14:00+10:00,general,0.0000,0.6999
2025-09-10T14:30+10:00,general,0.0000,0.6128
2025-09-10T15:00+10:00,general,0.0000,0.5354
2025-09-10T15:30+10:00,general,0.0000,0.4619
2025-09-10T16:00+10:00,general,0.0000,0.2535
2025-09-10T16:30+10:00,general,0.0000,0.1016
2025-09-10T17:00+10:00,general,0.0196,0.0000
2025-09-10T17:30+10:00,general,0.2204,0.0000
2025-09-10T18:00+10:00,general,0.4326,0.0000
2025-09-10T18:30+10:00,general,0.6163,0.0000
2025-09-10T19:00+10:00,general,0.6397,0.0000
2025-09-10T19:30+10:00,general,0.7363,0.0000
2025-09-10T20:00+10:00,general,0.6922,0.0000
2025-09-10T20:30+10:00,general,0.6637,0.0000
2025-09-10T21:00+10:00,general,0.5069,0.0000
2025-09-10T21:30+10:00,general,0.5359,0.0000
2025-09-10T22:00+10:00,general,0.4757,0.0000
2025-09-10T22:30+10:00,general,0.3169,0.0000
2025-09-10T23:00+10:00,general,0.2702,0.0000
2025-09-10T23:30+10:00,general,0.2101,0.0000
2025-09-11T00:00+10:00,general,0.2008,0.0000
2025-09-11T00:30+10:00,general,0.1605,0.0000
2025-09-11T01:00+10:00,general,0.1662,0.0000
2025-09-11T01:30+10:00,general,0.1684,0.0000
2025-09-11T02:00+10:00,general,0.1282,0.0000
2025-09-11T02:30+10:00,general,0.1482,0.0000
2025-09-11T03:00+10:00,general,0.1541,0.0000
2025-09-11T03:30+10:00,general,0.1472,0.0000
2025-09-11T04:00+10:00,general,0.1540,0.0000
2025-09-11T04:30+10:00,general,0.1684,0.0000
2025-09-11T05:00+10:00,general,0.1669,0.0000
2025-09-11T05:30+10:00,general,0.1695,0.0000
2025-09-11T06:00+10:00,general,0.2118,0.0000
2025-09-11T06:30+10:00,general,0.2617,0.0000
2025-09-11T07:00+10:00,general,0.1296,0.0000
2025-09-11T07:30+10:00,general,0.0105,0.0000
2025-09-11T08:00+10:00,general,0.0000,0.1220
2025-09-11T08:30+10:00,general,0.0000,0.2183
2025-09-11T09:00+10:00,general,0.0000,0.3854
2025-09-11T09:30+10:00,general,0.0000,0.4747
2025-09-11T10:00+10:00,general,0.0000,0.5579
2025-09-11T10:30+10:00,general,0.0000,0.6676
2025-09-11T11:00+10:00,general,0.0000,0.7371
2025-09-11T11:30+10:00,general,0.0000,0.7661
2025-09-11T12:00+10:00,general,0.0000,0.7692
2025-09-11T12:30+10:00,general,0.0000,0.8183
2025-09-11T13:00+10:00,general,0.0000,0.7728
2025-09-11T13:30+10:00,general,0.0000,0.7378
2025-09-11T14:00+10:00,general,0.0000,0.7049
2025-09-11T14:30+10:00,general,0.0000,0.6542
2025-09-11T15:00+10:00,general,0.0000,0.5376
2025-09-11T15:30+10:00,general,0.0000,0.4207
2025-09-11T16:00+10:00,general,0.0000,0.3130
2025-09-11T16:30+10:00,general,0.0000,0.1269
2025-09-11T17:00+10:00,general,0.0680,0.0000
2025-09-11T17:30+10:00,general,0.2936,0.0000
2025-09-11T18:00+10:00,general,0.4566,0.0000
2025-09-11T18:30+10:00,general,0.5420,0.0000
2025-09-11T19:00+10:00,general,0.6122,0.0000
2025-09-11T19:30+10:00,general,0.7317,0.0000
2025-09-11T20:00+10:00,general,0.6638,0.0000
2025-09-11T20:30+10:00,general,0.5509,0.0000
2025-09-11T21:00+10:00,general,0.5126,0.0000
2025-09-11T21:30+10:00,general,0.5638,0.0000
2025-09-11T22:00+10:00,general,0.4000,0.0000
2025-09-11T22:30+10:00,general,0.3463,0.0000
2025-09-11T23:00+10:00,general,0.2553,0.0000
2025-09-11T23:30+10:00,general,0.2126,0.0000
2025-09-12T00:00+10:00,general,0.2003,0.0000
2025-09-12T00:30+10:00,general,0.1499,0.0000
2025-09-12T01:00+10:00,general,0.1589,0.0000
2025-09-12T01:30+10:00,general,0.1623,0.0000
2025-09-12T02:00+10:00,general,0.1367,0.0000
2025-09-12T02:30+10:00,general,0.1424,0.0000
2025-09-12T03:00+10:00,general,0.1360,0.0000
2025-09-12T03:30+10:00,general,0.1539,0.0000
2025-09-12T04:00+10:00,general,0.1581,0.0000
2025-09-12T04:30+10:00,general,0.1824,0.0000
2025-09-12T05:00+10:00,general,0.1725,0.0000
2025-09-12T05:30+10:00,general,0.1702,0.0000
2025-09-12T06:00+10:00,general,0.2185,0.0000
2025-09-12T06:30+10:00,general,0.2269,0.0000
2025-09-12T07:00+10:00,general,0.1636,0.0000
2025-09-12T07:30+10:00,general,0.0019,0.0000
2025-09-12T08:00+10:00,general,0.0000,0.0730
2025-09-12T08:30+10:00,general,0.0000,0.2615
2025-09-12T09:00+10:00,general,0.0000,0.3951
2025-09-12T09:30+10:00,general,0.0000,0.4866
2025-09-12T10:00+10:00,general,0.0000,0.5958
2025-09-12T10:30+10:00,general,0.0000,0.6739
2025-09-12T11:00+10:00,general,0.0000,0.7322
2025-09-12T11:30+10:00,general,0.0000,0.7698
2025-09-12T12:00+10:00,general,0.0000,0.8078
2025-09-12T12:30+10:00,general,0.0000,0.8051
2025-09-12T13:00+10:00,general,0.0000,0.7745
2025-09-12T13:30+10:00,general,0.0000,0.7796
2025-09-12T14:00+10:00,general,0.0000,0.7252
2025-09-12T14:30+10:00,general,0.0000,0.6218
2025-09-12T15:00+10:00,general,0.0000,0.5536
2025-09-12T15:30+10:00,general,0.0000,0.4474
2025-09-12T16:00+10:00,general,0.0000,0.2561
2025-09-12T16:30+10:00,general,0.0000,0.0924
2025-09-12T17:00+10:00,general,0.1105,0.0000
2025-09-12T17:30+10:00,general,0.2464,0.0000
2025-09-12T18:00+10:00,general,0.4870,0.0000
2025-09-12T18:30+10:00,general,0.6919,0.0000
2025-09-12T19:00+10:00,general,0.7265,0.0000
2025-09-12T19:30+10:00,general,0.6760,0.0000
2025-09-12T20:00+10:00,general,0.6831,0.0000
2025-09-12T20:30+10:00,general,0.5634,0.0000
2025-09-12T21:00+10:00,general,0.5795,0.0000
2025-09-12T21:30+10:00,general,0.5205,0.0000
2025-09-12T22:00+10:00,general,0.4318,0.0000
2025-09-12T22:30+10:00,general,0.3282,0.0000
2025-09-12T23:00+10:00,general,0.3200,0.0000
2025-09-12T23:30+10:00,general,0.2235,0.0000
2025-09-13T00:00+10:00,general,0.2204,0.0000
2025-09-13T00:30+10:00,general,0.1480,0.0000
2025-09-13T01:00+10:00,general,0.1619,0.0000
2025-09-13T01:30+10:00,general,0.1281,0.0000
2025-09-13T02:00+10:00,general,0.1379,0.0000
2025-09-13T02:30+10:00,general,0.1590,0.0000
2025-09-13T03:00+10:00,general,0.1545,0.0000
2025-09-13T03:30+10:00,general,0.1618,0.0000
2025-09-13T04:00+10:00,general,0.1457,0.0000
2025-09-13T04:30+10:00,general,0.1604,0.0000
2025-09-13T05:00+10:00,general,0.1832,0.0000
2025-09-13T05:30+10:00,general,0.1759,0.0000
2025-09-13T06:00+10:00,general,0.2187,0.0000
2025-09-13T06:30+10:00,general,0.2504,0.0000
2025-09-13T07:00+10:00,general,0.1689,0.0000
2025-09-13T07:30+10:00,general,0.0488,0.0000
2025-09-13T08:00+10:00,general,0.0000,0.0758
2025-09-13T08:30+10:00,general,0.0000,0.2623
2025-09-13T09:00+10:00,general,0.0000,0.3410
2025-09-13T09:30+10:00,general,0.0000,0.4774
2025-09-13T10:00+10:00,general,0.0000,0.5810
2025-09-13T10:30+10:00,general,0.0000,0.6556
2025-09-13T11:00+10:00,general,0.0000,0.7389
2025-09-13T11:30+10:00,general,0.0000,0.7686
2025-09-13T12:00+10:00,general,0.0000,0.7927
2025-09-13T12:30+10:00,general,0.0000,0.8131
2025-09-13T13:00+10:00,general,0.0000,0.7894
2025-09-13T13:30+10:00,general,0.0000,0.7885
2025-09-13T14:00+10:00,general,0.0000,0.7069
2025-09-13T14:30+10:00,general,0.0000,0.6253
2025-09-13T15:00+10:00,general,0.0000,0.5714
2025-09-13T15:30+10:00,general,0.0000,0.4578
2025-09-13T16:00+10:00,general,0.0000,0.2743
2025-09-13T16:30+10:00,general,0.0000,0.1655
2025-09-13T17:00+10:00,general,0.0639,0.0000
2025-09-13T17:30+10:00,general,0.2891,0.0000
2025-09-13T18:00+10:00,general,0.4021,0.0000
2025-09-13T18:30+10:00,general,0.5460,0.0000
2025-09-13T19:00+10:00,general,0.6215,0.0000
2025-09-13T19:30+10:00,general,0.7123,0.0000
2025-09-13T20:00+10:00,general,0.7548,0.0000
2025-09-13T20:30+10:00,general,0.5636,0.0000
2025-09-13T21:00+10:00,general,0.5622,0.0000
2025-09-13T21:30+10:00,general,0.4369,0.0000
2025-09-13T22:00+10:00,general,0.4536,0.0000
2025-09-13T22:30+10:00,general,0.2989,0.0000
2025-09-13T23:00+10:00,general,0.2929,0.0000
2025-09-13T23:30+10:00,general,0.2352,0.0000
2025-09-14T00:00+10:00,general,0.1847,0.0000
2025-09-14T00:30+10:00,general,0.1615,0.0000
2025-09-14T01:00+10:00,general,0.1481,0.0000
2025-09-14T01:30+10:00,general,0.1481,0.0000
2025-09-14T02:00+10:00,general,0.1353,0.0000
2025-09-14T02:30+10:00,general,0.1469,0.0000
2025-09-14T03:00+10:00,general,0.1584,0.0000
2025-09-14T03:30+10:00,general,0.1426,0.0000
2025-09-14T04:00+10:00,general,0.1517,0.0000
2025-09-14T04:30+10:00,general,0.1666,0.0000
2025-09-14T05:00+10:00,general,0.1751,0.0000
2025-09-14T05:30+10:00,general,0.1804,0.0000
2025-09-14T06:00+10:00,general,0.2374,0.0000
2025-09-14T06:30+10:00,general,0.2318,0.0000
2025-09-14T07:00+10:00,general,0.1703,0.0000
2025-09-14T07:30+10:00,general,0.0371,0.0000
2025-09-14T08:00+10:00,general,0.0000,0.0795
2025-09-14T08:30+10:00,general,0.0000,0.2216
2025-09-14T09:00+10:00,general,0.0000,0.3927
2025-09-14T09:30+10:00,general,0.0000,0.5011
2025-09-14T10:00+10:00,general,0.0000,0.5812
2025-09-14T10:30+10:00,general,0.0000,0.6858
2025-09-14T11:00+10:00,general,0.0000,0.7192
2025-09-14T11:30+10:00,general,0.0000,0.8045
2025-09-14T12:00+10:00,general,0.0000,0.8145
2025-09-14T12:30+10:00,general,0.0000,0.7978
2025-09-14T13:00+10:00,general,0.0000,0.7844
2025-09-14T13:30+10:00,general,0.0000,0.7910
2025-09-14T14:00+10:00,general,0.0000,0.7287
2025-09-14T14:30+10:00,general,0.0000,0.6302
2025-09-14T15:00+10:00,general,0.0000,0.5613
2025-09-14T15:30+10:00,general,0.0000,0.4435
2025-09-14T16:00+10:00,general,0.0000,0.3358
2025-09-14T16:30+10:00,general,0.0000,0.1439
2025-09-14T17:00+10:00,general,0.0714,0.0000
2025-09-14T17:30+10:00,general,0.2067,0.0000
2025-09-14T18:00+10:00,general,0.4436,0.0000
2025-09-14T18:30+10:00,general,0.6281,0.0000
2025-09-14T19:00+10:00,general,0.6129,0.0000
2025-09-14T19:30+10:00,general,0.6703,0.0000
2025-09-14T20:00+10:00,general,0.6746,0.0000
2025-09-14T20:30+10:00,general,0.6574,0.0000
2025-09-14T21:00+10:00,general,0.5981,0.0000
2025-09-14T21:30+10:00,general,0.5375,0.0000
2025-09-14T22:00+10:00,general,0.4276,0.0000
2025-09-14T22:30+10:00,general,0.3681,0.0000
2025-09-14T23:00+10:00,general,0.2630,0.0000
2025-09-14T23:30+10:00,general,0.2724,0.0000
2025-09-15T00:00+10:00,general,0.1953,0.0000
2025-09-15T00:30+10:00,general,0.1270,0.0000
2025-09-15T01:00+10:00,general,0.1674,0.0000
2025-09-15T01:30+10:00,general,0.1482,0.0000
2025-09-15T02:00+10:00,general,0.1469,0.0000
2025-09-15T02:30+10:00,general,0.1321,0.0000
2025-09-15T03:00+10:00,general,0.1647,0.0000
2025-09-15T03:30+10:00,general,0.1313,0.0000
2025-09-15T04:00+10:00,general,0.1671,0.0000
2025-09-15T04:30+10:00,general,0.1483,0.0000
2025-09-15T05:00+10:00,general,0.1704,0.0000
2025-09-15T05:30+10:00,general,0.1811,0.0000
2025-09-15T06:00+10:00,general,0.2358,0.0000
2025-09-15T06:30+10:00,general,0.2206,0.0000
2025-09-15T07:00+10:00,general,0.1211,0.0000
2025-09-15T07:30+10:00,general,0.0101,0.0000
2025-09-15T08:00+10:00,general,0.0000,0.1043
2025-09-15T08:30+10:00,general,0.0000,0.2660
2025-09-15T09:00+10:00,general,0.0000,0.3920
2025-09-15T09:30+10:00,general,0.0000,0.5000
2025-09-15T10:00+10:00,general,0.0000,0.6178
2025-09-15T10:30+10:00,general,0.0000,0.6620
2025-09-15T11:00+10:00,general,0.0000,0.7415
2025-09-15T11:30+10:00,general,0.0000,0.8092
2025-09-15T12:00+10:00,general,0.0000,0.8014
2025-09-15T12:30+10:00,general,0.0000,0.8039
2025-09-15T13:00+10:00,general,0.0000,0.8229
2025-09-15T13:30+10:00,general,0.0000,0.7693
2025-09-15T14:00+10:00,general,0.0000,0.7259
2025-09-15T14:30+10:00,general,0.0000,0.6825
2025-09-15T15:00+10:00,general,0.0000,0.5492
2025-09-15T15:30+10:00,general,0.0000,0.4132
2025-09-15T16:00+10:00,general,0.0000,0.2956
2025-09-15T16:30+10:00,general,0.0000,0.1018
2025-09-15T17:00+10:00,general,0.0934,0.0000
2025-09-15T17:30+10:00,general,0.2376,0.0000
2025-09-15T18:00+10:00,general,0.4285,0.0000
2025-09-15T18:30+10:00,general,0.5818,0.0000
2025-09-15T19:00+10:00,general,0.6235,0.0000
2025-09-15T19:30+10:00,general,0.6213,0.0000
2025-09-15T20:00+10:00,general,0.7275,0.0000
2025-09-15T20:30+10:00,general,0.6521,0.0000
2025-09-15T21:00+10:00,general,0.6038,0.0000
2025-09-15T21:30+10:00,general,0.4599,0.0000
2025-09-15T22:00+10:00,general,0.4675,0.0000
2025-09-15T22:30+10:00,general,0.3533,0.0000
2025-09-15T23:00+10:00,general,0.2981,0.0000
2025-09-15T23:30+10:00,general,0.2411,0.0000
2025-09-16T00:00+10:00,general,0.2199,0.0000
2025-09-16T00:30+10:00,general,0.1548,0.0000
2025-09-16T01:00+10:00,general,0.1647,0.0000
2025-09-16T01:30+10:00,general,0.1370,0.0000
2025-09-16T02:00+10:00,general,0.1646,0.0000
2025-09-16T02:30+10:00,general,0.1690,0.0000
2025-09-16T03:00+10:00,general,0.1627,0.0000
2025-09-16T03:30+10:00,general,0.1555,0.0000
2025-09-16T04:00+10:00,general,0.1586,0.0000
2025-09-16T04:30+10:00,general,0.1752,0.0000
2025-09-16T05:00+10:00,general,0.1941,0.0000
2025-09-16T05:30+10:00,general,0.2133,0.0000
2025-09-16T06:00+10:00,general,0.2444,0.0000
2025-09-16T06:30+10:00,general,0.2170,0.0000
2025-09-16T07:00+10:00,general,0.1005,0.0000
2025-09-16T07:30+10:00,general,0.0485,0.0000
2025-09-16T08:00+10:00,general,0.0000,0.1511
2025-09-16T08:30+10:00,general,0.0000,0.2541
2025-09-16T09:00+10:00,general,0.0000,0.3797
2025-09-16T09:30+10:00,general,0.0000,0.4707
2025-09-16T10:00+10:00,general,0.0000,0.6045
2025-09-16T10:30+10:00,general,0.0000,0.6694
2025-09-16T11:00+10:00,general,0.0000,0.7669
2025-09-16T11:30+10:00,general,0.0000,0.7983
2025-09-16T12:00+10:00,general,0.0000,0.8098
2025-09-16T12:30+10:00,general,0.0000,0.8091
2025-09-16T13:00+10:00,general,0.0000,0.8063
2025-09-16T13:30+10:00,general,0.0000,0.8091
2025-09-16T14:00+10:00,general,0.0000,0.7572
2025-09-16T14:30+10:00,general,0.0000,0.6826
2025-09-16T15:00+10:00,general,0.0000,0.5577
2025-09-16T15:30+10:00,general,0.0000,0.4776
2025-09-16T16:00+10:00,general,0.0000,0.2704
2025-09-16T16:30+10:00,general,0.0000,0.1722
2025-09-16T17:00+10:00,general,0.0000,0.0049
2025-09-16T17:30+10:00,general,0.2880,0.0000
2025-09-16T18:00+10:00,general,0.4213,0.0000
2025-09-16T18:30+10:00,general,0.6327,0.0000
2025-09-16T19:00+10:00,general,0.6008,0.0000
2025-09-16T19:30+10:00,general,0.6272,0.0000
2025-09-16T20:00+10:00,general,0.6368,0.0000
2025-09-16T20:30+10:00,general,0.6274,0.0000
2025-09-16T21:00+10:00,general,0.4910,0.0000
2025-09-16T21:30+10:00,general,0.5622,0.0000
2025-09-16T22:00+10:00,general,0.4449,0.0000
2025-09-16T22:30+10:00,general,0.3357,0.0000
2025-09-16T23:00+10:00,general,0.2665,0.0000
2025-09-16T23:30+10:00,general,0.2064,0.0000
2025-09-17T00:00+10:00,general,0.2203,0.0000
2025-09-17T00:30+10:00,general,0.1579,0.0000
2025-09-17T01:00+10:00,general,0.1345,0.0000
2025-09-17T01:30+10:00,general,0.1671,0.0000
2025-09-17T02:00+10:00,general,0.1517,0.0000
2025-09-17T02:30+10:00,general,0.1612,0.0000
2025-09-17T03:00+10:00,general,0.1318,0.0000
2025-09-17T03:30+10:00,general,0.1510,0.0000
2025-09-17T04:00+10:00,general,0.1748,0.0000
2025-09-17T04:30+10:00,general,0.1818,0.0000
2025-09-17T05:00+10:00,general,0.1738,0.0000
2025-09-17T05:30+10:00,general,0.1763,0.0000
2025-09-17T06:00+10:00,general,0.2445,0.0000
2025-09-17T06:30+10:00,general,0.2222,0.0000
2025-09-17T07:00+10:00,general,0.0966,0.0000
2025-09-17T07:30+10:00,general,0.0437,0.0000
2025-09-17T08:00+10:00,general,0.0000,0.1118
2025-09-17T08:30+10:00,general,0.0000,0.2385
2025-09-17T09:00+10:00,general,0.0000,0.3708
2025-09-17T09:30+10:00,general,0.0000,0.5166
2025-09-17T10:00+10:00,general,0.0000,0.6245
2025-09-17T10:30+10:00,general,0.0000,0.7121
2025-09-17T11:00+10:00,general,0.0000,0.7709
2025-09-17T11:30+10:00,general,0.0000,0.8136
2025-09-17T12:00+10:00,general,0.0000,0.8048
2025-09-17T12:30+10:00,general,0.0000,0.8334
2025-09-17T13:00+10:00,general,0.0000,0.7993
2025-09-17T13:30+10:00,general,0.0000,0.8004
2025-09-17T14:00+10:00,general,0.0000,0.7220
2025-09-17T14:30+10:00,general,0.0000,0.6917
2025-09-17T15:00+10:00,general,0.0000,0.5794
2025-09-17T15:30+10:00,general,0.0000,0.4569
2025-09-17T16:00+10:00,general,0.0000,0.2875
2025-09-17T16:30+10:00,general,0.0000,0.1098
2025-09-17T17:00+10:00,general,0.0424,0.0000
2025-09-17T17:30+10:00,general,0.1962,0.0000
2025-09-17T18:00+10:00,general,0.4531,0.0000
2025-09-17T18:30+10:00,general,0.6943,0.0000
2025-09-17T19:00+10:00,general,0.5781,0.0000
2025-09-17T19:30+10:00,general,0.6531,0.0000
2025-09-17T20:00+10:00,general,0.6434,0.0000
2025-09-17T20:30+10:00,general,0.6860,0.0000
2025-09-17T21:00+10:00,general,0.5065,0.0000
2025-09-17T21:30+10:00,general,0.4434,0.0000
2025-09-17T22:00+10:00,general,0.4209,0.0000
2025-09-17T22:30+10:00,general,0.4006,0.0000
2025-09-17T23:00+10:00,general,0.2458,0.0000
2025-09-17T23:30+10:00,general,0.2535,0.0000
2025-09-18T00:00+10:00,general,0.1903,0.0000
2025-09-18T00:30+10:00,general,0.1259,0.0000
2025-09-18T01:00+10:00,general,0.1605,0.0000
2025-09-18T01:30+10:00,general,0.1526,0.0000
2025-09-18T02:00+10:00,general,0.1551,0.0000
2025-09-18T02:30+10:00,general,0.1540,0.0000
2025-09-18T03:00+10:00,general,0.1620,0.0000
2025-09-18T03:30+10:00,general,0.1363,0.0000
2025-09-18T04:00+10:00,general,0.1595,0.0000
2025-09-18T04:30+10:00,general,0.1811,0.0000
2025-09-18T05:00+10:00,general,0.1612,0.0000
2025-09-18T05:30+10:00,general,0.2040,0.0000
2025-09-18T06:00+10:00,general,0.2363,0.0000
2025-09-18T06:30+10:00,general,0.2158,0.0000
2025-09-18T07:00+10:00,general,0.1188,0.0000
2025-09-18T07:30+10:00,general,0.0475,0.0000
2025-09-18T08:00+10:00,general,0.0000,0.1526
2025-09-18T08:30+10:00,general,0.0000,0.2463
2025-09-18T09:00+10:00,general,0.0000,0.3744
2025-09-18T09:30+10:00,general,0.0000,0.5252
2025-09-18T10:00+10:00,general,0.0000,0.6300
2025-09-18T10:30+10:00,general,0.0000,0.6846
2025-09-18T11:00+10:00,general,0.0000,0.7788
2025-09-18T11:30+10:00,general,0.0000,0.8115
2025-09-18T12:00+10:00,general,0.0000,0.8272
2025-09-18T12:30+10:00,general,0.0000,0.8234
2025-09-18T13:00+10:00,general,0.0000,0.8189
2025-09-18T13:30+10:00,general,0.0000,0.8047
2025-09-18T14:00+10:00,general,0.0000,0.7278
2025-09-18T14:30+10:00,general,0.0000,0.6962
2025-09-18T15:00+10:00,general,0.0000,0.5820
2025-09-18T15:30+10:00,general,0.0000,0.4254
2025-09-18T16:00+10:00,general,0.0000,0.3469
2025-09-18T16:30+10:00,general,0.0000,0.1003
2025-09-18T17:00+10:00,general,0.1029,0.0000
2025-09-18T17:30+10:00,general,0.2187,0.0000
2025-09-18T18:00+10:00,general,0.5213,0.0000
2025-09-18T18:30+10:00,general,0.6352,0.0000
2025-09-18T19:00+10:00,general,0.6318,0.0000
2025-09-18T19:30+10:00,general,0.7565,0.0000
2025-09-18T20:00+10:00,general,0.6303,0.0000
2025-09-18T20:30+10:00,general,0.6355,0.0000
2025-09-18T21:00+10:00,general,0.6361,0.0000
2025-09-18T21:30+10:00,general,0.5346,0.0000
2025-09-18T22:00+10:00,general,0.4473,0.0000
2025-09-18T22:30+10:00,general,0.3061,0.0000
2025-09-18T23:00+10:00,general,0.3099,0.0000
2025-09-18T23:30+10:00,general,0.2502,0.0000
2025-09-19T00:00+10:00,general,0.2199,0.0000
2025-09-19T00:30+10:00,general,0.1265,0.0000
2025-09-19T01:00+10:00,general,0.1445,0.0000
2025-09-19T01:30+10:00,general,0.1503,0.0000
2025-09-19T02:00+10:00,general,0.1658,0.0000
2025-09-19T02:30+10:00,general,0.1661,0.0000
2025-09-19T03:00+10:00,general,0.1529,0.0000
2025-09-19T03:30+10:00,general,0.1481,0.0000
2025-09-19T04:00+10:00,general,0.1736,0.0000
2025-09-19T04:30+10:00,general,0.1363,0.0000
2025-09-19T05:00+10:00,general,0.1479,0.0000
2025-09-19T05:30+10:00,general,0.1754,0.0000
2025-09-19T06:00+10:00,general,0.2217,0.0000
2025-09-19T06:30+10:00,general,0.2341,0.0000
2025-09-19T07:00+10:00,general,0.1576,0.0000
2025-09-19T07:30+10:00,general,0.0242,0.0000
2025-09-19T08:00+10:00,general,0.0000,0.0998
2025-09-19T08:30+10:00,general,0.0000,0.2396
2025-09-19T09:00+10:00,general,0.0000,0.3946
2025-09-19T09:30+10:00,general,0.0000,0.5045
2025-09-19T10:00+10:00,general,0.0000,0.6060
2025-09-19T10:30+10:00,general,0.0000,0.6939
2025-09-19T11:00+10:00,general,0.0000,0.7642
2025-09-19T11:30+10:00,general,0.0000,0.8220
2025-09-19T12:00+10:00,general,0.0000,0.8310
2025-09-19T12:30+10:00,general,0.0000,0.8242
2025-09-19T13:00+10:00,general,0.0000,0.8527
2025-09-19T13:30+10:00,general,0.0000,0.7818
2025-09-19T14:00+10:00,general,0.0000,0.7518
2025-09-19T14:30+10:00,general,0.0000,0.6673
2025-09-19T15:00+10:00,general,0.0000,0.5837
2025-09-19T15:30+10:00,general,0.0000,0.4812
2025-09-19T16:00+10:00,general,0.0000,0.3480
2025-09-19T16:30+10:00,general,0.0000,0.1751
2025-09-19T17:00+10:00,general,0.0355,0.0000
2025-09-19T17:30+10:00,general,0.2812,0.0000
2025-09-19T18:00+10:00,general,0.4539,0.0000
2025-09-19T18:30+10:00,general,0.5947,0.0000
2025-09-19T19:00+10:00,general,0.7467,0.0000
2025-09-19T19:30+10:00,general,0.6672,0.0000
2025-09-19T20:00+10:00,general,0.7312,0.0000
2025-09-19T20:30+10:00,general,0.6820,0.0000
2025-09-19T21:00+10:00,general,0.5254,0.0000
2025-09-19T21:30+10:00,general,0.4632,0.0000
2025-09-19T22:00+10:00,general,0.4835,0.0000
2025-09-19T22:30+10:00,general,0.3293,0.0000
2025-09-19T23:00+10:00,general,0.3261,0.0000
2025-09-19T23:30+10:00,general,0.2497,0.0000
2025-09-20T00:00+10:00,general,0.2278,0.0000
2025-09-20T00:30+10:00,general,0.1398,0.0000
2025-09-20T01:00+10:00,general,0.1548,0.0000
2025-09-20T01:30+10:00,general,0.1516,0.0000
2025-09-20T02:00+10:00,general,0.1341,0.0000
2025-09-20T02:30+10:00,general,0.1339,0.0000
2025-09-20T03:00+10:00,general,0.1327,0.0000
2025-09-20T03:30+10:00,general,0.1302,0.0000
2025-09-20T04:00+10:00,general,0.1629,0.0000
2025-09-20T04:30+10:00,general,0.1490,0.0000
2025-09-20T05:00+10:00,general,0.1905,0.0000
2025-09-20T05:30+10:00,general,0.1736,0.0000
2025-09-20T06:00+10:00,general,0.2109,0.0000
2025-09-20T06:30+10:00,general,0.2156,0.0000
2025-09-20T07:00+10:00,general,0.1514,0.0000
2025-09-20T07:30+10:00,general,0.0420,0.0000
2025-09-20T08:00+10:00,general,0.0000,0.1356
2025-09-20T08:30+10:00,general,0.0000,0.2277
2025-09-20T09:00+10:00,general,0.0000,0.3731
2025-09-20T09:30+10:00,general,0.0000,0.4887
2025-09-20T10:00+10:00,general,0.0000,0.6371
2025-09-20T10:30+10:00,general,0.0000,0.7006
2025-09-20T11:00+10:00,general,0.0000,0.7718
2025-09-20T11:30+10:00,general,0.0000,0.8017
2025-09-20T12:00+10:00,general,0.0000,0.8553
2025-09-20T12:30+10:00,general,0.0000,0.8664
2025-09-20T13:00+10:00,general,0.0000,0.8313
2025-09-20T13:30+10:00,general,0.0000,0.8294
2025-09-20T14:00+10:00,general,0.0000,0.7763
2025-09-20T14:30+10:00,general,0.0000,0.7101
2025-09-20T15:00+10:00,general,0.0000,0.5629
2025-09-20T15:30+10:00,general,0.0000,0.4607
2025-09-20T16:00+10:00,general,0.0000,0.3604
2025-09-20T16:30+10:00,general,0.0000,0.1866
2025-09-20T17:00+10:00,general,0.0297,0.0000
2025-09-20T17:30+10:00,general,0.2564,0.0000
2025-09-20T18:00+10:00,general,0.4000,0.0000
2025-09-20T18:30+10:00,general,0.5773,0.0000
2025-09-20T19:00+10:00,general,0.7548,0.0000
2025-09-20T19:30+10:00,general,0.7159,0.0000
2025-09-20T20:00+10:00,general,0.6801,0.0000
2025-09-20T20:30+10:00,general,0.7000,0.0000
2025-09-20T21:00+10:00,general,0.6520,0.0000
2025-09-20T21:30+10:00,general,0.5533,0.0000
2025-09-20T22:00+10:00,general,0.4300,0.0000
2025-09-20T22:30+10:00,general,0.3769,0.0000
2025-09-20T23:00+10:00,general,0.2682,0.0000
2025-09-20T23:30+10:00,general,0.2121,0.0000
2025-09-21T00:00+10:00,general,0.1767,0.0000
2025-09-21T00:30+10:00,general,0.1453,0.0000
2025-09-21T01:00+10:00,general,0.1677,0.0000
2025-09-21T01:30+10:00,general,0.1592,0.0000
2025-09-21T02:00+10:00,general,0.1443,0.0000
2025-09-21T02:30+10:00,general,0.1554,0.0000
2025-09-21T03:00+10:00,general,0.1272,0.0000
2025-09-21T03:30+10:00,general,0.1279,0.0000
2025-09-21T04:00+10:00,general,0.1619,0.0000
2025-09-21T04:30+10:00,general,0.1371,0.0000
2025-09-21T05:00+10:00,general,0.1799,0.0000
2025-09-21T05:30+10:00,general,0.1705,0.0000
2025-09-21T06:00+10:00,general,0.2400,0.0000
2025-09-21T06:30+10:00,general,0.2674,0.0000
2025-09-21T07:00+10:00,general,0.1255,0.0000
2025-09-21T07:30+10:00,general,0.0089,0.0000
2025-09-21T08:00+10:00,general,0.0000,0.0984
2025-09-21T08:30+10:00,general,0.0000,0.2559
2025-09-21T09:00+10:00,general,0.0000,0.3840
2025-09-21T09:30+10:00,general,0.0000,0.4955
2025-09-21T10:00+10:00,general,0.0000,0.6452
2025-09-21T10:30+10:00,general,0.0000,0.7321
2025-09-21T11:00+10:00,general,0.0000,0.7764
2025-09-21T11:30+10:00,general,0.0000,0.8291
2025-09-21T12:00+10:00,general,0.0000,0.8316
2025-09-21T12:30+10:00,general,0.0000,0.8787
2025-09-21T13:00+10:00,general,0.0000,0.8489
2025-09-21T13:30+10:00,general,0.0000,0.7975
2025-09-21T14:00+10:00,general,0.0000,0.7434
2025-09-21T14:30+10:00,general,0.0000,0.6666
2025-09-21T15:00+10:00,general,0.0000,0.5862
2025-09-21T15:30+10:00,general,0.0000,0.4609
2025-09-21T16:00+10:00,general,0.0000,0.3135
2025-09-21T16:30+10:00,general,0.0000,0.1269
2025-09-21T17:00+10:00,general,0.0045,0.0000
2025-09-21T17:30+10:00,general,0.2186,0.0000
2025-09-21T18:00+10:00,general,0.5094,0.0000
2025-09-21T18:30+10:00,general,0.7088,0.0000
2025-09-21T19:00+10:00,general,0.6434,0.0000
2025-09-21T19:30+10:00,general,0.6015,0.0000
2025-09-21T20:00+10:00,general,0.7398,0.0000
2025-09-21T20:30+10:00,general,0.7184,0.0000
2025-09-21T21:00+10:00,general,0.6183,0.0000
2025-09-21T21:30+10:00,general,0.5633,0.0000
2025-09-21T22:00+10:00,general,0.3628,0.0000
2025-09-21T22:30+10:00,general,0.2974,0.0000
2025-09-21T23:00+10:00,general,0.3186,0.0000
2025-09-21T23:30+10:00,general,0.2201,0.0000
2025-09-22T00:00+10:00,general,0.2093,0.0000
2025-09-22T00:30+10:00,general,0.1363,0.0000
2025-09-22T01:00+10:00,general,0.1330,0.0000
2025-09-22T01:30+10:00,general,0.1513,0.0000
2025-09-22T02:00+10:00,general,0.1542,0.0000
2025-09-22T02:30+10:00,general,0.1371,0.0000
2025-09-22T03:00+10:00,general,0.1417,0.0000
2025-09-22T03:30+10:00,general,0.1671,0.0000
2025-09-22T04:00+10:00,general,0.1328,0.0000
2025-09-22T04:30+10:00,general,0.1616,0.0000
2025-09-22T05:00+10:00,general,0.1922,0.0000
2025-09-22T05:30+10:00,general,0.1636,0.0000
2025-09-22T06:00+10:00,general,0.2039,0.0000
2025-09-22T06:30+10:00,general,0.2334,0.0000
2025-09-22T07:00+10:00,general,0.1393,0.0000
2025-09-22T07:30+10:00,general,0.0000,0.0303
2025-09-22T08:00+10:00,general,0.0000,0.1318
2025-09-22T08:30+10:00,general,0.0000,0.2471
2025-09-22T09:00+10:00,general,0.0000,0.4193
2025-09-22T09:30+10:00,general,0.0000,0.5514
2025-09-22T10:00+10:00,general,0.0000,0.6473
2025-09-22T10:30+10:00,general,0.0000,0.7035
2025-09-22T11:00+10:00,general,0.0000,0.7764
2025-09-22T11:30+10:00,general,0.0000,0.8223
2025-09-22T12:00+10:00,general,0.0000,0.8497
2025-09-22T12:30+10:00,general,0.0000,0.8510
2025-09-22T13:00+10:00,general,0.0000,0.8668
2025-09-22T13:30+10:00,general,0.0000,0.8140
2025-09-22T14:00+10:00,general,0.0000,0.7721
2025-09-22T14:30+10:00,general,0.0000,0.6803
2025-09-22T15:00+10:00,general,0.0000,0.5892
2025-09-22T15:30+10:00,general,0.0000,0.4759
2025-09-22T16:00+10:00,general,0.0000,0.3682
2025-09-22T16:30+10:00,general,0.0000,0.1234
2025-09-22T17:00+10:00,general,0.0916,0.0000
2025-09-22T17:30+10:00,general,0.2788,0.0000
2025-09-22T18:00+10:00,general,0.3823,0.0000
2025-09-22T18:30+10:00,general,0.6348,0.0000
2025-09-22T19:00+10:00,general,0.7723,0.0000
2025-09-22T19:30+10:00,general,0.6992,0.0000
2025-09-22T20:00+10:00,general,0.6206,0.0000
2025-09-22T20:30+10:00,general,0.6912,0.0000
2025-09-22T21:00+10:00,general,0.5398,0.0000
2025-09-22T21:30+10:00,general,0.4315,0.0000
2025-09-22T22:00+10:00,general,0.4796,0.0000
2025-09-22T22:30+10:00,general,0.3717,0.0000
2025-09-22T23:00+10:00,general,0.3176,0.0000
2025-09-22T23:30+10:00,general,0.2561,0.0000
2025-09-23T00:00+10:00,general,0.1935,0.0000
2025-09-23T00:30+10:00,general,0.1412,0.0000
2025-09-23T01:00+10:00,general,0.1557,0.0000
2025-09-23T01:30+10:00,general,0.1376,0.0000
2025-09-23T02:00+10:00,general,0.1339,0.0000
2025-09-23T02:30+10:00,general,0.1388,0.0000
2025-09-23T03:00+10:00,general,0.1300,0.0000
2025-09-23T03:30+10:00,general,0.1529,0.0000
2025-09-23T04:00+10:00,general,0.1351,0.0000
2025-09-23T04:30+10:00,general,0.1710,0.0000
2025-09-23T05:00+10:00,general,0.1908,0.0000
2025-09-23T05:30+10:00,general,0.2037,0.0000
2025-09-23T06:00+10:00,general,0.1930,0.0000
2025-09-23T06:30+10:00,general,0.2512,0.0000
2025-09-23T07:00+10:00,general,0.1240,0.0000
2025-09-23T07:30+10:00,general,0.0342,0.0000
2025-09-23T08:00+10:00,general,0.0000,0.0955
2025-09-23T08:30+10:00,general,0.0000,0.2845
2025-09-23T09:00+10:00,general,0.0000,0.3890
2025-09-23T09:30+10:00,general,0.0000,0.5172
2025-09-23T10:00+10:00,general,0.0000,0.6307
2025-09-23T10:30+10:00,general,0.0000,0.7087
2025-09-23T11:00+10:00,general,0.0000,0.7860
2025-09-23T11:30+10:00,general,0.0000,0.8393
2025-09-23T12:00+10:00,general,0.0000,0.8414
2025-09-23T12:30+10:00,general,0.0000,0.8534
2025-09-23T13:00+10:00,general,0.0000,0.8587
2025-09-23T13:30+10:00,general,0.0000,0.8276
2025-09-23T14:00+10:00,general,0.0000,0.7855
2025-09-23T14:30+10:00,general,0.0000,0.7261
2025-09-23T15:00+10:00,general,0.0000,0.5924
2025-09-23T15:30+10:00,general,0.0000,0.4525
2025-09-23T16:00+10:00,general,0.0000,0.3705
2025-09-23T16:30+10:00,general,0.0000,0.1921
2025-09-23T17:00+10:00,general,0.0597,0.0000
2025-09-23T17:30+10:00,general,0.2215,0.0000
2025-09-23T18:00+10:00,general,0.5093,0.0000
2025-09-23T18:30+10:00,general,0.7283,0.0000
2025-09-23T19:00+10:00,general,0.6727,0.0000
2025-09-23T19:30+10:00,general,0.6643,0.0000
2025-09-23T20:00+10:00,general,0.6820,0.0000
2025-09-23T20:30+10:00,general,0.6845,0.0000
2025-09-23T21:00+10:00,general,0.5649,0.0000
2025-09-23T21:30+10:00,general,0.4354,0.0000
2025-09-23T22:00+10:00,general,0.4599,0.0000
2025-09-23T22:30+10:00,general,0.3913,0.0000
2025-09-23T23:00+10:00,general,0.3136,0.0000
2025-09-23T23:30+10:00,general,0.2464,0.0000
2025-09-24T00:00+10:00,general,0.1746,0.0000
2025-09-24T00:30+10:00,general,0.1475,0.0000
2025-09-24T01:00+10:00,general,0.1257,0.0000
2025-09-24T01:30+10:00,general,0.1561,0.0000
2025-09-24T02:00+10:00,general,0.1498,0.0000
2025-09-24T02:30+10:00,general,0.1478,0.0000
2025-09-24T03:00+10:00,general,0.1508,0.0000
2025-09-24T03:30+10:00,general,0.1524,0.0000
2025-09-24T04:00+10:00,general,0.1510,0.0000
2025-09-24T04:30+10:00,general,0.1766,0.0000
2025-09-24T05:00+10:00,general,0.1685,0.0000
2025-09-24T05:30+10:00,general,0.2110,0.0000
2025-09-24T06:00+10:00,general,0.2393,0.0000
2025-09-24T06:30+10:00,general,0.2308,0.0000
2025-09-24T07:00+10:00,general,0.1110,0.0000
2025-09-24T07:30+10:00,general,0.0000,0.0274
2025-09-24T08:00+10:00,general,0.0000,0.1259
2025-09-24T08:30+10:00,general,0.0000,0.2781
2025-09-24T09:00+10:00,general,0.0000,0.4063
2025-09-24T09:30+10:00,general,0.0000,0.5422
2025-09-24T10:00+10:00,general,0.0000,0.6509
2025-09-24T10:30+10:00,general,0.0000,0.7155
2025-09-24T11:00+10:00,general,0.0000,0.7939
2025-09-24T11:30+10:00,general,0.0000,0.8216
2025-09-24T12:00+10:00,general,0.0000,0.8677
2025-09-24T12:30+10:00,general,0.0000,0.8591
2025-09-24T13:00+10:00,general,0.0000,0.8565
2025-09-24T13:30+10:00,general,0.0000,0.8322
2025-09-24T14:00+10:00,general,0.0000,0.7654
2025-09-24T14:30+10:00,general,0.0000,0.7217
2025-09-24T15:00+10:00,general,0.0000,0.6344
2025-09-24T15:30+10:00,general,0.0000,0.4857
2025-09-24T16:00+10:00,general,0.0000,0.3060
2025-09-24T16:30+10:00,general,0.0000,0.1328
2025-09-24T17:00+10:00,general,0.0426,0.0000
2025-09-24T17:30+10:00,general,0.1655,0.0000
2025-09-24T18:00+10:00,general,0.4241,0.0000
2025-09-24T18:30+10:00,general,0.6863,0.0000
2025-09-24T19:00+10:00,general,0.6082,0.0000
2025-09-24T19:30+10:00,general,0.7775,0.0000
2025-09-24T20:00+10:00,general,0.7278,0.0000
2025-09-24T20:30+10:00,general,0.6955,0.0000
2025-09-24T21:00+10:00,general,0.5036,0.0000
2025-09-24T21:30+10:00,general,0.4659,0.0000
2025-09-24T22:00+10:00,general,0.4336,0.0000
2025-09-24T22:30+10:00,general,0.3601,0.0000
2025-09-24T23:00+10:00,general,0.2611,0.0000
2025-09-24T23:30+10:00,general,0.2314,0.0000
2025-09-25T00:00+10:00,general,0.2024,0.0000
2025-09-25T00:30+10:00,general,0.1562,0.0000
2025-09-25T01:00+10:00,general,0.1677,0.0000
2025-09-25T01:30+10:00,general,0.1332,0.0000
2025-09-25T02:00+10:00,general,0.1532,0.0000
2025-09-25T02:30+10:00,general,0.1656,0.0000
2025-09-25T03:00+10:00,general,0.1512,0.0000
2025-09-25T03:30+10:00,general,0.1317,0.0000
2025-09-25T04:00+10:00,general,0.1477,0.0000
2025-09-25T04:30+10:00,general,0.1761,0.0000
2025-09-25T05:00+10:00,general,0.1513,0.0000
2025-09-25T05:30+10:00,general,0.1645,0.0000
2025-09-25T06:00+10:00,general,0.2320,0.0000
2025-09-25T06:30+10:00,general,0.2087,0.0000
2025-09-25T07:00+10:00,general,0.1362,0.0000
2025-09-25T07:30+10:00,general,0.0000,0.0233
2025-09-25T08:00+10:00,general,0.0000,0.1375
2025-09-25T08:30+10:00,general,0.0000,0.2983
2025-09-25T09:00+10:00,general,0.0000,0.3922
2025-09-25T09:30+10:00,general,0.0000,0.5240
2025-09-25T10:00+10:00,general,0.0000,0.6270
2025-09-25T10:30+10:00,general,0.0000,0.7323
2025-09-25T11:00+10:00,general,0.0000,0.8161
2025-09-25T11:30+10:00,general,0.0000,0.8291
2025-09-25T12:00+10:00,general,0.0000,0.8672
2025-09-25T12:30+10:00,general,0.0000,0.8788
2025-09-25T13:00+10:00,general,0.0000,0.8802
2025-09-25T13:30+10:00,general,0.0000,0.8196
2025-09-25T14:00+10:00,general,0.0000,0.7947
2025-09-25T14:30+10:00,general,0.0000,0.7177
2025-09-25T15:00+10:00,general,0.0000,0.6433
2025-09-25T15:30+10:00,general,0.0000,0.5057
2025-09-25T16:00+10:00,general,0.0000,0.2974
2025-09-25T16:30+10:00,general,0.0000,0.1531
2025-09-25T17:00+10:00,general,0.0050,0.0000
2025-09-25T17:30+10:00,general,0.2255,0.0000
2025-09-25T18:00+10:00,general,0.4943,0.0000
2025-09-25T18:30+10:00,general,0.6775,0.0000
2025-09-25T19:00+10:00,general,0.7082,0.0000
2025-09-25T19:30+10:00,general,0.7910,0.0000
2025-09-25T20:00+10:00,general,0.7552,0.0000
2025-09-25T20:30+10:00,general,0.5824,0.0000
2025-09-25T21:00+10:00,general,0.5503,0.0000
2025-09-25T21:30+10:00,general,0.5345,0.0000
2025-09-25T22:00+10:00,general,0.4676,0.0000
2025-09-25T22:30+10:00,general,0.2967,0.0000
2025-09-25T23:00+10:00,general,0.3209,0.0000
2025-09-25T23:30+10:00,general,0.2364,0.0000
2025-09-26T00:00+10:00,general,0.2128,0.0000
2025-09-26T00:30+10:00,general,0.1597,0.0000
2025-09-26T01:00+10:00,general,0.1541,0.0000
2025-09-26T01:30+10:00,general,0.1555,0.0000
2025-09-26T02:00+10:00,general,0.1544,0.0000
2025-09-26T02:30+10:00,general,0.1495,0.0000
2025-09-26T03:00+10:00,general,0.1422,0.0000
2025-09-26T03:30+10:00,general,0.1376,0.0000
2025-09-26T04:00+10:00,general,0.1637,0.0000
2025-09-26T04:30+10:00,general,0.1753,0.0000
2025-09-26T05:00+10:00,general,0.1905,0.0000
2025-09-26T05:30+10:00,general,0.1819,0.0000
2025-09-26T06:00+10:00,general,0.2299,0.0000
2025-09-26T06:30+10:00,general,0.2601,0.0000
2025-09-26T07:00+10:00,general,0.1012,0.0000
2025-09-26T07:30+10:00,general,0.0031,0.0000
2025-09-26T08:00+10:00,general,0.0000,0.1111
2025-09-26T08:30+10:00,general,0.0000,0.2966
2025-09-26T09:00+10:00,general,0.0000,0.4208
2025-09-26T09:30+10:00,general,0.0000,0.5137
2025-09-26T10:00+10:00,general,0.0000,0.6271
2025-09-26T10:30+10:00,general,0.0000,0.7195
2025-09-26T11:00+10:00,general,0.0000,0.8021
2025-09-26T11:30+10:00,general,0.0000,0.8709
2025-09-26T12:00+10:00,general,0.0000,0.8795
2025-09-26T12:30+10:00,general,0.0000,0.8784
2025-09-26T13:00+10:00,general,0.0000,0.8859
2025-09-26T13:30+10:00,general,0.0000,0.8409
2025-09-26T14:00+10:00,general,0.0000,0.7946
2025-09-26T14:30+10:00,general,0.0000,0.7171
2025-09-26T15:00+10:00,general,0.0000,0.6349
2025-09-26T15:30+10:00,general,0.0000,0.5180
2025-09-26T16:00+10:00,general,0.0000,0.3071
2025-09-26T16:30+10:00,general,0.0000,0.2214
2025-09-26T17:00+10:00,general,0.0803,0.0000
2025-09-26T17:30+10:00,general,0.1600,0.0000
2025-09-26T18:00+10:00,general,0.4100,0.0000
2025-09-26T18:30+10:00,general,0.7245,0.0000
2025-09-26T19:00+10:00,general,0.7605,0.0000
2025-09-26T19:30+10:00,general,0.7266,0.0000
2025-09-26T20:00+10:00,general,0.7576,0.0000
2025-09-26T20:30+10:00,general,0.6390,0.0000
2025-09-26T21:00+10:00,general,0.6499,0.0000
2025-09-26T21:30+10:00,general,0.4464,0.0000
2025-09-26T22:00+10:00,general,0.4531,0.0000
2025-09-26T22:30+10:00,general,0.3233,0.0000
2025-09-26T23:00+10:00,general,0.2531,0.0000
2025-09-26T23:30+10:00,general,0.2423,0.0000
2025-09-27T00:00+10:00,general,0.1796,0.0000
2025-09-27T00:30+10:00,general,0.1337,0.0000
2025-09-27T01:00+10:00,general,0.1286,0.0000
2025-09-27T01:30+10:00,general,0.1488,0.0000
2025-09-27T02:00+10:00,general,0.1594,0.0000
2025-09-27T02:30+10:00,general,0.1287,0.0000
2025-09-27T03:00+10:00,general,0.1680,0.0000
2025-09-27T03:30+10:00,general,0.1395,0.0000
2025-09-27T04:00+10:00,general,0.1671,0.0000
2025-09-27T04:30+10:00,general,0.1490,0.0000
2025-09-27T05:00+10:00,general,0.1792,0.0000
2025-09-27T05:30+10:00,general,0.1642,0.0000
2025-09-27T06:00+10:00,general,0.2034,0.0000
2025-09-27T06:30+10:00,general,0.2709,0.0000
2025-09-27T07:00+10:00,general,0.1246,0.0000
2025-09-27T07:30+10:00,general,0.0000,0.0149
2025-09-27T08:00+10:00,general,0.0000,0.1074
2025-09-27T08:30+10:00,general,0.0000,0.2593
2025-09-27T09:00+10:00,general,0.0000,0.4008
2025-09-27T09:30+10:00,general,0.0000,0.5205
2025-09-27T10:00+10:00,general,0.0000,0.6300
2025-09-27T10:30+10:00,general,0.0000,0.7573
2025-09-27T11:00+10:00,general,0.0000,0.8089
2025-09-27T11:30+10:00,general,0.0000,0.8647
2025-09-27T12:00+10:00,general,0.0000,0.9001
2025-09-27T12:30+10:00,general,0.0000,0.9101
2025-09-27T13:00+10:00,general,0.0000,0.8792
2025-09-27T13:30+10:00,general,0.0000,0.8642
2025-09-27T14:00+10:00,general,0.0000,0.8032
2025-09-27T14:30+10:00,general,0.0000,0.7458
2025-09-27T15:00+10:00,general,0.0000,0.6307
2025-09-27T15:30+10:00,general,0.0000,0.5224
2025-09-27T16:00+10:00,general,0.0000,0.3493
2025-09-27T16:30+10:00,general,0.0000,0.1429
2025-09-27T17:00+10:00,general,0.0000,0.0141
2025-09-27T17:30+10:00,general,0.1778,0.0000
2025-09-27T18:00+10:00,general,0.3632,0.0000
2025-09-27T18:30+10:00,general,0.6197,0.0000
2025-09-27T19:00+10:00,general,0.6958,0.0000
2025-09-27T19:30+10:00,general,0.6775,0.0000
2025-09-27T20:00+10:00,general,0.5857,0.0000
2025-09-27T20:30+10:00,general,0.6998,0.0000
2025-09-27T21:00+10:00,general,0.4977,0.0000
2025-09-27T21:30+10:00,general,0.4356,0.0000
2025-09-27T22:00+10:00,general,0.3604,0.0000
2025-09-27T22:30+10:00,general,0.3316,0.0000
2025-09-27T23:00+10:00,general,0.2738,0.0000
2025-09-27T23:30+10:00,general,0.2449,0.0000
2025-09-28T00:00+10:00,general,0.2200,0.0000
2025-09-28T00:30+10:00,general,0.1323,0.0000
2025-09-28T01:00+10:00,general,0.1607,0.0000
2025-09-28T01:30+10:00,general,0.1673,0.0000
2025-09-28T02:00+10:00,general,0.1495,0.0000
2025-09-28T02:30+10:00,general,0.1486,0.0000
2025-09-28T03:00+10:00,general,0.1469,0.0000
2025-09-28T03:30+10:00,general,0.1702,0.0000
2025-09-28T04:00+10:00,general,0.1724,0.0000
2025-09-28T04:30+10:00,general,0.1783,0.0000
2025-09-28T05:00+10:00,general,0.1756,0.0000
2025-09-28T05:30+10:00,general,0.2043,0.0000
2025-09-28T06:00+10:00,general,0.2004,0.0000
2025-09-28T06:30+10:00,general,0.2417,0.0000
2025-09-28T07:00+10:00,general,0.0918,0.0000
2025-09-28T07:30+10:00,general,0.0214,0.0000
2025-09-28T08:00+10:00,general,0.0000,0.1532
2025-09-28T08:30+10:00,general,0.0000,0.2519
2025-09-28T09:00+10:00,general,0.0000,0.4122
2025-09-28T09:30+10:00,general,0.0000,0.5764
2025-09-28T10:00+10:00,general,0.0000,0.6721
2025-09-28T10:30+10:00,general,0.0000,0.7570
2025-09-28T11:00+10:00,general,0.0000,0.8209
2025-09-28T11:30+10:00,general,0.0000,0.8769
2025-09-28T12:00+10:00,general,0.0000,0.9003
2025-09-28T12:30+10:00,general,0.0000,0.8880
2025-09-28T13:00+10:00,general,0.0000,0.8686
2025-09-28T13:30+10:00,general,0.0000,0.8388
2025-09-28T14:00+10:00,general,0.0000,0.8071
2025-09-28T14:30+10:00,general,0.0000,0.7361
2025-09-28T15:00+10:00,general,0.0000,0.6552
2025-09-28T15:30+10:00,general,0.0000,0.5022
2025-09-28T16:00+10:00,general,0.0000,0.3583
2025-09-28T16:30+10:00,general,0.0000,0.1608
2025-09-28T17:00+10:00,general,0.0153,0.0000
2025-09-28T17:30+10:00,general,0.1683,0.0000
2025-09-28T18:00+10:00,general,0.4935,0.0000
2025-09-28T18:30+10:00,general,0.5731,0.0000
2025-09-28T19:00+10:00,general,0.6398,0.0000
2025-09-28T19:30+10:00,general,0.7856,0.0000
2025-09-28T20:00+10:00,general,0.5859,0.0000
2025-09-28T20:30+10:00,general,0.6736,0.0000
2025-09-28T21:00+10:00,general,0.6484,0.0000
2025-09-28T21:30+10:00,general,0.5056,0.0000
2025-09-28T22:00+10:00,general,0.3871,0.0000
2025-09-28T22:30+10:00,general,0.3068,0.0000
2025-09-28T23:00+10:00,general,0.2680,0.0000
2025-09-28T23:30+10:00,general,0.2307,0.0000
2025-09-29T00:00+10:00,general,0.2083,0.0000
2025-09-29T00:30+10:00,general,0.1287,0.0000
2025-09-29T01:00+10:00,general,0.1679,0.0000
2025-09-29T01:30+10:00,general,0.1417,0.0000
2025-09-29T02:00+10:00,general,0.1533,0.0000
2025-09-29T02:30+10:00,general,0.1478,0.0000
2025-09-29T03:00+10:00,general,0.1579,0.0000
2025-09-29T03:30+10:00,general,0.1456,0.0000
2025-09-29T04:00+10:00,general,0.1450,0.0000
2025-09-29T04:30+10:00,general,0.1801,0.0000
2025-09-29T05:00+10:00,general,0.1952,0.0000
2025-09-29T05:30+10:00,general,0.2065,0.0000
2025-09-29T06:00+10:00,general,0.2114,0.0000
2025-09-29T06:30+10:00,general,0.2276,0.0000
2025-09-29T07:00+10:00,general,0.1340,0.0000
2025-09-29T07:30+10:00,general,0.0293,0.0000
2025-09-29T08:00+10:00,general,0.0000,0.1342
2025-09-29T08:30+10:00,general,0.0000,0.2873
2025-09-29T09:00+10:00,general,0.0000,0.4549
2025-09-29T09:30+10:00,general,0.0000,0.5690
2025-09-29T10:00+10:00,general,0.0000,0.6799
2025-09-29T10:30+10:00,general,0.0000,0.7775
2025-09-29T11:00+10:00,general,0.0000,0.8021
2025-09-29T11:30+10:00,general,0.0000,0.8595
2025-09-29T12:00+10:00,general,0.0000,0.9192
2025-09-29T12:30+10:00,general,0.0000,0.9194
2025-09-29T13:00+10:00,general,0.0000,0.8988
2025-09-29T13:30+10:00,general,0.0000,0.8856
2025-09-29T14:00+10:00,general,0.0000,0.8031
2025-09-29T14:30+10:00,general,0.0000,0.7533
2025-09-29T15:00+10:00,general,0.0000,0.6149
2025-09-29T15:30+10:00,general,0.0000,0.5096
2025-09-29T16:00+10:00,general,0.0000,0.3675
2025-09-29T16:30+10:00,general,0.0000,0.1991
2025-09-29T17:00+10:00,general,0.0000,0.0463
2025-09-29T17:30+10:00,general,0.2412,0.0000
2025-09-29T18:00+10:00,general,0.4312,0.0000
2025-09-29T18:30+10:00,general,0.7126,0.0000
2025-09-29T19:00+10:00,general,0.7695,0.0000
2025-09-29T19:30+10:00,general,0.7281,0.0000
2025-09-29T20:00+10:00,general,0.6640,0.0000
2025-09-29T20:30+10:00,general,0.7138,0.0000
2025-09-29T21:00+10:00,general,0.5796,0.0000
2025-09-29T21:30+10:00,general,0.5139,0.0000
2025-09-29T22:00+10:00,general,0.3963,0.0000
2025-09-29T22:30+10:00,general,0.3535,0.0000
2025-09-29T23:00+10:00,general,0.3203,0.0000
2025-09-29T23:30+10:00,general,0.2253,0.0000
2025-09-30T00:00+10:00,general,0.2340,0.0000
2025-09-30T00:30+10:00,general,0.1548,0.0000
2025-09-30T01:00+10:00,general,0.1672,0.0000
2025-09-30T01:30+10:00,general,0.1383,0.0000
2025-09-30T02:00+10:00,general,0.1467,0.0000
2025-09-30T02:30+10:00,general,0.1543,0.0000
2025-09-30T03:00+10:00,general,0.1432,0.0000
2025-09-30T03:30+10:00,general,0.1470,0.0000
2025-09-30T04:00+10:00,general,0.1749,0.0000
2025-09-30T04:30+10:00,general,0.1585,0.0000
2025-09-30T05:00+10:00,general,0.1564,0.0000
2025-09-30T05:30+10:00,general,0.1692,0.0000
2025-09-30T06:00+10:00,general,0.2124,0.0000
2025-09-30T06:30+10:00,general,0.2393,0.0000
2025-09-30T07:00+10:00,general,0.0905,0.0000
2025-09-30T07:30+10:00,general,0.0000,0.0456
2025-09-30T08:00+10:00,general,0.0000,0.1352
2025-09-30T08:30+10:00,general,0.0000,0.3049
2025-09-30T09:00+10:00,general,0.0000,0.4320
2025-09-30T09:30+10:00,general,0.0000,0.5494
2025-09-30T10:00+10:00,general,0.0000,0.6762
2025-09-30T10:30+10:00,general,0.0000,0.7543
2025-09-30T11:00+10:00,general,0.0000,0.8091
2025-09-30T11:30+10:00,general,0.0000,0.8723
2025-09-30T12:00+10:00,general,0.0000,0.8993
2025-09-30T12:30+10:00,general,0.0000,0.9050
2025-09-30T13:00+10:00,general,0.0000,0.9209
2025-09-30T13:30+10:00,general,0.0000,0.8740
2025-09-30T14:00+10:00,general,0.0000,0.8122
2025-09-30T14:30+10:00,general,0.0000,0.7230
2025-09-30T15:00+10:00,general,0.0000,0.6294
2025-09-30T15:30+10:00,general,0.0000,0.4838
2025-09-30T16:00+10:00,general,0.0000,0.3361
2025-09-30T16:30+10:00,general,0.0000,0.2067
2025-09-30T17:00+10:00,general,0.0000,0.0429
2025-09-30T17:30+10:00,general,0.1570,0.0000
2025-09-30T18:00+10:00,general,0.3589,0.0000
2025-09-30T18:30+10:00,general,0.6825,0.0000
2025-09-30T19:00+10:00,general,0.6979,0.0000
2025-09-30T19:30+10:00,general,0.7065,0.0000
2025-09-30T20:00+10:00,general,0.5845,0.0000
2025-09-30T20:30+10:00,general,0.6323,0.0000
2025-09-30T21:00+10:00,general,0.5138,0.0000
2025-09-30T21:30+10:00,general,0.4340,0.0000
2025-09-30T22:00+10:00,general,0.4834,0.0000
2025-09-30T22:30+10:00,general,0.3451,0.0000
2025-09-30T23:00+10:00,general,0.3160,0.0000
2025-09-30T23:30+10:00,general,0.2390,0.0000
2025-10-01T00:00+10:00,general,0.1892,0.0000
2025-10-01T00:30+10:00,general,0.1425,0.0000
2025-10-01T01:00+10:00,general,0.1604,0.0000
2025-10-01T01:30+10:00,general,0.1527,0.0000
2025-10-01T02:00+10:00,general,0.1285,0.0000
2025-10-01T02:30+10:00,general,0.1557,0.0000
2025-10-01T03:00+10:00,general,0.1444,0.0000
2025-10-01T03:30+10:00,general,0.1322,0.0000
2025-10-01T04:00+10:00,general,0.1357,0.0000
2025-10-01T04:30+10:00,general,0.1784,0.0000
2025-10-01T05:00+10:00,general,0.1758,0.0000
2025-10-01T05:30+10:00,general,0.1669,0.0000
2025-10-01T06:00+10:00,general,0.1933,0.0000
2025-10-01T06:30+10:00,general,0.2739,0.0000
2025-10-01T07:00+10:00,general,0.1016,0.0000
2025-10-01T07:30+10:00,general,0.0043,0.0000
2025-10-01T08:00+10:00,general,0.0000,0.1220
2025-10-01T08:30+10:00,general,0.0000,0.2647
2025-10-01T09:00+10:00,general,0.0000,0.4083
2025-10-01T09:30+10:00,general,0.0000,0.5405
2025-10-01T10:00+10:00,general,0.0000,0.6903
2025-10-01T10:30+10:00,general,0.0000,0.7735
2025-10-01T11:00+10:00,general,0.0000,0.8175
2025-10-01T11:30+10:00,general,0.0000,0.8864
2025-10-01T12:00+10:00,general,0.0000,0.9091
2025-10-01T12:30+10:00,general,0.0000,0.9387
2025-10-01T13:00+10:00,general,0.0000,0.9078
2025-10-01T13:30+10:00,general,0.0000,0.8735
2025-10-01T14:00+10:00,general,0.0000,0.8165
2025-10-01T14:30+10:00,general,0.0000,0.7304
2025-10-01T15:00+10:00,general,0.0000,0.6328
2025-10-01T15:30+10:00,general,0.0000,0.5384
2025-10-01T16:00+10:00,general,0.0000,0.3393
2025-10-01T16:30+10:00,general,0.0000,0.1970
2025-10-01T17:00+10:00,general,0.0000,0.0001
2025-10-01T17:30+10:00,general,0.1925,0.0000
2025-10-01T18:00+10:00,general,0.4685,0.0000
2025-10-01T18:30+10:00,general,0.6587,0.0000
2025-10-01T19:00+10:00,general,0.6408,0.0000
2025-10-01T19:30+10:00,general,0.7648,0.0000
2025-10-01T20:00+10:00,general,0.7524,0.0000
2025-10-01T20:30+10:00,general,0.6637,0.0000
2025-10-01T21:00+10:00,general,0.6429,0.0000
2025-10-01T21:30+10:00,general,0.4811,0.0000
2025-10-01T22:00+10:00,general,0.4109,0.0000
2025-10-01T22:30+10:00,general,0.3424,0.0000
2025-10-01T23:00+10:00,general,0.3053,0.0000
2025-10-01T23:30+10:00,general,0.2488,0.0000
2025-10-02T00:00+10:00,general,0.2288,0.0000
2025-10-02T00:30+10:00,general,0.1568,0.0000
2025-10-02T01:00+10:00,general,0.1381,0.0000
2025-10-02T01:30+10:00,general,0.1663,0.0000
2025-10-02T02:00+10:00,general,0.1479,0.0000
2025-10-02T02:30+10:00,general,0.1401,0.0000
2025-10-02T03:00+10:00,general,0.1698,0.0000
2025-10-02T03:30+10:00,general,0.1422,0.0000
2025-10-02T04:00+10:00,general,0.1317,0.0000
2025-10-02T04:30+10:00,general,0.1583,0.0000
2025-10-02T05:00+10:00,general,0.1938,0.0000
2025-10-02T05:30+10:00,general,0.2100,0.0000
2025-10-02T06:00+10:00,general,0.2148,0.0000
2025-10-02T06:30+10:00,general,0.2543,0.0000
2025-10-02T07:00+10:00,general,0.1200,0.0000
2025-10-02T07:30+10:00,general,0.0000,0.0416
2025-10-02T08:00+10:00,general,0.0000,0.1505
2025-10-02T08:30+10:00,general,0.0000,0.3114
2025-10-02T09:00+10:00,general,0.0000,0.4655
2025-10-02T09:30+10:00,general,0.0000,0.5806
2025-10-02T10:00+10:00,general,0.0000,0.6981
2025-10-02T10:30+10:00,general,0.0000,0.7937
2025-10-02T11:00+10:00,general,0.0000,0.8492
2025-10-02T11:30+10:00,general,0.0000,0.8739
2025-10-02T12:00+10:00,general,0.0000,0.9276
2025-10-02T12:30+10:00,general,0.0000,0.9286
2025-10-02T13:00+10:00,general,0.0000,0.9192
2025-10-02T13:30+10:00,general,0.0000,0.8910
2025-10-02T14:00+10:00,general,0.0000,0.8428
2025-10-02T14:30+10:00,general,0.0000,0.7661
2025-10-02T15:00+10:00,general,0.0000,0.6598
2025-10-02T15:30+10:00,general,0.0000,0.5433
2025-10-02T16:00+10:00,general,0.0000,0.4007
2025-10-02T16:30+10:00,general,0.0000,0.1654
2025-10-02T17:00+10:00,general,0.0000,0.0195
2025-10-02T17:30+10:00,general,0.1555,0.0000
2025-10-02T18:00+10:00,general,0.4155,0.0000
2025-10-02T18:30+10:00,general,0.6855,0.0000
2025-10-02T19:00+10:00,general,0.6311,0.0000
2025-10-02T19:30+10:00,general,0.7202,0.0000
2025-10-02T20:00+10:00,general,0.7519,0.0000
2025-10-02T20:30+10:00,general,0.5660,0.0000
2025-10-02T21:00+10:00,general,0.4882,0.0000
2025-10-02T21:30+10:00,general,0.5026,0.0000
2025-10-02T22:00+10:00,general,0.3759,0.0000
2025-10-02T22:30+10:00,general,0.3936,0.0000
2025-10-02T23:00+10:00,general,0.3179,0.0000
2025-10-02T23:30+10:00,general,0.2754,0.0000
2025-10-03T00:00+10:00,general,0.2198,0.0000
2025-10-03T00:30+10:00,general,0.1659,0.0000
2025-10-03T01:00+10:00,general,0.1373,0.0000
2025-10-03T01:30+10:00,general,0.1414,0.0000
2025-10-03T02:00+10:00,general,0.1382,0.0000
2025-10-03T02:30+10:00,general,0.1684,0.0000
2025-10-03T03:00+10:00,general,0.1643,0.0000
2025-10-03T03:30+10:00,general,0.1472,0.0000
2025-10-03T04:00+10:00,general,0.1368,0.0000
2025-10-03T04:30+10:00,general,0.1733,0.0000
2025-10-03T05:00+10:00,general,0.1782,0.0000
2025-10-03T05:30+10:00,general,0.1722,0.0000
2025-10-03T06:00+10:00,general,0.2368,0.0000
2025-10-03T06:30+10:00,general,0.2746,0.0000
2025-10-03T07:00+10:00,general,0.1073,0.0000
2025-10-03T07:30+10:00,general,0.0143,0.0000
2025-10-03T08:00+10:00,general,0.0000,0.1464
2025-10-03T08:30+10:00,general,0.0000,0.2708
2025-10-03T09:00+10:00,general,0.0000,0.4479
2025-10-03T09:30+10:00,general,0.0000,0.5715
2025-10-03T10:00+10:00,general,0.0000,0.6893
2025-10-03T10:30+10:00,general,0.0000,0.7970
2025-10-03T11:00+10:00,general,0.0000,0.8621
2025-10-03T11:30+10:00,general,0.0000,0.8775
2025-10-03T12:00+10:00,general,0.0000,0.9338
2025-10-03T12:30+10:00,general,0.0000,0.9186
2025-10-03T13:00+10:00,general,0.0000,0.8979
2025-10-03T13:30+10:00,general,0.0000,0.8802
2025-10-03T14:00+10:00,general,0.0000,0.8315
2025-10-03T14:30+10:00,general,0.0000,0.7480
2025-10-03T15:00+10:00,general,0.0000,0.6718
2025-10-03T15:30+10:00,general,0.0000,0.5086
2025-10-03T16:00+10:00,general,0.0000,0.3669
2025-10-03T16:30+10:00,general,0.0000,0.1574
2025-10-03T17:00+10:00,general,0.0493,0.0000
2025-10-03T17:30+10:00,general,0.2532,0.0000
2025-10-03T18:00+10:00,general,0.4253,0.0000
2025-10-03T18:30+10:00,general,0.7268,0.0000
2025-10-03T19:00+10:00,general,0.6438,0.0000
2025-10-03T19:30+10:00,general,0.6540,0.0000
2025-10-03T20:00+10:00,general,0.7528,0.0000
2025-10-03T20:30+10:00,general,0.5748,0.0000
2025-10-03T21:00+10:00,general,0.6192,0.0000
2025-10-03T21:30+10:00,general,0.5623,0.0000
2025-10-03T22:00+10:00,general,0.3686,0.0000
2025-10-03T22:30+10:00,general,0.3608,0.0000
2025-10-03T23:00+10:00,general,0.2695,0.0000
2025-10-03T23:30+10:00,general,0.2600,0.0000
2025-10-04T00:00+10:00,general,0.2301,0.0000
2025-10-04T00:30+10:00,general,0.1681,0.0000
2025-10-04T01:00+10:00,general,0.1618,0.0000
2025-10-04T01:30+10:00,general,0.1415,0.0000
2025-10-04T02:00+10:00,general,0.1393,0.0000
2025-10-04T02:30+10:00,general,0.1575,0.0000
2025-10-04T03:00+10:00,general,0.1597,0.0000
2025-10-04T03:30+10:00,general,0.1526,0.0000
2025-10-04T04:00+10:00,general,0.1538,0.0000
2025-10-04T04:30+10:00,general,0.1721,0.0000
2025-10-04T05:00+10:00,general,0.1728,0.0000
2025-10-04T05:30+10:00,general,0.2102,0.0000
2025-10-04T06:00+10:00,general,0.2027,0.0000
2025-10-04T06:30+10:00,general,0.2548,0.0000
2025-10-04T07:00+10:00,general,0.1503,0.0000
2025-10-04T07:30+10:00,general,0.0000,0.0450
2025-10-04T08:00+10:00,general,0.0000,0.1279
2025-10-04T08:30+10:00,general,0.0000,0.3096
2025-10-04T09:00+10:00,general,0.0000,0.4568
2025-10-04T09:30+10:00,general,0.0000,0.6013
2025-10-04T10:00+10:00,general,0.0000,0.7150
2025-10-04T10:30+10:00,general,0.0000,0.8045
2025-10-04T11:00+10:00,general,0.0000,0.8701
2025-10-04T11:30+10:00,general,0.0000,0.8882
2025-10-04T12:00+10:00,general,0.0000,0.9527
2025-10-04T12:30+10:00,general,0.0000,0.9226
2025-10-04T13:00+10:00,general,0.0000,0.9257
2025-10-04T13:30+10:00,general,0.0000,0.9133
2025-10-04T14:00+10:00,general,0.0000,0.8304
2025-10-04T14:30+10:00,general,0.0000,0.7442
2025-10-04T15:00+10:00,general,0.0000,0.6815
2025-10-04T15:30+10:00,general,0.0000,0.5352
2025-10-04T16:00+10:00,general,0.0000,0.4059
2025-10-04T16:30+10:00,general,0.0000,0.1850
2025-10-04T17:00+10:00,general,0.0659,0.0000
2025-10-04T17:30+10:00,general,0.1610,0.0000
2025-10-04T18:00+10:00,general,0.4124,0.0000
2025-10-04T18:30+10:00,general,0.6980,0.0000
2025-10-04T19:00+10:00,general,0.6327,0.0000
2025-10-04T19:30+10:00,general,0.6051,0.0000
2025-10-04T20:00+10:00,general,0.6562,0.0000
2025-10-04T20:30+10:00,general,0.5929,0.0000
2025-10-04T21:00+10:00,general,0.6469,0.0000
2025-10-04T21:30+10:00,general,0.4379,0.0000
2025-10-04T22:00+10:00,general,0.3682,0.0000
2025-10-04T22:30+10:00,general,0.3604,0.0000
2025-10-04T23:00+10:00,general,0.2697,0.0000
2025-10-04T23:30+10:00,general,0.2137,0.0000
2025-10-05T00:00+10:00,general,0.2226,0.0000
2025-10-05T00:30+10:00,general,0.1495,0.0000
2025-10-05T01:00+10:00,general,0.1664,0.0000
2025-10-05T01:30+10:00,general,0.1656,0.0000
2025-10-05T02:00+10:00,general,0.1633,0.0000
2025-10-05T02:30+10:00,general,0.1487,0.0000
2025-10-05T03:00+10:00,general,0.1427,0.0000
2025-10-05T03:30+10:00,general,0.1404,0.0000
2025-10-05T04:00+10:00,general,0.1732,0.0000
2025-10-05T04:30+10:00,general,0.1425,0.0000
2025-10-05T05:00+10:00,general,0.1745,0.0000
2025-10-05T05:30+10:00,general,0.1931,0.0000
2025-10-05T06:00+10:00,general,0.2291,0.0000
2025-10-05T06:30+10:00,general,0.2327,0.0000
2025-10-05T07:00+10:00,general,0.1080,0.0000
2025-10-05T07:30+10:00,general,0.0127,0.0000
2025-10-05T08:00+10:00,general,0.0000,0.1298
2025-10-05T08:30+10:00,general,0.0000,0.3160
2025-10-05T09:00+10:00,general,0.0000,0.4235
2025-10-05T09:30+10:00,general,0.0000,0.5974
2025-10-05T10:00+10:00,general,0.0000,0.7197
2025-10-05T10:30+10:00,general,0.0000,0.7657
2025-10-05T11:00+10:00,general,0.0000,0.8744
2025-10-05T11:30+10:00,general,0.0000,0.8858
2025-10-05T12:00+10:00,general,0.0000,0.9403
2025-10-05T12:30+10:00,general,0.0000,0.9333
2025-10-05T13:00+10:00,general,0.0000,0.9449
2025-10-05T13:30+10:00,general,0.0000,0.8964
2025-10-05T14:00+10:00,general,0.0000,0.8220
2025-10-05T14:30+10:00,general,0.0000,0.7454
2025-10-05T15:00+10:00,general,0.0000,0.6902
2025-10-05T15:30+10:00,general,0.0000,0.5378
2025-10-05T16:00+10:00,general,0.0000,0.4111
2025-10-05T16:30+10:00,general,0.0000,0.2247
2025-10-05T17:00+10:00,general,0.0037,0.0000
2025-10-05T17:30+10:00,general,0.2008,0.0000
2025-10-05T18:00+10:00,general,0.3565,0.0000
2025-10-05T18:30+10:00,general,0.5936,0.0000
2025-10-05T19:00+10:00,general,0.7197,0.0000
2025-10-05T19:30+10:00,general,0.7715,0.0000
2025-10-05T20:00+10:00,general,0.6460,0.0000
2025-10-05T20:30+10:00,general,0.5727,0.0000
2025-10-05T21:00+10:00,general,0.5458,0.0000
2025-10-05T21:30+10:00,general,0.4743,0.0000
2025-10-05T22:00+10:00,general,0.3940,0.0000
2025-10-05T22:30+10:00,general,0.3180,0.0000
2025-10-05T23:00+10:00,general,0.3236,0.0000
2025-10-05T23:30+10:00,general,0.2572,0.0000
2025-10-06T00:00+10:00,general,0.2240,0.0000
2025-10-06T00:30+10:00,general,0.1612,0.0000
2025-10-06T01:00+10:00,general,0.1558,0.0000
2025-10-06T01:30+10:00,general,0.1588,0.0000
2025-10-06T02:00+10:00,general,0.1634,0.0000
2025-10-06T02:30+10:00,general,0.1262,0.0000
2025-10-06T03:00+10:00,general,0.1354,0.0000
2025-10-06T03:30+10:00,general,0.1340,0.0000
2025-10-06T04:00+10:00,general,0.1367,0.0000
2025-10-06T04:30+10:00,general,0.1637,0.0000
2025-10-06T05:00+10:00,general,0.1661,0.0000
2025-10-06T05:30+10:00,general,0.2055,0.0000
2025-10-06T06:00+10:00,general,0.1877,0.0000
2025-10-06T06:30+10:00,general,0.2090,0.0000
2025-10-06T07:00+10:00,general,0.0929,0.0000
2025-10-06T07:30+10:00,general,0.0000,0.0315
2025-10-06T08:00+10:00,general,0.0000,0.1383
2025-10-06T08:30+10:00,general,0.0000,0.3092
2025-10-06T09:00+10:00,general,0.0000,0.4330
2025-10-06T09:30+10:00,general,0.0000,0.5730
2025-10-06T10:00+10:00,general,0.0000,0.6832
2025-10-06T10:30+10:00,general,0.0000,0.8162
2025-10-06T11:00+10:00,general,0.0000,0.8812
2025-10-06T11:30+10:00,general,0.0000,0.9018
2025-10-06T12:00+10:00,general,0.0000,0.9280
2025-10-06T12:30+10:00,general,0.0000,0.9530
2025-10-06T13:00+10:00,general,0.0000,0.9444
2025-10-06T13:30+10:00,general,0.0000,0.9151
2025-10-06T14:00+10:00,general,0.0000,0.8765
2025-10-06T14:30+10:00,general,0.0000,0.7925
2025-10-06T15:00+10:00,general,0.0000,0.6505
2025-10-06T15:30+10:00,general,0.0000,0.5072
2025-10-06T16:00+10:00,general,0.0000,0.4087
2025-10-06T16:30+10:00,general,0.0000,0.1835
2025-10-06T17:00+10:00,general,0.0000,0.0391
2025-10-06T17:30+10:00,general,0.2166,0.0000
2025-10-06T18:00+10:00,general,0.4295,0.0000
2025-10-06T18:30+10:00,general,0.5541,0.0000
2025-10-06T19:00+10:00,general,0.6586,0.0000
2025-10-06T19:30+10:00,general,0.6099,0.0000
2025-10-06T20:00+10:00,general,0.6433,0.0000
2025-10-06T20:30+10:00,general,0.6324,0.0000
2025-10-06T21:00+10:00,general,0.5704,0.0000
2025-10-06T21:30+10:00,general,0.5402,0.0000
2025-10-06T22:00+10:00,general,0.4544,0.0000
2025-10-06T22:30+10:00,general,0.3578,0.0000
2025-10-06T23:00+10:00,general,0.3015,0.0000
2025-10-06T23:30+10:00,general,0.2350,0.0000
2025-10-07T00:00+10:00,general,0.1852,0.0000
2025-10-07T00:30+10:00,general,0.1303,0.0000
2025-10-07T01:00+10:00,general,0.1292,0.0000
2025-10-07T01:30+10:00,general,0.1683,0.0000
2025-10-07T02:00+10:00,general,0.1451,0.0000
2025-10-07T02:30+10:00,general,0.1414,0.0000
2025-10-07T03:00+10:00,general,0.1466,0.0000
2025-10-07T03:30+10:00,general,0.1322,0.0000
2025-10-07T04:00+10:00,general,0.1527,0.0000
2025-10-07T04:30+10:00,general,0.1544,0.0000
2025-10-07T05:00+10:00,general,0.1884,0.0000
2025-10-07T05:30+10:00,general,0.1754,0.0000
2025-10-07T06:00+10:00,general,0.2239,0.0000
2025-10-07T06:30+10:00,general,0.2613,0.0000
2025-10-07T07:00+10:00,general,0.0855,0.0000
2025-10-07T07:30+10:00,general,0.0000,0.0134
2025-10-07T08:00+10:00,general,0.0000,0.1882
2025-10-07T08:30+10:00,general,0.0000,0.2791
2025-10-07T09:00+10:00,general,0.0000,0.4349
2025-10-07T09:30+10:00,general,0.0000,0.5890
2025-10-07T10:00+10:00,general,0.0000,0.7041
2025-10-07T10:30+10:00,general,0.0000,0.7927
2025-10-07T11:00+10:00,general,0.0000,0.8808
2025-10-07T11:30+10:00,general,0.0000,0.9143
2025-10-07T12:00+10:00,general,0.0000,0.9278
2025-10-07T12:30+10:00,general,0.0000,0.9735
2025-10-07T13:00+10:00,general,0.0000,0.9533
2025-10-07T13:30+10:00,general,0.0000,0.8958
2025-10-07T14:00+10:00,general,0.0000,0.8747
2025-10-07T14:30+10:00,general,0.0000,0.7837
2025-10-07T15:00+10:00,general,0.0000,0.6980
2025-10-07T15:30+10:00,general,0.0000,0.5139
2025-10-07T16:00+10:00,general,0.0000,0.4280
2025-10-07T16:30+10:00,general,0.0000,0.2092
2025-10-07T17:00+10:00,general,0.0334,0.0000
2025-10-07T17:30+10:00,general,0.1900,0.0000
2025-10-07T18:00+10:00,general,0.4084,0.0000
2025-10-07T18:30+10:00,general,0.5718,0.0000
2025-10-07T19:00+10:00,general,0.7042,0.0000
2025-10-07T19:30+10:00,general,0.7129,0.0000
2025-10-07T20:00+10:00,general,0.7308,0.0000
2025-10-07T20:30+10:00,general,0.7010,0.0000
2025-10-07T21:00+10:00,general,0.4900,0.0000
2025-10-07T21:30+10:00,general,0.4391,0.0000
2025-10-07T22:00+10:00,general,0.4110,0.0000
2025-10-07T22:30+10:00,general,0.3423,0.0000
2025-10-07T23:00+10:00,general,0.2862,0.0000
2025-10-07T23:30+10:00,general,0.2265,0.0000
2025-10-08T00:00+10:00,general,0.2170,0.0000
2025-10-08T00:30+10:00,general,0.1608,0.0000
2025-10-08T01:00+10:00,general,0.1509,0.0000
2025-10-08T01:30+10:00,general,0.1584,0.0000
2025-10-08T02:00+10:00,general,0.1277,0.0000
2025-10-08T02:30+10:00,general,0.1324,0.0000
2025-10-08T03:00+10:00,general,0.1492,0.0000
2025-10-08T03:30+10:00,general,0.1424,0.0000
2025-10-08T04:00+10:00,general,0.1329,0.0000
2025-10-08T04:30+10:00,general,0.1814,0.0000
2025-10-08T05:00+10:00,general,0.1948,0.0000
2025-10-08T05:30+10:00,general,0.1895,0.0000
2025-10-08T06:00+10:00,general,0.2189,0.0000
2025-10-08T06:30+10:00,general,0.2385,0.0000
2025-10-08T07:00+10:00,general,0.1284,0.0000
2025-10-08T07:30+10:00,general,0.0000,0.0320
2025-10-08T08:00+10:00,general,0.0000,0.1915
2025-10-08T08:30+10:00,general,0.0000,0.3078
2025-10-08T09:00+10:00,general,0.0000,0.4399
2025-10-08T09:30+10:00,general,0.0000,0.6234
2025-10-08T10:00+10:00,general,0.0000,0.7139
2025-10-08T10:30+10:00,general,0.0000,0.7955
2025-10-08T11:00+10:00,general,0.0000,0.8874
2025-10-08T11:30+10:00,general,0.0000,0.9441
2025-10-08T12:00+10:00,general,0.0000,0.9350
2025-10-08T12:30+10:00,general,0.0000,0.9512
2025-10-08T13:00+10:00,general,0.0000,0.9548
2025-10-08T13:30+10:00,general,0.0000,0.9134
2025-10-08T14:00+10:00,general,0.0000,0.8859
2025-10-08T14:30+10:00,general,0.0000,0.8033
2025-10-08T15:00+10:00,general,0.0000,0.7038
2025-10-08T15:30+10:00,general,0.0000,0.5608
2025-10-08T16:00+10:00,general,0.0000,0.3942
2025-10-08T16:30+10:00,general,0.0000,0.1594
2025-10-08T17:00+10:00,general,0.0000,0.0269
2025-10-08T17:30+10:00,general,0.2469,0.0000
2025-10-08T18:00+10:00,general,0.3761,0.0000
2025-10-08T18:30+10:00,general,0.5767,0.0000
2025-10-08T19:00+10:00,general,0.7561,0.0000
2025-10-08T19:30+10:00,general,0.6519,0.0000
2025-10-08T20:00+10:00,general,0.6414,0.0000
2025-10-08T20:30+10:00,general,0.5648,0.0000
2025-10-08T21:00+10:00,general,0.5120,0.0000
2025-10-08T21:30+10:00,general,0.4896,0.0000
2025-10-08T22:00+10:00,general,0.4367,0.0000
2025-10-08T22:30+10:00,general,0.3576,0.0000
2025-10-08T23:00+10:00,general,0.3146,0.0000
2025-10-08T23:30+10:00,general,0.2680,0.0000
2025-10-09T00:00+10:00,general,0.2176,0.0000
2025-10-09T00:30+10:00,general,0.1551,0.0000
2025-10-09T01:00+10:00,general,0.1320,0.0000
2025-10-09T01:30+10:00,general,0.1286,0.0000
2025-10-09T02:00+10:00,general,0.1273,0.0000
2025-10-09T02:30+10:00,general,0.1434,0.0000
2025-10-09T03:00+10:00,general,0.1612,0.0000
2025-10-09T03:30+10:00,general,0.1613,0.0000
2025-10-09T04:00+10:00,general,0.1405,0.0000
2025-10-09T04:30+10:00,general,0.1686,0.0000
2025-10-09T05:00+10:00,general,0.1914,0.0000
2025-10-09T05:30+10:00,general,0.1831,0.0000
2025-10-09T06:00+10:00,general,0.2319,0.0000
2025-10-09T06:30+10:00,general,0.2424,0.0000
2025-10-09T07:00+10:00,general,0.1035,0.0000
2025-10-09T07:30+10:00,general,0.0126,0.0000
2025-10-09T08:00+10:00,general,0.0000,0.1760
2025-10-09T08:30+10:00,general,0.0000,0.2884
2025-10-09T09:00+10:00,general,0.0000,0.4981
2025-10-09T09:30+10:00,general,0.0000,0.6117
2025-10-09T10:00+10:00,general,0.0000,0.7027
2025-10-09T10:30+10:00,general,0.0000,0.8344
2025-10-09T11:00+10:00,general,0.0000,0.8806
2025-10-09T11:30+10:00,general,0.0000,0.9469
2025-10-09T12:00+10:00,general,0.0000,0.9507
2025-10-09T12:30+10:00,general,0.0000,0.9617
2025-10-09T13:00+10:00,general,0.0000,0.9442
2025-10-09T13:30+10:00,general,0.0000,0.9222
2025-10-09T14:00+10:00,general,0.0000,0.8622
2025-10-09T14:30+10:00,general,0.0000,0.7928
2025-10-09T15:00+10:00,general,0.0000,0.6779
2025-10-09T15:30+10:00,general,0.0000,0.5421
2025-10-09T16:00+10:00,general,0.0000,0.4165
2025-10-09T16:30+10:00,general,0.0000,0.1958
2025-10-09T17:00+10:00,general,0.0278,0.0000
2025-10-09T17:30+10:00,general,0.2191,0.0000
2025-10-09T18:00+10:00,general,0.4803,0.0000
2025-10-09T18:30+10:00,general,0.6676,0.0000
2025-10-09T19:00+10:00,general,0.6232,0.0000
2025-10-09T19:30+10:00,general,0.7973,0.0000
2025-10-09T20:00+10:00,general,0.6777,0.0000
2025-10-09T20:30+10:00,general,0.6285,0.0000
2025-10-09T21:00+10:00,general,0.6203,0.0000
2025-10-09T21:30+10:00,general,0.4719,0.0000
2025-10-09T22:00+10:00,general,0.4374,0.0000
2025-10-09T22:30+10:00,general,0.3632,0.0000
2025-10-09T23:00+10:00,general,0.3119,0.0000
2025-10-09T23:30+10:00,general,0.2676,0.0000
2025-10-10T00:00+10:00,general,0.2190,0.0000
2025-10-10T00:30+10:00,general,0.1657,0.0000
2025-10-10T01:00+10:00,general,0.1622,0.0000
2025-10-10T01:30+10:00,general,0.1494,0.0000
2025-10-10T02:00+10:00,general,0.1339,0.0000
2025-10-10T02:30+10:00,general,0.1652,0.0000
2025-10-10T03:00+10:00,general,0.1648,0.0000
2025-10-10T03:30+10:00,general,0.1305,0.0000
2025-10-10T04:00+10:00,general,0.1385,0.0000
2025-10-10T04:30+10:00,general,0.1744,0.0000
2025-10-10T05:00+10:00,general,0.1589,0.0000
2025-10-10T05:30+10:00,general,0.1932,0.0000
2025-10-10T06:00+10:00,general,0.2306,0.0000
2025-10-10T06:30+10:00,general,0.2411,0.0000
2025-10-10T07:00+10:00,general,0.1459,0.0000
2025-10-10T07:30+10:00,general,0.0000,0.0412
2025-10-10T08:00+10:00,general,0.0000,0.1947
2025-10-10T08:30+10:00,general,0.0000,0.3237
2025-10-10T09:00+10:00,general,0.0000,0.4659
2025-10-10T09:30+10:00,general,0.0000,0.6136
2025-10-10T10:00+10:00,general,0.0000,0.7348
2025-10-10T10:30+10:00,general,0.0000,0.8397
2025-10-10T11:00+10:00,general,0.0000,0.8882
2025-10-10T11:30+10:00,general,0.0000,0.9553
2025-10-10T12:00+10:00,general,0.0000,0.9907
2025-10-10T12:30+10:00,general,0.0000,0.9660
2025-10-10T13:00+10:00,general,0.0000,0.9890
2025-10-10T13:30+10:00,general,0.0000,0.9191
2025-10-10T14:00+10:00,general,0.0000,0.8551
2025-10-10T14:30+10:00,general,0.0000,0.7792
2025-10-10T15:00+10:00,general,0.0000,0.7160
2025-10-10T15:30+10:00,general,0.0000,0.5776
2025-10-10T16:00+10:00,general,0.0000,0.3780
2025-10-10T16:30+10:00,general,0.0000,0.2549
2025-10-10T17:00+10:00,general,0.0000,0.0548
2025-10-10T17:30+10:00,general,0.2354,0.0000
2025-10-10T18:00+10:00,general,0.4971,0.0000
2025-10-10T18:30+10:00,general,0.5457,0.0000
2025-10-10T19:00+10:00,general,0.7248,0.0000
2025-10-10T19:30+10:00,general,0.7446,0.0000
2025-10-10T20:00+10:00,general,0.6258,0.0000
2025-10-10T20:30+10:00,general,0.6033,0.0000
2025-10-10T21:00+10:00,general,0.5387,0.0000
2025-10-10T21:30+10:00,general,0.5415,0.0000
2025-10-10T22:00+10:00,general,0.3610,0.0000
2025-10-10T22:30+10:00,general,0.3473,0.0000
2025-10-10T23:00+10:00,general,0.2880,0.0000
2025-10-10T23:30+10:00,general,0.2395,0.0000
2025-10-11T00:00+10:00,general,0.2015,0.0000
2025-10-11T00:30+10:00,general,0.1257,0.0000
2025-10-11T01:00+10:00,general,0.1527,0.0000
2025-10-11T01:30+10:00,general,0.1489,0.0000
2025-10-11T02:00+10:00,general,0.1579,0.0000
2025-10-11T02:30+10:00,general,0.1441,0.0000
2025-10-11T03:00+10:00,general,0.1375,0.0000
2025-10-11T03:30+10:00,general,0.1687,0.0000
2025-10-11T04:00+10:00,general,0.1616,0.0000
2025-10-11T04:30+10:00,general,0.1449,0.0000
2025-10-11T05:00+10:00,general,0.1594,0.0000
2025-10-11T05:30+10:00,general,0.2032,0.0000
2025-10-11T06:00+10:00,general,0.2176,0.0000
2025-10-11T06:30+10:00,general,0.2717,0.0000
2025-10-11T07:00+10:00,general,0.1343,0.0000
2025-10-11T07:30+10:00,general,0.0000,0.0251
2025-10-11T08:00+10:00,general,0.0000,0.2123
2025-10-11T08:30+10:00,general,0.0000,0.3118
2025-10-11T09:00+10:00,general,0.0000,0.4938
2025-10-11T09:30+10:00,general,0.0000,0.6284
2025-10-11T10:00+10:00,general,0.0000,0.7499
2025-10-11T10:30+10:00,general,0.0000,0.8008
2025-10-11T11:00+10:00,general,0.0000,0.8884
2025-10-11T11:30+10:00,general,0.0000,0.9541
2025-10-11T12:00+10:00,general,0.0000,0.9560
2025-10-11T12:30+10:00,general,0.0000,0.9833
2025-10-11T13:00+10:00,general,0.0000,0.9504
2025-10-11T13:30+10:00,general,0.0000,0.9601
2025-10-11T14:00+10:00,general,0.0000,0.8953
2025-10-11T14:30+10:00,general,0.0000,0.7950
2025-10-11T15:00+10:00,general,0.0000,0.6944
2025-10-11T15:30+10:00,general,0.0000,0.5603
2025-10-11T16:00+10:00,general,0.0000,0.3982
2025-10-11T16:30+10:00,general,0.0000,0.2294
2025-10-11T17:00+10:00,general,0.0000,0.0456
2025-10-11T17:30+10:00,general,0.1708,0.0000
2025-10-11T18:00+10:00,general,0.3968,0.0000
2025-10-11T18:30+10:00,general,0.6569,0.0000
2025-10-11T19:00+10:00,general,0.6262,0.0000
2025-10-11T19:30+10:00,general,0.7197,0.0000
2025-10-11T20:00+10:00,general,0.6763,0.0000
2025-10-11T20:30+10:00,general,0.5457,0.0000
2025-10-11T21:00+10:00,general,0.6396,0.0000
2025-10-11T21:30+10:00,general,0.4433,0.0000
2025-10-11T22:00+10:00,general,0.4610,0.0000
2025-10-11T22:30+10:00,general,0.3049,0.0000
2025-10-11T23:00+10:00,general,0.2947,0.0000
2025-10-11T23:30+10:00,general,0.2703,0.0000
2025-10-12T00:00+10:00,general,0.1821,0.0000
2025-10-12T00:30+10:00,general,0.1587,0.0000
2025-10-12T01:00+10:00,general,0.1591,0.0000
2025-10-12T01:30+10:00,general,0.1481,0.0000
2025-10-12T02:00+10:00,general,0.1316,0.0000
2025-10-12T02:30+10:00,general,0.1582,0.0000
2025-10-12T03:00+10:00,general,0.1677,0.0000
2025-10-12T03:30+10:00,general,0.1455,0.0000
2025-10-12T04:00+10:00,general,0.1566,0.0000
2025-10-12T04:30+10:00,general,0.1565,0.0000
2025-10-12T05:00+10:00,general,0.1735,0.0000
2025-10-12T05:30+10:00,general,0.1716,0.0000
2025-10-12T06:00+10:00,general,0.2356,0.0000
2025-10-12T06:30+10:00,general,0.2732,0.0000
2025-10-12T07:00+10:00,general,0.0824,0.0000
2025-10-12T07:30+10:00,general,0.0000,0.0430
2025-10-12T08:00+10:00,general,0.0000,0.1817
2025-10-12T08:30+10:00,general,0.0000,0.3530
2025-10-12T09:00+10:00,general,0.0000,0.5039
2025-10-12T09:30+10:00,general,0.0000,0.6415
2025-10-12T10:00+10:00,general,0.0000,0.7451
2025-10-12T10:30+10:00,general,0.0000,0.8270
2025-10-12T11:00+10:00,general,0.0000,0.8968
2025-10-12T11:30+10:00,general,0.0000,0.9722
2025-10-12T12:00+10:00,general,0.0000,0.9758
2025-10-12T12:30+10:00,general,0.0000,0.9875
2025-10-12T13:00+10:00,general,0.0000,0.9783
2025-10-12T13:30+10:00,general,0.0000,0.9275
2025-10-12T14:00+10:00,general,0.0000,0.8789
2025-10-12T14:30+10:00,general,0.0000,0.8172
2025-10-12T15:00+10:00,general,0.0000,0.6705
2025-10-12T15:30+10:00,general,0.0000,0.5752
2025-10-12T16:00+10:00,general,0.0000,0.3781
2025-10-12T16:30+10:00,general,0.0000,0.2262
2025-10-12T17:00+10:00,general,0.0465,0.0000
2025-10-12T17:30+10:00,general,0.2499,0.0000
2025-10-12T18:00+10:00,general,0.4061,0.0000
2025-10-12T18:30+10:00,general,0.5611,0.0000
2025-10-12T19:00+10:00,general,0.7324,0.0000
2025-10-12T19:30+10:00,general,0.6062,0.0000
2025-10-12T20:00+10:00,general,0.6823,0.0000
2025-10-12T20:30+10:00,general,0.7205,0.0000
2025-10-12T21:00+10:00,general,0.5780,0.0000
2025-10-12T21:30+10:00,general,0.4324,0.0000
2025-10-12T22:00+10:00,general,0.4526,0.0000
2025-10-12T22:30+10:00,general,0.3083,0.0000
2025-10-12T23:00+10:00,general,0.3252,0.0000
2025-10-12T23:30+10:00,general,0.2203,0.0000
2025-10-13T00:00+10:00,general,0.2012,0.0000
2025-10-13T00:30+10:00,general,0.1603,0.0000
2025-10-13T01:00+10:00,general,0.1441,0.0000
2025-10-13T01:30+10:00,general,0.1439,0.0000
2025-10-13T02:00+10:00,general,0.1640,0.0000
2025-10-13T02:30+10:00,general,0.1288,0.0000
2025-10-13T03:00+10:00,general,0.1612,0.0000
2025-10-13T03:30+10:00,general,0.1420,0.0000
2025-10-13T04:00+10:00,general,0.1474,0.0000
2025-10-13T04:30+10:00,general,0.1658,0.0000
2025-10-13T05:00+10:00,general,0.1922,0.0000
2025-10-13T05:30+10:00,general,0.2006,0.0000
2025-10-13T06:00+10:00,general,0.1945,0.0000
2025-10-13T06:30+10:00,general,0.2292,0.0000
2025-10-13T07:00+10:00,general,0.1215,0.0000
2025-10-13T07:30+10:00,general,0.0000,0.0003
2025-10-13T08:00+10:00,general,0.0000,0.2129
2025-10-13T08:30+10:00,general,0.0000,0.2997
2025-10-13T09:00+10:00,general,0.0000,0.4830
2025-10-13T09:30+10:00,general,0.0000,0.6338
2025-10-13T10:00+10:00,general,0.0000,0.7316
2025-10-13T10:30+10:00,general,0.0000,0.8476
2025-10-13T11:00+10:00,general,0.0000,0.8897
2025-10-13T11:30+10:00,general,0.0000,0.9484
2025-10-13T12:00+10:00,general,0.0000,0.9991
2025-10-13T12:30+10:00,general,0.0000,0.9773
2025-10-13T13:00+10:00,general,0.0000,0.9949
2025-10-13T13:30+10:00,general,0.0000,0.9393
2025-10-13T14:00+10:00,general,0.0000,0.9170
2025-10-13T14:30+10:00,general,0.0000,0.7952
2025-10-13T15:00+10:00,general,0.0000,0.6854
2025-10-13T15:30+10:00,general,0.0000,0.5938
2025-10-13T16:00+10:00,general,0.0000,0.4068
2025-10-13T16:30+10:00,general,0.0000,0.2761
2025-10-13T17:00+10:00,general,0.0000,0.0382
2025-10-13T17:30+10:00,general,0.1778,0.0000
2025-10-13T18:00+10:00,general,0.4857,0.0000
2025-10-13T18:30+10:00,general,0.5834,0.0000
2025-10-13T19:00+10:00,general,0.6978,0.0000
2025-10-13T19:30+10:00,general,0.7796,0.0000
2025-10-13T20:00+10:00,general,0.6762,0.0000
2025-10-13T20:30+10:00,general,0.5505,0.0000
2025-10-13T21:00+10:00,general,0.5693,0.0000
2025-10-13T21:30+10:00,general,0.5681,0.0000
2025-10-13T22:00+10:00,general,0.3769,0.0000
2025-10-13T22:30+10:00,general,0.3426,0.0000
2025-10-13T23:00+10:00,general,0.2716,0.0000
2025-10-13T23:30+10:00,general,0.2222,0.0000
2025-10-14T00:00+10:00,general,0.2241,0.0000
2025-10-14T00:30+10:00,general,0.1295,0.0000
2025-10-14T01:00+10:00,general,0.1404,0.0000
2025-10-14T01:30+10:00,general,0.1574,0.0000
2025-10-14T02:00+10:00,general,0.1568,0.0000
2025-10-14T02:30+10:00,general,0.1569,0.0000
2025-10-14T03:00+10:00,general,0.1612,0.0000
2025-10-14T03:30+10:00,general,0.1284,0.0000
2025-10-14T04:00+10:00,general,0.1469,0.0000
2025-10-14T04:30+10:00,general,0.1404,0.0000
2025-10-14T05:00+10:00,general,0.1599,0.0000
2025-10-14T05:30+10:00,general,0.2190,0.0000
2025-10-14T06:00+10:00,general,0.2457,0.0000
2025-10-14T06:30+10:00,general,0.2201,0.0000
2025-10-14T07:00+10:00,general,0.1038,0.0000
2025-10-14T07:30+10:00,general,0.0000,0.0262
2025-10-14T08:00+10:00,general,0.0000,0.1501
2025-10-14T08:30+10:00,general,0.0000,0.3440
2025-10-14T09:00+10:00,general,0.0000,0.4774
2025-10-14T09:30+10:00,general,0.0000,0.6197
2025-10-14T10:00+10:00,general,0.0000,0.7609
2025-10-14T10:30+10:00,general,0.0000,0.8326
2025-10-14T11:00+10:00,general,0.0000,0.9245
2025-10-14T11:30+10:00,general,0.0000,0.9601
2025-10-14T12:00+10:00,general,0.0000,0.9741
2025-10-14T12:30+10:00,general,0.0000,1.0130
2025-10-14T13:00+10:00,general,0.0000,0.9881
2025-10-14T13:30+10:00,general,0.0000,0.9571
2025-10-14T14:00+10:00,general,0.0000,0.8939
2025-10-14T14:30+10:00,general,0.0000,0.8248
2025-10-14T15:00+10:00,general,0.0000,0.6844
2025-10-14T15:30+10:00,general,0.0000,0.5662
2025-10-14T16:00+10:00,general,0.0000,0.4161
2025-10-14T16:30+10:00,general,0.0000,0.1791
2025-10-14T17:00+10:00,general,0.0000,0.0386
2025-10-14T17:30+10:00,general,0.1784,0.0000
2025-10-14T18:00+10:00,general,0.4694,0.0000
2025-10-14T18:30+10:00,general,0.6596,0.0000
2025-10-14T19:00+10:00,general,0.7633,0.0000
2025-10-14T19:30+10:00,general,0.7057,0.0000
2025-10-14T20:00+10:00,general,0.6255,0.0000
2025-10-14T20:30+10:00,general,0.5666,0.0000
2025-10-14T21:00+10:00,general,0.5360,0.0000
2025-10-14T21:30+10:00,general,0.4884,0.0000
2025-10-14T22:00+10:00,general,0.4094,0.0000
2025-10-14T22:30+10:00,general,0.3273,0.0000
2025-10-14T23:00+10:00,general,0.2458,0.0000
2025-10-14T23:30+10:00,general,0.2159,0.0000
2025-10-15T00:00+10:00,general,0.2157,0.0000
2025-10-15T00:30+10:00,general,0.1348,0.0000
2025-10-15T01:00+10:00,general,0.1324,0.0000
2025-10-15T01:30+10:00,general,0.1256,0.0000
2025-10-15T02:00+10:00,general,0.1549,0.0000
2025-10-15T02:30+10:00,general,0.1517,0.0000
2025-10-15T03:00+10:00,general,0.1534,0.0000
2025-10-15T03:30+10:00,general,0.1390,0.0000
2025-10-15T04:00+10:00,general,0.1579,0.0000
2025-10-15T04:30+10:00,general,0.1712,0.0000
2025-10-15T05:00+10:00,general,0.1493,0.0000
2025-10-15T05:30+10:00,general,0.1653,0.0000
2025-10-15T06:00+10:00,general,0.2119,0.0000
2025-10-15T06:30+10:00,general,0.2278,0.0000
2025-10-15T07:00+10:00,general,0.1311,0.0000
2025-10-15T07:30+10:00,general,0.0000,0.0482
2025-10-15T08:00+10:00,general,0.0000,0.1859
2025-10-15T08:30+10:00,general,0.0000,0.3045
2025-10-15T09:00+10:00,general,0.0000,0.4684
2025-10-15T09:30+10:00,general,0.0000,0.6559
2025-10-15T10:00+10:00,general,0.0000,0.7300
2025-10-15T10:30+10:00,general,0.0000,0.8510
2025-10-15T11:00+10:00,general,0.0000,0.9036
2025-10-15T11:30+10:00,general,0.0000,0.9853
2025-10-15T12:00+10:00,general,0.0000,1.0161
2025-10-15T12:30+10:00,general,0.0000,1.0249
2025-10-15T13:00+10:00,general,0.0000,1.0209
2025-10-15T13:30+10:00,general,0.0000,0.9535
2025-10-15T14:00+10:00,general,0.0000,0.9201
2025-10-15T14:30+10:00,general,0.0000,0.8226
2025-10-15T15:00+10:00,general,0.0000,0.6884
2025-10-15T15:30+10:00,general,0.0000,0.5931
2025-10-15T16:00+10:00,general,0.0000,0.3767
2025-10-15T16:30+10:00,general,0.0000,0.2708
2025-10-15T17:00+10:00,general,0.0000,0.0154
2025-10-15T17:30+10:00,general,0.2267,0.0000
2025-10-15T18:00+10:00,general,0.3400,0.0000
2025-10-15T18:30+10:00,general,0.6445,0.0000
2025-10-15T19:00+10:00,general,0.7794,0.0000
2025-10-15T19:30+10:00,general,0.7002,0.0000
2025-10-15T20:00+10:00,general,0.7774,0.0000
2025-10-15T20:30+10:00,general,0.7148,0.0000
2025-10-15T21:00+10:00,general,0.6386,0.0000
2025-10-15T21:30+10:00,general,0.4987,0.0000
2025-10-15T22:00+10:00,general,0.4102,0.0000
2025-10-15T22:30+10:00,general,0.3993,0.0000
2025-10-15T23:00+10:00,general,0.3115,0.0000
2025-10-15T23:30+10:00,general,0.2609,0.0000
2025-10-16T00:00+10:00,general,0.1806,0.0000
2025-10-16T00:30+10:00,general,0.1561,0.0000
2025-10-16T01:00+10:00,general,0.1495,0.0000
2025-10-16T01:30+10:00,general,0.1503,0.0000
2025-10-16T02:00+10:00,general,0.1383,0.0000
2025-10-16T02:30+10:00,general,0.1677,0.0000
2025-10-16T03:00+10:00,general,0.1488,0.0000
2025-10-16T03:30+10:00,general,0.1365,0.0000
2025-10-16T04:00+10:00,general,0.1501,0.0000
2025-10-16T04:30+10:00,general,0.1489,0.0000
2025-10-16T05:00+10:00,general,0.1527,0.0000
2025-10-16T05:30+10:00,general,0.2081,0.0000
2025-10-16T06:00+10:00,general,0.2116,0.0000
2025-10-16T06:30+10:00,general,0.2056,0.0000
2025-10-16T07:00+10:00,general,0.1411,0.0000
2025-10-16T07:30+10:00,general,0.0000,0.0346
2025-10-16T08:00+10:00,general,0.0000,0.1806
2025-10-16T08:30+10:00,general,0.0000,0.3084
2025-10-16T09:00+10:00,general,0.0000,0.5096
2025-10-16T09:30+10:00,general,0.0000,0.6366
2025-10-16T10:00+10:00,general,0.0000,0.7765
2025-10-16T10:30+10:00,general,0.0000,0.8607
2025-10-16T11:00+10:00,general,0.0000,0.9103
2025-10-16T11:30+10:00,general,0.0000,0.9587
2025-10-16T12:00+10:00,general,0.0000,0.9888
2025-10-16T12:30+10:00,general,0.0000,1.0117
2025-10-16T13:00+10:00,general,0.0000,1.0247
2025-10-16T13:30+10:00,general,0.0000,0.9509
2025-10-16T14:00+10:00,general,0.0000,0.9155
2025-10-16T14:30+10:00,general,0.0000,0.8326
2025-10-16T15:00+10:00,general,0.0000,0.7043
2025-10-16T15:30+10:00,general,0.0000,0.5538
2025-10-16T16:00+10:00,general,0.0000,0.4530
2025-10-16T16:30+10:00,general,0.0000,0.1892
2025-10-16T17:00+10:00,general,0.0000,0.0001
2025-10-16T17:30+10:00,general,0.2561,0.0000
2025-10-16T18:00+10:00,general,0.4203,0.0000
2025-10-16T18:30+10:00,general,0.5569,0.0000
2025-10-16T19:00+10:00,general,0.6052,0.0000
2025-10-16T19:30+10:00,general,0.7147,0.0000
2025-10-16T20:00+10:00,general,0.6217,0.0000
2025-10-16T20:30+10:00,general,0.7173,0.0000
2025-10-16T21:00+10:00,general,0.6598,0.0000
2025-10-16T21:30+10:00,general,0.4394,0.0000
2025-10-16T22:00+10:00,general,0.4220,0.0000
2025-10-16T22:30+10:00,general,0.3702,0.0000
2025-10-16T23:00+10:00,general,0.3289,0.0000
2025-10-16T23:30+10:00,general,0.2622,0.0000
2025-10-17T00:00+10:00,general,0.2356,0.0000
2025-10-17T00:30+10:00,general,0.1663,0.0000
2025-10-17T01:00+10:00,general,0.1543,0.0000
2025-10-17T01:30+10:00,general,0.1686,0.0000
2025-10-17T02:00+10:00,general,0.1325,0.0000
2025-10-17T02:30+10:00,general,0.1421,0.0000
2025-10-17T03:00+10:00,general,0.1359,0.0000
2025-10-17T03:30+10:00,general,0.1659,0.0000
2025-10-17T04:00+10:00,general,0.1371,0.0000
2025-10-17T04:30+10:00,general,0.1428,0.0000
2025-10-17T05:00+10:00,general,0.1903,0.0000
2025-10-17T05:30+10:00,general,0.1983,0.0000
2025-10-17T06:00+10:00,general,0.2364,0.0000
2025-10-17T06:30+10:00,general,0.2390,0.0000
2025-10-17T07:00+10:00,general,0.1406,0.0000
2025-10-17T07:30+10:00,general,0.0000,0.0283
2025-10-17T08:00+10:00,general,0.0000,0.1896
2025-10-17T08:30+10:00,general,0.0000,0.3230
2025-10-17T09:00+10:00,general,0.0000,0.4714
2025-10-17T09:30+10:00,general,0.0000,0.6612
2025-10-17T10:00+10:00,general,0.0000,0.7687
2025-10-17T10:30+10:00,general,0.0000,0.8728
2025-10-17T11:00+10:00,general,0.0000,0.9435
2025-10-17T11:30+10:00,general,0.0000,0.9632
2025-10-17T12:00+10:00,general,0.0000,1.0227
2025-10-17T12:30+10:00,general,0.0000,1.0433
2025-10-17T13:00+10:00,general,0.0000,1.0073
2025-10-17T13:30+10:00,general,0.0000,0.9693
2025-10-17T14:00+10:00,general,0.0000,0.9336
2025-10-17T14:30+10:00,general,0.0000,0.8330
2025-10-17T15:00+10:00,general,0.0000,0.7431
2025-10-17T15:30+10:00,general,0.0000,0.5572
2025-10-17T16:00+10:00,general,0.0000,0.4437
2025-10-17T16:30+10:00,general,0.0000,0.2157
2025-10-17T17:00+10:00,general,0.0000,0.0878
2025-10-17T17:30+10:00,general,0.1715,0.0000
2025-10-17T18:00+10:00,general,0.3874,0.0000
2025-10-17T18:30+10:00,general,0.5884,0.0000
2025-10-17T19:00+10:00,general,0.6294,0.0000
2025-10-17T19:30+10:00,general,0.6554,0.0000
2025-10-17T20:00+10:00,general,0.7010,0.0000
2025-10-17T20:30+10:00,general,0.6131,0.0000
2025-10-17T21:00+10:00,general,0.6437,0.0000
2025-10-17T21:30+10:00,general,0.5634,0.0000
2025-10-17T22:00+10:00,general,0.4688,0.0000
2025-10-17T22:30+10:00,general,0.2970,0.0000
2025-10-17T23:00+10:00,general,0.2732,0.0000
2025-10-17T23:30+10:00,general,0.2041,0.0000
2025-10-18T00:00+10:00,general,0.1845,0.0000
2025-10-18T00:30+10:00,general,0.1601,0.0000
2025-10-18T01:00+10:00,general,0.1595,0.0000
2025-10-18T01:30+10:00,general,0.1571,0.0000
2025-10-18T02:00+10:00,general,0.1424,0.0000
2025-10-18T02:30+10:00,general,0.1644,0.0000
2025-10-18T03:00+10:00,general,0.1615,0.0000
2025-10-18T03:30+10:00,general,0.1690,0.0000
2025-10-18T04:00+10:00,general,0.1629,0.0000
2025-10-18T04:30+10:00,general,0.1568,0.0000
2025-10-18T05:00+10:00,general,0.1672,0.0000
2025-10-18T05:30+10:00,general,0.2018,0.0000
2025-10-18T06:00+10:00,general,0.2164,0.0000
2025-10-18T06:30+10:00,general,0.2610,0.0000
2025-10-18T07:00+10:00,general,0.1057,0.0000
2025-10-18T07:30+10:00,general,0.0000,0.0663
2025-10-18T08:00+10:00,general,0.0000,0.2274
2025-10-18T08:30+10:00,general,0.0000,0.3608
2025-10-18T09:00+10:00,general,0.0000,0.5299
2025-10-18T09:30+10:00,general,0.0000,0.6341
2025-10-18T10:00+10:00,general,0.0000,0.7647
2025-10-18T10:30+10:00,general,0.0000,0.8613
2025-10-18T11:00+10:00,general,0.0000,0.9481
2025-10-18T11:30+10:00,general,0.0000,0.9730
2025-10-18T12:00+10:00,general,0.0000,1.0075
2025-10-18T12:30+10:00,general,0.0000,1.0493
2025-10-18T13:00+10:00,general,0.0000,1.0266
2025-10-18T13:30+10:00,general,0.0000,1.0060
2025-10-18T14:00+10:00,general,0.0000,0.9353
2025-10-18T14:30+10:00,general,0.0000,0.8235
2025-10-18T15:00+10:00,general,0.0000,0.7070
2025-10-18T15:30+10:00,general,0.0000,0.6300
2025-10-18T16:00+10:00,general,0.0000,0.4731
2025-10-18T16:30+10:00,general,0.0000,0.2363
2025-10-18T17:00+10:00,general,0.0000,0.0534
2025-10-18T17:30+10:00,general,0.1999,0.0000
2025-10-18T18:00+10:00,general,0.4416,0.0000
2025-10-18T18:30+10:00,general,0.6757,0.0000
2025-10-18T19:00+10:00,general,0.6148,0.0000
2025-10-18T19:30+10:00,general,0.7870,0.0000
2025-10-18T20:00+10:00,general,0.6705,0.0000
2025-10-18T20:30+10:00,general,0.6023,0.0000
2025-10-18T21:00+10:00,general,0.5655,0.0000
2025-10-18T21:30+10:00,general,0.5676,0.0000
2025-10-18T22:00+10:00,general,0.3853,0.0000
2025-10-18T22:30+10:00,general,0.3603,0.0000
2025-10-18T23:00+10:00,general,0.3165,0.0000
2025-10-18T23:30+10:00,general,0.2491,0.0000
2025-10-19T00:00+10:00,general,0.2120,0.0000
2025-10-19T00:30+10:00,general,0.1473,0.0000
2025-10-19T01:00+10:00,general,0.1364,0.0000
2025-10-19T01:30+10:00,general,0.1354,0.0000
2025-10-19T02:00+10:00,general,0.1407,0.0000
2025-10-19T02:30+10:00,general,0.1675,0.0000
2025-10-19T03:00+10:00,general,0.1314,0.0000
2025-10-19T03:30+10:00,general,0.1629,0.0000
2025-10-19T04:00+10:00,general,0.1753,0.0000
2025-10-19T04:30+10:00,general,0.1617,0.0000
2025-10-19T05:00+10:00,general,0.1537,0.0000
2025-10-19T05:30+10:00,general,0.2125,0.0000
2025-10-19T06:00+10:00,general,0.2383,0.0000
2025-10-19T06:30+10:00,general,0.2413,0.0000
2025-10-19T07:00+10:00,general,0.1045,0.0000
2025-10-19T07:30+10:00,general,0.0000,0.0256
2025-10-19T08:00+10:00,general,0.0000,0.2016
2025-10-19T08:30+10:00,general,0.0000,0.3845
2025-10-19T09:00+10:00,general,0.0000,0.4897
2025-10-19T09:30+10:00,general,0.0000,0.6681
2025-10-19T10:00+10:00,general,0.0000,0.7715
2025-10-19T10:30+10:00,general,0.0000,0.8488
2025-10-19T11:00+10:00,general,0.0000,0.9243
2025-10-19T11:30+10:00,general,0.0000,1.0137
2025-10-19T12:00+10:00,general,0.0000,1.0441
2025-10-19T12:30+10:00,general,0.0000,1.0353
2025-10-19T13:00+10:00,general,0.0000,1.0093
2025-10-19T13:30+10:00,general,0.0000,0.9812
2025-10-19T14:00+10:00,general,0.0000,0.9264
2025-10-19T14:30+10:00,general,0.0000,0.8513
2025-10-19T15:00+10:00,general,0.0000,0.7429
2025-10-19T15:30+10:00,general,0.0000,0.6214
2025-10-19T16:00+10:00,general,0.0000,0.4072
2025-10-19T16:30+10:00,general,0.0000,0.2746
2025-10-19T17:00+10:00,general,0.0000,0.0422
2025-10-19T17:30+10:00,general,0.1497,0.0000
2025-10-19T18:00+10:00,general,0.4549,0.0000
2025-10-19T18:30+10:00,general,0.7101,0.0000
2025-10-19T19:00+10:00,general,0.6662,0.0000
2025-10-19T19:30+10:00,general,0.6445,0.0000
2025-10-19T20:00+10:00,general,0.5892,0.0000
2025-10-19T20:30+10:00,general,0.6027,0.0000
2025-10-19T21:00+10:00,general,0.6534,0.0000
2025-10-19T21:30+10:00,general,0.4663,0.0000
2025-10-19T22:00+10:00,general,0.4194,0.0000
2025-10-19T22:30+10:00,general,0.3165,0.0000
2025-10-19T23:00+10:00,general,0.3172,0.0000
2025-10-19T23:30+10:00,general,0.2227,0.0000
2025-10-20T00:00+10:00,general,0.2151,0.0000
2025-10-20T00:30+10:00,general,0.1644,0.0000
2025-10-20T01:00+10:00,general,0.1663,0.0000
2025-10-20T01:30+10:00,general,0.1300,0.0000
2025-10-20T02:00+10:00,general,0.1627,0.0000
2025-10-20T02:30+10:00,general,0.1383,0.0000
2025-10-20T03:00+10:00,general,0.1625,0.0000
2025-10-20T03:30+10:00,general,0.1338,0.0000
2025-10-20T04:00+10:00,general,0.1500,0.0000
2025-10-20T04:30+10:00,general,0.1481,0.0000
2025-10-20T05:00+10:00,general,0.1718,0.0000
2025-10-20T05:30+10:00,general,0.1730,0.0000
2025-10-20T06:00+10:00,general,0.2191,0.0000
2025-10-20T06:30+10:00,general,0.2193,0.0000
2025-10-20T07:00+10:00,general,0.0670,0.0000
2025-10-20T07:30+10:00,general,0.0000,0.0295
2025-10-20T08:00+10:00,general,0.0000,0.2207
2025-10-20T08:30+10:00,general,0.0000,0.3717
2025-10-20T09:00+10:00,general,0.0000,0.5030
2025-10-20T09:30+10:00,general,0.0000,0.6668
2025-10-20T10:00+10:00,general,0.0000,0.7679
2025-10-20T10:30+10:00,general,0.0000,0.8773
2025-10-20T11:00+10:00,general,0.0000,0.9679
2025-10-20T11:30+10:00,general,0.0000,1.0074
2025-10-20T12:00+10:00,general,0.0000,1.0525
2025-10-20T12:30+10:00,general,0.0000,1.0594
2025-10-20T13:00+10:00,general,0.0000,1.0526
2025-10-20T13:30+10:00,general,0.0000,1.0109
2025-10-20T14:00+10:00,general,0.0000,0.9574
2025-10-20T14:30+10:00,general,0.0000,0.8387
2025-10-20T15:00+10:00,general,0.0000,0.7240
2025-10-20T15:30+10:00,general,0.0000,0.6186
2025-10-20T16:00+10:00,general,0.0000,0.4583
2025-10-20T16:30+10:00,general,0.0000,0.2369
2025-10-20T17:00+10:00,general,0.0000,0.0937
2025-10-20T17:30+10:00,general,0.1672,0.0000
2025-10-20T18:00+10:00,general,0.3943,0.0000
2025-10-20T18:30+10:00,general,0.5469,0.0000
2025-10-20T19:00+10:00,general,0.7120,0.0000
2025-10-20T19:30+10:00,general,0.7387,0.0000
2025-10-20T20:00+10:00,general,0.6504,0.0000
2025-10-20T20:30+10:00,general,0.5975,0.0000
2025-10-20T21:00+10:00,general,0.5344,0.0000
2025-10-20T21:30+10:00,general,0.4704,0.0000
2025-10-20T22:00+10:00,general,0.4132,0.0000
2025-10-20T22:30+10:00,general,0.3475,0.0000
2025-10-20T23:00+10:00,general,0.2990,0.0000
2025-10-20T23:30+10:00,general,0.2554,0.0000
2025-10-21T00:00+10:00,general,0.1840,0.0000
2025-10-21T00:30+10:00,general,0.1688,0.0000
2025-10-21T01:00+10:00,general,0.1664,0.0000
2025-10-21T01:30+10:00,general,0.1380,0.0000
2025-10-21T02:00+10:00,general,0.1386,0.0000
2025-10-21T02:30+10:00,general,0.1351,0.0000
2025-10-21T03:00+10:00,general,0.1331,0.0000
2025-10-21T03:30+10:00,general,0.1487,0.0000
2025-10-21T04:00+10:00,general,0.1639,0.0000
2025-10-21T04:30+10:00,general,0.1825,0.0000
2025-10-21T05:00+10:00,general,0.1553,0.0000
2025-10-21T05:30+10:00,general,0.2002,0.0000
2025-10-21T06:00+10:00,general,0.2328,0.0000
2025-10-21T06:30+10:00,general,0.2656,0.0000
2025-10-21T07:00+10:00,general,0.0924,0.0000
2025-10-21T07:30+10:00,general,0.0000,0.0580
2025-10-21T08:00+10:00,general,0.0000,0.1788
2025-10-21T08:30+10:00,general,0.0000,0.3778
2025-10-21T09:00+10:00,general,0.0000,0.5288
2025-10-21T09:30+10:00,general,0.0000,0.6844
2025-10-21T10:00+10:00,general,0.0000,0.7626
2025-10-21T10:30+10:00,general,0.0000,0.8672
2025-10-21T11:00+10:00,general,0.0000,0.9612
2025-10-21T11:30+10:00,general,0.0000,1.0241
2025-10-21T12:00+10:00,general,0.0000,1.0494
2025-10-21T12:30+10:00,general,0.0000,1.0624
2025-10-21T13:00+10:00,general,0.0000,1.0577
2025-10-21T13:30+10:00,general,0.0000,1.0111
2025-10-21T14:00+10:00,general,0.0000,0.9511
2025-10-21T14:30+10:00,general,0.0000,0.8373
2025-10-21T15:00+10:00,general,0.0000,0.7342
2025-10-21T15:30+10:00,general,0.0000,0.6172
2025-10-21T16:00+10:00,general,0.0000,0.4452
2025-10-21T16:30+10:00,general,0.0000,0.2861
2025-10-21T17:00+10:00,general,0.0195,0.0000
2025-10-21T17:30+10:00,general,0.2498,0.0000
2025-10-21T18:00+10:00,general,0.4517,0.0000
2025-10-21T18:30+10:00,general,0.6679,0.0000
2025-10-21T19:00+10:00,general,0.6637,0.0000
2025-10-21T19:30+10:00,general,0.6447,0.0000
2025-10-21T20:00+10:00,general,0.7532,0.0000
2025-10-21T20:30+10:00,general,0.6969,0.0000
2025-10-21T21:00+10:00,general,0.5730,0.0000
2025-10-21T21:30+10:00,general,0.4641,0.0000
2025-10-21T22:00+10:00,general,0.3929,0.0000
2025-10-21T22:30+10:00,general,0.3760,0.0000
2025-10-21T23:00+10:00,general,0.3224,0.0000
2025-10-21T23:30+10:00,general,0.2403,0.0000
2025-10-22T00:00+10:00,general,0.1906,0.0000
2025-10-22T00:30+10:00,general,0.1380,0.0000
2025-10-22T01:00+10:00,general,0.1498,0.0000
2025-10-22T01:30+10:00,general,0.1363,0.0000
2025-10-22T02:00+10:00,general,0.1607,0.0000
2025-10-22T02:30+10:00,general,0.1575,0.0000
2025-10-22T03:00+10:00,general,0.1434,0.0000
2025-10-22T03:30+10:00,general,0.1342,0.0000
2025-10-22T04:00+10:00,general,0.1715,0.0000
2025-10-22T04:30+10:00,general,0.1820,0.0000
2025-10-22T05:00+10:00,general,0.1734,0.0000
2025-10-22T05:30+10:00,general,0.2188,0.0000
2025-10-22T06:00+10:00,general,0.1896,0.0000
2025-10-22T06:30+10:00,general,0.2697,0.0000
2025-10-22T07:00+10:00,general,0.1306,0.0000
2025-10-22T07:30+10:00,general,0.0000,0.0605
2025-10-22T08:00+10:00,general,0.0000,0.1843
2025-10-22T08:30+10:00,general,0.0000,0.3378
2025-10-22T09:00+10:00,general,0.0000,0.5359
2025-10-22T09:30+10:00,general,0.0000,0.6371
2025-10-22T10:00+10:00,general,0.0000,0.7666
2025-10-22T10:30+10:00,general,0.0000,0.8793
2025-10-22T11:00+10:00,general,0.0000,0.9748
2025-10-22T11:30+10:00,general,0.0000,1.0043
2025-10-22T12:00+10:00,general,0.0000,1.0272
2025-10-22T12:30+10:00,general,0.0000,1.0501
2025-10-22T13:00+10:00,general,0.0000,1.0664
2025-10-22T13:30+10:00,general,0.0000,1.0097
2025-10-22T14:00+10:00,general,0.0000,0.9630
2025-10-22T14:30+10:00,general,0.0000,0.8561
2025-10-22T15:00+10:00,general,0.0000,0.7575
2025-10-22T15:30+10:00,general,0.0000,0.6198
2025-10-22T16:00+10:00,general,0.0000,0.4587
2025-10-22T16:30+10:00,general,0.0000,0.2541
2025-10-22T17:00+10:00,general,0.0000,0.0339
2025-10-22T17:30+10:00,general,0.2192,0.0000
2025-10-22T18:00+10:00,general,0.3781,0.0000
2025-10-22T18:30+10:00,general,0.5675,0.0000
2025-10-22T19:00+10:00,general,0.6800,0.0000
2025-10-22T19:30+10:00,general,0.6103,0.0000
2025-10-22T20:00+10:00,general,0.6858,0.0000
2025-10-22T20:30+10:00,general,0.6661,0.0000
2025-10-22T21:00+10:00,general,0.4997,0.0000
2025-10-22T21:30+10:00,general,0.5518,0.0000
2025-10-22T22:00+10:00,general,0.3952,0.0000
2025-10-22T22:30+10:00,general,0.3858,0.0000
2025-10-22T23:00+10:00,general,0.2489,0.0000
2025-10-22T23:30+10:00,general,0.2041,0.0000
2025-10-23T00:00+10:00,general,0.1851,0.0000
2025-10-23T00:30+10:00,general,0.1446,0.0000
2025-10-23T01:00+10:00,general,0.1618,0.0000
2025-10-23T01:30+10:00,general,0.1662,0.0000
2025-10-23T02:00+10:00,general,0.1558,0.0000
2025-10-23T02:30+10:00,general,0.1454,0.0000
2025-10-23T03:00+10:00,general,0.1671,0.0000
2025-10-23T03:30+10:00,general,0.1337,0.0000
2025-10-23T04:00+10:00,general,0.1672,0.0000
2025-10-23T04:30+10:00,general,0.1750,0.0000
2025-10-23T05:00+10:00,general,0.1678,0.0000
2025-10-23T05:30+10:00,general,0.2201,0.0000
2025-10-23T06:00+10:00,general,0.2338,0.0000
2025-10-23T06:30+10:00,general,0.2672,0.0000
2025-10-23T07:00+10:00,general,0.1289,0.0000
2025-10-23T07:30+10:00,general,0.0000,0.0521
2025-10-23T08:00+10:00,general,0.0000,0.2302
2025-10-23T08:30+10:00,general,0.0000,0.3834
2025-10-23T09:00+10:00,general,0.0000,0.5202
2025-10-23T09:30+10:00,general,0.0000,0.6929
2025-10-23T10:00+10:00,general,0.0000,0.7951
2025-10-23T10:30+10:00,general,0.0000,0.9032
2025-10-23T11:00+10:00,general,0.0000,0.9577
2025-10-23T11:30+10:00,general,0.0000,1.0097
2025-10-23T12:00+10:00,general,0.0000,1.0709
2025-10-23T12:30+10:00,general,0.0000,1.0516
2025-10-23T13:00+10:00,general,0.0000,1.0323
2025-10-23T13:30+10:00,general,0.0000,1.0098
2025-10-23T14:00+10:00,general,0.0000,0.9419
2025-10-23T14:30+10:00,general,0.0000,0.8581
2025-10-23T15:00+10:00,general,0.0000,0.7307
2025-10-23T15:30+10:00,general,0.0000,0.6283
2025-10-23T16:00+10:00,general,0.0000,0.4768
2025-10-23T16:30+10:00,general,0.0000,0.2627
2025-10-23T17:00+10:00,general,0.0000,0.0017
2025-10-23T17:30+10:00,general,0.1191,0.0000
2025-10-23T18:00+10:00,general,0.4339,0.0000
2025-10-23T18:30+10:00,general,0.5906,0.0000
2025-10-23T19:00+10:00,general,0.7185,0.0000
2025-10-23T19:30+10:00,general,0.7410,0.0000
2025-10-23T20:00+10:00,general,0.7067,0.0000
2025-10-23T20:30+10:00,general,0.6065,0.0000
2025-10-23T21:00+10:00,general,0.5785,0.0000
2025-10-23T21:30+10:00,general,0.5362,0.0000
2025-10-23T22:00+10:00,general,0.4778,0.0000
2025-10-23T22:30+10:00,general,0.3467,0.0000
2025-10-23T23:00+10:00,general,0.2959,0.0000
2025-10-23T23:30+10:00,general,0.2679,0.0000
2025-10-24T00:00+10:00,general,0.2338,0.0000
2025-10-24T00:30+10:00,general,0.1689,0.0000
2025-10-24T01:00+10:00,general,0.1587,0.0000
2025-10-24T01:30+10:00,general,0.1440,0.0000
2025-10-24T02:00+10:00,general,0.1261,0.0000
2025-10-24T02:30+10:00,general,0.1414,0.0000
2025-10-24T03:00+10:00,general,0.1392,0.0000
2025-10-24T03:30+10:00,general,0.1642,0.0000
2025-10-24T04:00+10:00,general,0.1510,0.0000
2025-10-24T04:30+10:00,general,0.1744,0.0000
2025-10-24T05:00+10:00,general,0.1650,0.0000
2025-10-24T05:30+10:00,general,0.1908,0.0000
2025-10-24T06:00+10:00,general,0.2293,0.0000
2025-10-24T06:30+10:00,general,0.2545,0.0000
2025-10-24T07:00+10:00,general,0.1262,0.0000
2025-10-24T07:30+10:00,general,0.0000,0.0829
2025-10-24T08:00+10:00,general,0.0000,0.2169
2025-10-24T08:30+10:00,general,0.0000,0.3819
2025-10-24T09:00+10:00,general,0.0000,0.5538
2025-10-24T09:30+10:00,general,0.0000,0.6638
2025-10-24T10:00+10:00,general,0.0000,0.7840
2025-10-24T10:30+10:00,general,0.0000,0.9131
2025-10-24T11:00+10:00,general,0.0000,0.9787
2025-10-24T11:30+10:00,general,0.0000,1.0102
2025-10-24T12:00+10:00,general,0.0000,1.0668
2025-10-24T12:30+10:00,general,0.0000,1.0693
2025-10-24T13:00+10:00,general,0.0000,1.0557
2025-10-24T13:30+10:00,general,0.0000,1.0258
2025-10-24T14:00+10:00,general,0.0000,0.9767
2025-10-24T14:30+10:00,general,0.0000,0.8864
2025-10-24T15:00+10:00,general,0.0000,0.7890
2025-10-24T15:30+10:00,general,0.0000,0.6315
2025-10-24T16:00+10:00,general,0.0000,0.4881
2025-10-24T16:30+10:00,general,0.0000,0.2252
2025-10-24T17:00+10:00,general,0.0000,0.0767
2025-10-24T17:30+10:00,general,0.1351,0.0000
2025-10-24T18:00+10:00,general,0.3713,0.0000
2025-10-24T18:30+10:00,general,0.7271,0.0000
2025-10-24T19:00+10:00,general,0.7472,0.0000
2025-10-24T19:30+10:00,general,0.7779,0.0000
2025-10-24T20:00+10:00,general,0.6904,0.0000
2025-10-24T20:30+10:00,general,0.7103,0.0000
2025-10-24T21:00+10:00,general,0.5952,0.0000
2025-10-24T21:30+10:00,general,0.5196,0.0000
2025-10-24T22:00+10:00,general,0.4353,0.0000
2025-10-24T22:30+10:00,general,0.3029,0.0000
2025-10-24T23:00+10:00,general,0.2923,0.0000
2025-10-24T23:30+10:00,general,0.2732,0.0000
2025-10-25T00:00+10:00,general,0.1779,0.0000
2025-10-25T00:30+10:00,general,0.1541,0.0000
2025-10-25T01:00+10:00,general,0.1286,0.0000
2025-10-25T01:30+10:00,general,0.1428,0.0000
2025-10-25T02:00+10:00,general,0.1269,0.0000
2025-10-25T02:30+10:00,general,0.1567,0.0000
2025-10-25T03:00+10:00,general,0.1552,0.0000
2025-10-25T03:30+10:00,general,0.1323,0.0000
2025-10-25T04:00+10:00,general,0.1401,0.0000
2025-10-25T04:30+10:00,general,0.1622,0.0000
2025-10-25T05:00+10:00,general,0.1762,0.0000
2025-10-25T05:30+10:00,general,0.1759,0.0000
2025-10-25T06:00+10:00,general,0.2041,0.0000
2025-10-25T06:30+10:00,general,0.2386,0.0000
2025-10-25T07:00+10:00,general,0.0675,0.0000
2025-10-25T07:30+10:00,general,0.0000,0.0243
2025-10-25T08:00+10:00,general,0.0000,0.2444
2025-10-25T08:30+10:00,general,0.0000,0.3691
2025-10-25T09:00+10:00,general,0.0000,0.5425
2025-10-25T09:30+10:00,general,0.0000,0.6856
2025-10-25T10:00+10:00,general,0.0000,0.8100
2025-10-25T10:30+10:00,general,0.0000,0.9164
2025-10-25T11:00+10:00,general,0.0000,0.9891
2025-10-25T11:30+10:00,general,0.0000,1.0479
2025-10-25T12:00+10:00,general,0.0000,1.0656
2025-10-25T12:30+10:00,general,0.0000,1.0583
2025-10-25T13:00+10:00,general,0.0000,1.0808
2025-10-25T13:30+10:00,general,0.0000,1.0364
2025-10-25T14:00+10:00,general,0.0000,0.9582
2025-10-25T14:30+10:00,general,0.0000,0.8565
2025-10-25T15:00+10:00,general,0.0000,0.7749
2025-10-25T15:30+10:00,general,0.0000,0.6227
2025-10-25T16:00+10:00,general,0.0000,0.4777
2025-10-25T16:30+10:00,general,0.0000,0.2245
2025-10-25T17:00+10:00,general,0.0000,0.0124
2025-10-25T17:30+10:00,general,0.1579,0.0000
2025-10-25T18:00+10:00,general,0.4944,0.0000
2025-10-25T18:30+10:00,general,0.6699,0.0000
2025-10-25T19:00+10:00,general,0.7381,0.0000
2025-10-25T19:30+10:00,general,0.7916,0.0000
2025-10-25T20:00+10:00,general,0.7759,0.0000
2025-10-25T20:30+10:00,general,0.6134,0.0000
2025-10-25T21:00+10:00,general,0.5451,0.0000
2025-10-25T21:30+10:00,general,0.4464,0.0000
2025-10-25T22:00+10:00,general,0.3907,0.0000
2025-10-25T22:30+10:00,general,0.3609,0.0000
2025-10-25T23:00+10:00,general,0.3024,0.0000
2025-10-25T23:30+10:00,general,0.2527,0.0000
2025-10-26T00:00+10:00,general,0.1922,0.0000
2025-10-26T00:30+10:00,general,0.1638,0.0000
2025-10-26T01:00+10:00,general,0.1696,0.0000
2025-10-26T01:30+10:00,general,0.1435,0.0000
2025-10-26T02:00+10:00,general,0.1472,0.0000
2025-10-26T02:30+10:00,general,0.1583,0.0000
2025-10-26T03:00+10:00,general,0.1382,0.0000
2025-10-26T03:30+10:00,general,0.1392,0.0000
2025-10-26T04:00+10:00,general,0.1449,0.0000
2025-10-26T04:30+10:00,general,0.1841,0.0000
2025-10-26T05:00+10:00,general,0.1844,0.0000
2025-10-26T05:30+10:00,general,0.1797,0.0000
2025-10-26T06:00+10:00,general,0.2359,0.0000
2025-10-26T06:30+10:00,general,0.2632,0.0000
2025-10-26T07:00+10:00,general,0.1088,0.0000
2025-10-26T07:30+10:00,general,0.0000,0.0604
2025-10-26T08:00+10:00,general,0.0000,0.1835
2025-10-26T08:30+10:00,general,0.0000,0.3787
2025-10-26T09:00+10:00,general,0.0000,0.5445
2025-10-26T09:30+10:00,general,0.0000,0.6684
2025-10-26T10:00+10:00,general,0.0000,0.8228
2025-10-26T10:30+10:00,general,0.0000,0.9210
2025-10-26T11:00+10:00,general,0.0000,0.9942
2025-10-26T11:30+10:00,general,0.0000,1.0533
2025-10-26T12:00+10:00,general,0.0000,1.0857
2025-10-26T12:30+10:00,general,0.0000,1.0826
2025-10-26T13:00+10:00,general,0.0000,1.0922
2025-10-26T13:30+10:00,general,0.0000,1.0436
2025-10-26T14:00+10:00,general,0.0000,0.9778
2025-10-26T14:30+10:00,general,0.0000,0.8917
2025-10-26T15:00+10:00,general,0.0000,0.7508
2025-10-26T15:30+10:00,general,0.0000,0.6327
2025-10-26T16:00+10:00,general,0.0000,0.4327
2025-10-26T16:30+10:00,general,0.0000,0.2978
2025-10-26T17:00+10:00,general,0.0000,0.0480
2025-10-26T17:30+10:00,general,0.1520,0.0000
2025-10-26T18:00+10:00,general,0.4593,0.0000
2025-10-26T18:30+10:00,general,0.7114,0.0000
2025-10-26T19:00+10:00,general,0.6000,0.0000
2025-10-26T19:30+10:00,general,0.6723,0.0000
2025-10-26T20:00+10:00,general,0.6221,0.0000
2025-10-26T20:30+10:00,general,0.6561,0.0000
2025-10-26T21:00+10:00,general,0.4980,0.0000
2025-10-26T21:30+10:00,general,0.4437,0.0000
2025-10-26T22:00+10:00,general,0.4345,0.0000
2025-10-26T22:30+10:00,general,0.3159,0.0000
2025-10-26T23:00+10:00,general,0.2597,0.0000
2025-10-26T23:30+10:00,general,0.2633,0.0000
2025-10-27T00:00+10:00,general,0.2242,0.0000
2025-10-27T00:30+10:00,general,0.1624,0.0000
2025-10-27T01:00+10:00,general,0.1316,0.0000
2025-10-27T01:30+10:00,general,0.1609,0.0000
2025-10-27T02:00+10:00,general,0.1353,0.0000
2025-10-27T02:30+10:00,general,0.1442,0.0000
2025-10-27T03:00+10:00,general,0.1567,0.0000
2025-10-27T03:30+10:00,general,0.1650,0.0000
2025-10-27T04:00+10:00,general,0.1522,0.0000
2025-10-27T04:30+10:00,general,0.1608,0.0000
2025-10-27T05:00+10:00,general,0.1760,0.0000
2025-10-27T05:30+10:00,general,0.2131,0.0000
2025-10-27T06:00+10:00,general,0.2426,0.0000
2025-10-27T06:30+10:00,general,0.2540,0.0000
2025-10-27T07:00+10:00,general,0.1061,0.0000
2025-10-27T07:30+10:00,general,0.0000,0.0588
2025-10-27T08:00+10:00,general,0.0000,0.2362
2025-10-27T08:30+10:00,general,0.0000,0.4163
2025-10-27T09:00+10:00,general,0.0000,0.5700
2025-10-27T09:30+10:00,general,0.0000,0.7095
2025-10-27T10:00+10:00,general,0.0000,0.7875
2025-10-27T10:30+10:00,general,0.0000,0.9149
2025-10-27T11:00+10:00,general,0.0000,1.0130
2025-10-27T11:30+10:00,general,0.0000,1.0341
2025-10-27T12:00+10:00,general,0.0000,1.0701
2025-10-27T12:30+10:00,general,0.0000,1.0991
2025-10-27T13:00+10:00,general,0.0000,1.0751
2025-10-27T13:30+10:00,general,0.0000,1.0372
2025-10-27T14:00+10:00,general,0.0000,1.0013
2025-10-27T14:30+10:00,general,0.0000,0.8875
2025-10-27T15:00+10:00,general,0.0000,0.7590
2025-10-27T15:30+10:00,general,0.0000,0.6194
2025-10-27T16:00+10:00,general,0.0000,0.4471
2025-10-27T16:30+10:00,general,0.0000,0.2666
2025-10-27T17:00+10:00,general,0.0000,0.0395
2025-10-27T17:30+10:00,general,0.1290,0.0000
2025-10-27T18:00+10:00,general,0.3326,0.0000
2025-10-27T18:30+10:00,general,0.6671,0.0000
2025-10-27T19:00+10:00,general,0.7069,0.0000
2025-10-27T19:30+10:00,general,0.6809,0.0000
2025-10-27T20:00+10:00,general,0.6843,0.0000
2025-10-27T20:30+10:00,general,0.6181,0.0000
2025-10-27T21:00+10:00,general,0.5276,0.0000
2025-10-27T21:30+10:00,general,0.4523,0.0000
2025-10-27T22:00+10:00,general,0.3596,0.0000
2025-10-27T22:30+10:00,general,0.3724,0.0000
2025-10-27T23:00+10:00,general,0.2646,0.0000
2025-10-27T23:30+10:00,general,0.2143,0.0000
2025-10-28T00:00+10:00,general,0.1918,0.0000
2025-10-28T00:30+10:00,general,0.1322,0.0000
2025-10-28T01:00+10:00,general,0.1465,0.0000
2025-10-28T01:30+10:00,general,0.1690,0.0000
2025-10-28T02:00+10:00,general,0.1419,0.0000
2025-10-28T02:30+10:00,general,0.1356,0.0000
2025-10-28T03:00+10:00,general,0.1517,0.0000
2025-10-28T03:30+10:00,general,0.1456,0.0000
2025-10-28T04:00+10:00,general,0.1650,0.0000
2025-10-28T04:30+10:00,general,0.1385,0.0000
2025-10-28T05:00+10:00,general,0.1624,0.0000
2025-10-28T05:30+10:00,general,0.1677,0.0000
2025-10-28T06:00+10:00,general,0.2150,0.0000
2025-10-28T06:30+10:00,general,0.2171,0.0000
2025-10-28T07:00+10:00,general,0.1189,0.0000
2025-10-28T07:30+10:00,general,0.0000,0.0575
2025-10-28T08:00+10:00,general,0.0000,0.2177
2025-10-28T08:30+10:00,general,0.0000,0.3809
2025-10-28T09:00+10:00,general,0.0000,0.5745
2025-10-28T09:30+10:00,general,0.0000,0.6922
2025-10-28T10:00+10:00,general,0.0000,0.8343
2025-10-28T10:30+10:00,general,0.0000,0.9022
2025-10-28T11:00+10:00,general,0.0000,0.9976
2025-10-28T11:30+10:00,general,0.0000,1.0651
2025-10-28T12:00+10:00,general,0.0000,1.0884
2025-10-28T12:30+10:00,general,0.0000,1.1209
2025-10-28T13:00+10:00,general,0.0000,1.0702
2025-10-28T13:30+10:00,general,0.0000,1.0499
2025-10-28T14:00+10:00,general,0.0000,0.9897
2025-10-28T14:30+10:00,general,0.0000,0.9001
2025-10-28T15:00+10:00,general,0.0000,0.7621
2025-10-28T15:30+10:00,general,0.0000,0.6273
2025-10-28T16:00+10:00,general,0.0000,0.4299
2025-10-28T16:30+10:00,general,0.0000,0.2682
2025-10-28T17:00+10:00,general,0.0000,0.1170
2025-10-28T17:30+10:00,general,0.2111,0.0000
2025-10-28T18:00+10:00,general,0.4492,0.0000
2025-10-28T18:30+10:00,general,0.5959,0.0000
2025-10-28T19:00+10:00,general,0.7121,0.0000
2025-10-28T19:30+10:00,general,0.7647,0.0000
2025-10-28T20:00+10:00,general,0.6662,0.0000
2025-10-28T20:30+10:00,general,0.5436,0.0000
2025-10-28T21:00+10:00,general,0.6442,0.0000
2025-10-28T21:30+10:00,general,0.5107,0.0000
2025-10-28T22:00+10:00,general,0.4125,0.0000
2025-10-28T22:30+10:00,general,0.3216,0.0000
2025-10-28T23:00+10:00,general,0.2700,0.0000
2025-10-28T23:30+10:00,general,0.2342,0.0000
2025-10-29T00:00+10:00,general,0.2216,0.0000
2025-10-29T00:30+10:00,general,0.1594,0.0000
2025-10-29T01:00+10:00,general,0.1278,0.0000
2025-10-29T01:30+10:00,general,0.1260,0.0000
2025-10-29T02:00+10:00,general,0.1552,0.0000
2025-10-29T02:30+10:00,general,0.1441,0.0000
2025-10-29T03:00+10:00,general,0.1433,0.0000
2025-10-29T03:30+10:00,general,0.1713,0.0000
2025-10-29T04:00+10:00,general,0.1425,0.0000
2025-10-29T04:30+10:00,general,0.1590,0.0000
2025-10-29T05:00+10:00,general,0.1591,0.0000
2025-10-29T05:30+10:00,general,0.2057,0.0000
2025-10-29T06:00+10:00,general,0.1843,0.0000
2025-10-29T06:30+10:00,general,0.2450,0.0000
2025-10-29T07:00+10:00,general,0.0705,0.0000
2025-10-29T07:30+10:00,general,0.0000,0.0642
2025-10-29T08:00+10:00,general,0.0000,0.1861
2025-10-29T08:30+10:00,general,0.0000,0.3867
2025-10-29T09:00+10:00,general,0.0000,0.5333
2025-10-29T09:30+10:00,general,0.0000,0.6746
2025-10-29T10:00+10:00,general,0.0000,0.8284
2025-10-29T10:30+10:00,general,0.0000,0.9311
2025-10-29T11:00+10:00,general,0.0000,1.0024
2025-10-29T11:30+10:00,general,0.0000,1.0536
2025-10-29T12:00+10:00,general,0.0000,1.1129
2025-10-29T12:30+10:00,general,0.0000,1.1056
2025-10-29T13:00+10:00,general,0.0000,1.1016
2025-10-29T13:30+10:00,general,0.0000,1.0693
2025-10-29T14:00+10:00,general,0.0000,0.9927
2025-10-29T14:30+10:00,general,0.0000,0.9266
2025-10-29T15:00+10:00,general,0.0000,0.7685
2025-10-29T15:30+10:00,general,0.0000,0.6644
2025-10-29T16:00+10:00,general,0.0000,0.5109
2025-10-29T16:30+10:00,general,0.0000,0.2555
2025-10-29T17:00+10:00,general,0.0000,0.0760
2025-10-29T17:30+10:00,general,0.1662,0.0000
2025-10-29T18:00+10:00,general,0.4338,0.0000
2025-10-29T18:30+10:00,general,0.6034,0.0000
2025-10-29T19:00+10:00,general,0.6357,0.0000
2025-10-29T19:30+10:00,general,0.7203,0.0000
2025-10-29T20:00+10:00,general,0.7404,0.0000
2025-10-29T20:30+10:00,general,0.6834,0.0000
2025-10-29T21:00+10:00,general,0.6187,0.0000
2025-10-29T21:30+10:00,general,0.5201,0.0000
2025-10-29T22:00+10:00,general,0.4730,0.0000
2025-10-29T22:30+10:00,general,0.3334,0.0000
2025-10-29T23:00+10:00,general,0.2804,0.0000
2025-10-29T23:30+10:00,general,0.2309,0.0000
2025-10-30T00:00+10:00,general,0.2176,0.0000
2025-10-30T00:30+10:00,general,0.1469,0.0000
2025-10-30T01:00+10:00,general,0.1536,0.0000
2025-10-30T01:30+10:00,general,0.1664,0.0000
2025-10-30T02:00+10:00,general,0.1633,0.0000
2025-10-30T02:30+10:00,general,0.1634,0.0000
2025-10-30T03:00+10:00,general,0.1548,0.0000
2025-10-30T03:30+10:00,general,0.1386,0.0000
2025-10-30T04:00+10:00,general,0.1594,0.0000
2025-10-30T04:30+10:00,general,0.1424,0.0000
2025-10-30T05:00+10:00,general,0.1547,0.0000
2025-10-30T05:30+10:00,general,0.1866,0.0000
2025-10-30T06:00+10:00,general,0.2182,0.0000
2025-10-30T06:30+10:00,general,0.2553,0.0000
2025-10-30T07:00+10:00,general,0.1135,0.0000
2025-10-30T07:30+10:00,general,0.0000,0.0698
2025-10-30T08:00+10:00,general,0.0000,0.1999
2025-10-30T08:30+10:00,general,0.0000,0.4068
2025-10-30T09:00+10:00,general,0.0000,0.5526
2025-10-30T09:30+10:00,general,0.0000,0.6931
2025-10-30T10:00+10:00,general,0.0000,0.8228
2025-10-30T10:30+10:00,general,0.0000,0.9294
2025-10-30T11:00+10:00,general,0.0000,0.9921
2025-10-30T11:30+10:00,general,0.0000,1.0509
2025-10-30T12:00+10:00,general,0.0000,1.0966
2025-10-30T12:30+10:00,general,0.0000,1.1276
2025-10-30T13:00+10:00,general,0.0000,1.1111
2025-10-30T13:30+10:00,general,0.0000,1.0814
2025-10-30T14:00+10:00,general,0.0000,0.9842
2025-10-30T14:30+10:00,general,0.0000,0.9003
2025-10-30T15:00+10:00,general,0.0000,0.7761
2025-10-30T15:30+10:00,general,0.0000,0.6679
2025-10-30T16:00+10:00,general,0.0000,0.4542
2025-10-30T16:30+10:00,general,0.0000,0.2742
2025-10-30T17:00+10:00,general,0.0000,0.0518
2025-10-30T17:30+10:00,general,0.1143,0.0000
2025-10-30T18:00+10:00,general,0.3875,0.0000
2025-10-30T18:30+10:00,general,0.6037,0.0000
2025-10-30T19:00+10:00,general,0.6791,0.0000
2025-10-30T19:30+10:00,general,0.6021,0.0000
2025-10-30T20:00+10:00,general,0.6449,0.0000
2025-10-30T20:30+10:00,general,0.7290,0.0000
2025-10-30T21:00+10:00,general,0.6316,0.0000
2025-10-30T21:30+10:00,general,0.4583,0.0000
2025-10-30T22:00+10:00,general,0.4688,0.0000
2025-10-30T22:30+10:00,general,0.3629,0.0000
2025-10-30T23:00+10:00,general,0.3208,0.0000
2025-10-30T23:30+10:00,general,0.2388,0.0000
2025-10-31T00:00+10:00,general,0.2301,0.0000
2025-10-31T00:30+10:00,general,0.1635,0.0000
2025-10-31T01:00+10:00,general,0.1651,0.0000
2025-10-31T01:30+10:00,general,0.1299,0.0000
2025-10-31T02:00+10:00,general,0.1330,0.0000
2025-10-31T02:30+10:00,general,0.1383,0.0000
2025-10-31T03:00+10:00,general,0.1414,0.0000
2025-10-31T03:30+10:00,general,0.1605,0.0000
2025-10-31T04:00+10:00,general,0.1413,0.0000
2025-10-31T04:30+10:00,general,0.1601,0.0000
2025-10-31T05:00+10:00,general,0.1868,0.0000
2025-10-31T05:30+10:00,general,0.2048,0.0000
2025-10-31T06:00+10:00,general,0.2473,0.0000
2025-10-31T06:30+10:00,general,0.2559,0.0000
2025-10-31T07:00+10:00,general,0.0962,0.0000
2025-10-31T07:30+10:00,general,0.0000,0.0208
2025-10-31T08:00+10:00,general,0.0000,0.2341
2025-10-31T08:30+10:00,general,0.0000,0.3752
2025-10-31T09:00+10:00,general,0.0000,0.5452
2025-10-31T09:30+10:00,general,0.0000,0.6914
2025-10-31T10:00+10:00,general,0.0000,0.8217
2025-10-31T10:30+10:00,general,0.0000,0.9194
2025-10-31T11:00+10:00,general,0.0000,1.0161
2025-10-31T11:30+10:00,general,0.0000,1.0911
2025-10-31T12:00+10:00,general,0.0000,1.0909
2025-10-31T12:30+10:00,general,0.0000,1.0982
2025-10-31T13:00+10:00,general,0.0000,1.1172
2025-10-31T13:30+10:00,general,0.0000,1.0531
2025-10-31T14:00+10:00,general,0.0000,0.9829
2025-10-31T14:30+10:00,general,0.0000,0.9052
2025-10-31T15:00+10:00,general,0.0000,0.8048
2025-10-31T15:30+10:00,general,0.0000,0.6752
2025-10-31T16:00+10:00,general,0.0000,0.4661
2025-10-31T16:30+10:00,general,0.0000,0.3156
2025-10-31T17:00+10:00,general,0.0000,0.0144
2025-10-31T17:30+10:00,general,0.1513,0.0000
2025-10-31T18:00+10:00,general,0.3795,0.0000
2025-10-31T18:30+10:00,general,0.5844,0.0000
2025-10-31T19:00+10:00,general,0.6705,0.0000
2025-10-31T19:30+10:00,general,0.6244,0.0000
2025-10-31T20:00+10:00,general,0.6798,0.0000
2025-10-31T20:30+10:00,general,0.7069,0.0000
2025-10-31T21:00+10:00,general,0.4910,0.0000
2025-10-31T21:30+10:00,general,0.4675,0.0000
2025-10-31T22:00+10:00,general,0.4689,0.0000
2025-10-31T22:30+10:00,general,0.3625,0.0000
2025-10-31T23:00+10:00,general,0.3301,0.0000
2025-10-31T23:30+10:00,general,0.2077,0.0000
2025-11-01T00:00+10:00,general,0.2035,0.0000
2025-11-01T00:30+10:00,general,0.1410,0.0000
2025-11-01T01:00+10:00,general,0.1430,0.0000
2025-11-01T01:30+10:00,general,0.1462,0.0000
2025-11-01T02:00+10:00,general,0.1569,0.0000
2025-11-01T02:30+10:00,general,0.1616,0.0000
2025-11-01T03:00+10:00,general,0.1466,0.0000
2025-11-01T03:30+10:00,general,0.1482,0.0000
2025-11-01T04:00+10:00,general,0.1536,0.0000
2025-11-01T04:30+10:00,general,0.1723,0.0000
2025-11-01T05:00+10:00,general,0.1594,0.0000
2025-11-01T05:30+10:00,general,0.1669,0.0000
2025-11-01T06:00+10:00,general,0.2273,0.0000
2025-11-01T06:30+10:00,general,0.2512,0.0000
2025-11-01T07:00+10:00,general,0.1166,0.0000
2025-11-01T07:30+10:00,general,0.0000,0.0437
2025-11-01T08:00+10:00,general,0.0000,0.2414
2025-11-01T08:30+10:00,general,0.0000,0.3698
2025-11-01T09:00+10:00,general,0.0000,0.5844
2025-11-01T09:30+10:00,general,0.0000,0.6829
2025-11-01T10:00+10:00,general,0.0000,0.8387
2025-11-01T10:30+10:00,general,0.0000,0.9616
2025-11-01T11:00+10:00,general,0.0000,1.0462
2025-11-01T11:30+10:00,general,0.0000,1.1034
2025-11-01T12:00+10:00,general,0.0000,1.1272
2025-11-01T12:30+10:00,general,0.0000,1.1258
2025-11-01T13:00+10:00,general,0.0000,1.1015
2025-11-01T13:30+10:00,general,0.0000,1.0589
2025-11-01T14:00+10:00,general,0.0000,1.0345
2025-11-01T14:30+10:00,general,0.0000,0.9121
2025-11-01T15:00+10:00,general,0.0000,0.8159
2025-11-01T15:30+10:00,general,0.0000,0.6924
2025-11-01T16:00+10:00,general,0.0000,0.4536
2025-11-01T16:30+10:00,general,0.0000,0.3124
2025-11-01T17:00+10:00,general,0.0000,0.0938
2025-11-01T17:30+10:00,general,0.1485,0.0000
2025-11-01T18:00+10:00,general,0.4504,0.0000
2025-11-01T18:30+10:00,general,0.5499,0.0000
2025-11-01T19:00+10:00,general,0.6135,0.0000
2025-11-01T19:30+10:00,general,0.7845,0.0000
2025-11-01T20:00+10:00,general,0.7120,0.0000
2025-11-01T20:30+10:00,general,0.6329,0.0000
2025-11-01T21:00+10:00,general,0.5836,0.0000
2025-11-01T21:30+10:00,general,0.4466,0.0000
2025-11-01T22:00+10:00,general,0.3740,0.0000
2025-11-01T22:30+10:00,general,0.3484,0.0000
2025-11-01T23:00+10:00,general,0.3295,0.0000
2025-11-01T23:30+10:00,general,0.2449,0.0000
2025-11-02T00:00+10:00,general,0.1909,0.0000
2025-11-02T00:30+10:00,general,0.1675,0.0000
2025-11-02T01:00+10:00,general,0.1440,0.0000
2025-11-02T01:30+10:00,general,0.1321,0.0000
2025-11-02T02:00+10:00,general,0.1442,0.0000
2025-11-02T02:30+10:00,general,0.1448,0.0000
2025-11-02T03:00+10:00,general,0.1619,0.0000
2025-11-02T03:30+10:00,general,0.1505,0.0000
2025-11-02T04:00+10:00,general,0.1371,0.0000
2025-11-02T04:30+10:00,general,0.1566,0.0000
2025-11-02T05:00+10:00,general,0.1787,0.0000
2025-11-02T05:30+10:00,general,0.1748,0.0000
2025-11-02T06:00+10:00,general,0.2190,0.0000
2025-11-02T06:30+10:00,general,0.2423,0.0000
2025-11-02T07:00+10:00,general,0.0956,0.0000
2025-11-02T07:30+10:00,general,0.0000,0.0246
2025-11-02T08:00+10:00,general,0.0000,0.1916
2025-11-02T08:30+10:00,general,0.0000,0.4051
2025-11-02T09:00+10:00,general,0.0000,0.5633
2025-11-02T09:30+10:00,general,0.0000,0.6999
2025-11-02T10:00+10:00,general,0.0000,0.8431
2025-11-02T10:30+10:00,general,0.0000,0.9466
2025-11-02T11:00+10:00,general,0.0000,1.0218
2025-11-02T11:30+10:00,general,0.0000,1.0709
2025-11-02T12:00+10:00,general,0.0000,1.0985
2025-11-02T12:30+10:00,general,0.0000,1.1142
2025-11-02T13:00+10:00,general,0.0000,1.1132
2025-11-02T13:30+10:00,general,0.0000,1.0575
2025-11-02T14:00+10:00,general,0.0000,1.0289
2025-11-02T14:30+10:00,general,0.0000,0.9124
2025-11-02T15:00+10:00,general,0.0000,0.8240
2025-11-02T15:30+10:00,general,0.0000,0.6959
2025-11-02T16:00+10:00,general,0.0000,0.5258
2025-11-02T16:30+10:00,general,0.0000,0.3108
2025-11-02T17:00+10:00,general,0.0000,0.1172
2025-11-02T17:30+10:00,general,0.1213,0.0000
2025-11-02T18:00+10:00,general,0.4339,0.0000
2025-11-02T18:30+10:00,general,0.6538,0.0000
2025-11-02T19:00+10:00,general,0.5805,0.0000
2025-11-02T19:30+10:00,general,0.6196,0.0000
2025-11-02T20:00+10:00,general,0.7633,0.0000
2025-11-02T20:30+10:00,general,0.7243,0.0000
2025-11-02T21:00+10:00,general,0.5334,0.0000
2025-11-02T21:30+10:00,general,0.4404,0.0000
2025-11-02T22:00+10:00,general,0.3924,0.0000
2025-11-02T22:30+10:00,general,0.3131,0.0000
2025-11-02T23:00+10:00,general,0.2773,0.0000
2025-11-02T23:30+10:00,general,0.2481,0.0000
2025-11-03T00:00+10:00,general,0.1816,0.0000
2025-11-03T00:30+10:00,general,0.1522,0.0000
2025-11-03T01:00+10:00,general,0.1469,0.0000
2025-11-03T01:30+10:00,general,0.1684,0.0000
2025-11-03T02:00+10:00,general,0.1481,0.0000
2025-11-03T02:30+10:00,general,0.1583,0.0000
2025-11-03T03:00+10:00,general,0.1341,0.0000
2025-11-03T03:30+10:00,general,0.1411,0.0000
2025-11-03T04:00+10:00,general,0.1581,0.0000
2025-11-03T04:30+10:00,general,0.1458,0.0000
2025-11-03T05:00+10:00,general,0.1800,0.0000
2025-11-03T05:30+10:00,general,0.2190,0.0000
2025-11-03T06:00+10:00,general,0.2139,0.0000
2025-11-03T06:30+10:00,general,0.2625,0.0000
2025-11-03T07:00+10:00,general,0.0766,0.0000
2025-11-03T07:30+10:00,general,0.0000,0.0648
2025-11-03T08:00+10:00,general,0.0000,0.2432
2025-11-03T08:30+10:00,general,0.0000,0.4166
2025-11-03T09:00+10:00,general,0.0000,0.5378
2025-11-03T09:30+10:00,general,0.0000,0.6957
2025-11-03T10:00+10:00,general,0.0000,0.8575
2025-11-03T10:30+10:00,general,0.0000,0.9712
2025-11-03T11:00+10:00,general,0.0000,1.0190
2025-11-03T11:30+10:00,general,0.0000,1.1132
2025-11-03T12:00+10:00,general,0.0000,1.1345
2025-11-03T12:30+10:00,general,0.0000,1.1371
2025-11-03T13:00+10:00,general,0.0000,1.1016
2025-11-03T13:30+10:00,general,0.0000,1.0706
2025-11-03T14:00+10:00,general,0.0000,1.0247
2025-11-03T14:30+10:00,general,0.0000,0.9190
2025-11-03T15:00+10:00,general,0.0000,0.8398
2025-11-03T15:30+10:00,general,0.0000,0.6855
2025-11-03T16:00+10:00,general,0.0000,0.4651
2025-11-03T16:30+10:00,general,0.0000,0.2897
2025-11-03T17:00+10:00,general,0.0000,0.0868
2025-11-03T17:30+10:00,general,0.1663,0.0000
2025-11-03T18:00+10:00,general,0.4806,0.0000
2025-11-03T18:30+10:00,general,0.6368,0.0000
2025-11-03T19:00+10:00,general,0.7579,0.0000
2025-11-03T19:30+10:00,general,0.6028,0.0000
2025-11-03T20:00+10:00,general,0.5887,0.0000
2025-11-03T20:30+10:00,general,0.6893,0.0000
2025-11-03T21:00+10:00,general,0.5300,0.0000
2025-11-03T21:30+10:00,general,0.4567,0.0000
2025-11-03T22:00+10:00,general,0.4357,0.0000
2025-11-03T22:30+10:00,general,0.3607,0.0000
2025-11-03T23:00+10:00,general,0.3111,0.0000
2025-11-03T23:30+10:00,general,0.2527,0.0000
2025-11-04T00:00+10:00,general,0.2170,0.0000
2025-11-04T00:30+10:00,general,0.1594,0.0000
2025-11-04T01:00+10:00,general,0.1478,0.0000
2025-11-04T01:30+10:00,general,0.1523,0.0000
2025-11-04T02:00+10:00,general,0.1282,0.0000
2025-11-04T02:30+10:00,general,0.1522,0.0000
2025-11-04T03:00+10:00,general,0.1477,0.0000
2025-11-04T03:30+10:00,general,0.1536,0.0000
2025-11-04T04:00+10:00,general,0.1524,0.0000
2025-11-04T04:30+10:00,general,0.1816,0.0000
2025-11-04T05:00+10:00,general,0.1512,0.0000
2025-11-04T05:30+10:00,general,0.2042,0.0000
2025-11-04T06:00+10:00,general,0.2159,0.0000
2025-11-04T06:30+10:00,general,0.2400,0.0000
2025-11-04T07:00+10:00,general,0.0750,0.0000
2025-11-04T07:30+10:00,general,0.0000,0.0491
2025-11-04T08:00+10:00,general,0.0000,0.2391
2025-11-04T08:30+10:00,general,0.0000,0.3964
2025-11-04T09:00+10:00,general,0.0000,0.5486
2025-11-04T09:30+10:00,general,0.0000,0.7283
2025-11-04T10:00+10:00,general,0.0000,0.8435
2025-11-04T10:30+10:00,general,0.0000,0.9469
2025-11-04T11:00+10:00,general,0.0000,1.0437
2025-11-04T11:30+10:00,general,0.0000,1.0878
2025-11-04T12:00+10:00,general,0.0000,1.1464
2025-11-04T12:30+10:00,general,0.0000,1.1469
2025-11-04T13:00+10:00,general,0.0000,1.1480
2025-11-04T13:30+10:00,general,0.0000,1.0726
2025-11-04T14:00+10:00,general,0.0000,1.0420
2025-11-04T14:30+10:00,general,0.0000,0.9600
2025-11-04T15:00+10:00,general,0.0000,0.8025
2025-11-04T15:30+10:00,general,0.0000,0.6672
2025-11-04T16:00+10:00,general,0.0000,0.5198
2025-11-04T16:30+10:00,general,0.0000,0.2954
2025-11-04T17:00+10:00,general,0.0000,0.1257
2025-11-04T17:30+10:00,general,0.1318,0.0000
2025-11-04T18:00+10:00,general,0.4134,0.0000
2025-11-04T18:30+10:00,general,0.7023,0.0000
2025-11-04T19:00+10:00,general,0.7786,0.0000
2025-11-04T19:30+10:00,general,0.7365,0.0000
2025-11-04T20:00+10:00,general,0.6826,0.0000
2025-11-04T20:30+10:00,general,0.6767,0.0000
2025-11-04T21:00+10:00,general,0.4978,0.0000
2025-11-04T21:30+10:00,general,0.5680,0.0000
2025-11-04T22:00+10:00,general,0.3899,0.0000
2025-11-04T22:30+10:00,general,0.3748,0.0000
2025-11-04T23:00+10:00,general,0.3165,0.0000
2025-11-04T23:30+10:00,general,0.2186,0.0000
2025-11-05T00:00+10:00,general,0.2282,0.0000
2025-11-05T00:30+10:00,general,0.1626,0.0000
2025-11-05T01:00+10:00,general,0.1677,0.0000
2025-11-05T01:30+10:00,general,0.1404,0.0000
2025-11-05T02:00+10:00,general,0.1516,0.0000
2025-11-05T02:30+10:00,general,0.1676,0.0000
2025-11-05T03:00+10:00,general,0.1523,0.0000
2025-11-05T03:30+10:00,general,0.1337,0.0000
2025-11-05T04:00+10:00,general,0.1314,0.0000
2025-11-05T04:30+10:00,general,0.1730,0.0000
2025-11-05T05:00+10:00,general,0.1469,0.0000
2025-11-05T05:30+10:00,general,0.1814,0.0000
2025-11-05T06:00+10:00,general,0.2154,0.0000
2025-11-05T06:30+10:00,general,0.2161,0.0000
2025-11-05T07:00+10:00,general,0.1220,0.0000
2025-11-05T07:30+10:00,general,0.0000,0.0628
2025-11-05T08:00+10:00,general,0.0000,0.2210
2025-11-05T08:30+10:00,general,0.0000,0.3877
2025-11-05T09:00+10:00,general,0.0000,0.5439
2025-11-05T09:30+10:00,general,0.0000,0.7084
2025-11-05T10:00+10:00,general,0.0000,0.8616
2025-11-05T10:30+10:00,general,0.0000,0.9448
2025-11-05T11:00+10:00,general,0.0000,1.0361
2025-11-05T11:30+10:00,general,0.0000,1.1086
2025-11-05T12:00+10:00,general,0.0000,1.1324
2025-11-05T12:30+10:00,general,0.0000,1.1665
2025-11-05T13:00+10:00,general,0.0000,1.1377
2025-11-05T13:30+10:00,general,0.0000,1.0936
2025-11-05T14:00+10:00,general,0.0000,1.0120
2025-11-05T14:30+10:00,general,0.0000,0.9681
2025-11-05T15:00+10:00,general,0.0000,0.8392
2025-11-05T15:30+10:00,general,0.0000,0.7096
2025-11-05T16:00+10:00,general,0.0000,0.5041
2025-11-05T16:30+10:00,general,0.0000,0.2646
2025-11-05T17:00+10:00,general,0.0000,0.0542
2025-11-05T17:30+10:00,general,0.1791,0.0000
2025-11-05T18:00+10:00,general,0.3528,0.0000
2025-11-05T18:30+10:00,general,0.6187,0.0000
2025-11-05T19:00+10:00,general,0.6129,0.0000
2025-11-05T19:30+10:00,general,0.6282,0.0000
2025-11-05T20:00+10:00,general,0.6230,0.0000
2025-11-05T20:30+10:00,general,0.5536,0.0000
2025-11-05T21:00+10:00,general,0.6157,0.0000
2025-11-05T21:30+10:00,general,0.5236,0.0000
2025-11-05T22:00+10:00,general,0.4532,0.0000
2025-11-05T22:30+10:00,general,0.3167,0.0000
2025-11-05T23:00+10:00,general,0.2922,0.0000
2025-11-05T23:30+10:00,general,0.2099,0.0000
2025-11-06T00:00+10:00,general,0.2083,0.0000
2025-11-06T00:30+10:00,general,0.1574,0.0000
2025-11-06T01:00+10:00,general,0.1371,0.0000
2025-11-06T01:30+10:00,general,0.1337,0.0000
2025-11-06T02:00+10:00,general,0.1416,0.0000
2025-11-06T02:30+10:00,general,0.1454,0.0000
2025-11-06T03:00+10:00,general,0.1641,0.0000
2025-11-06T03:30+10:00,general,0.1393,0.0000
2025-11-06T04:00+10:00,general,0.1650,0.0000
2025-11-06T04:30+10:00,general,0.1532,0.0000
2025-11-06T05:00+10:00,general,0.1533,0.0000
2025-11-06T05:30+10:00,general,0.1859,0.0000
2025-11-06T06:00+10:00,general,0.2096,0.0000
2025-11-06T06:30+10:00,general,0.2061,0.0000
2025-11-06T07:00+10:00,general,0.1154,0.0000
2025-11-06T07:30+10:00,general,0.0000,0.1047
2025-11-06T08:00+10:00,general,0.0000,0.2352
2025-11-06T08:30+10:00,general,0.0000,0.3772
2025-11-06T09:00+10:00,general,0.0000,0.5599
2025-11-06T09:30+10:00,general,0.0000,0.7197
2025-11-06T10:00+10:00,general,0.0000,0.8848
2025-11-06T10:30+10:00,general,0.0000,0.9678
2025-11-06T11:00+10:00,general,0.0000,1.0560
2025-11-06T11:30+10:00,general,0.0000,1.0919
2025-11-06T12:00+10:00,general,0.0000,1.1652
2025-11-06T12:30+10:00,general,0.0000,1.1740
2025-11-06T13:00+10:00,general,0.0000,1.1620
2025-11-06T13:30+10:00,general,0.0000,1.0839
2025-11-06T14:00+10:00,general,0.0000,1.0397
2025-11-06T14:30+10:00,general,0.0000,0.9245
2025-11-06T15:00+10:00,general,0.0000,0.8074
2025-11-06T15:30+10:00,general,0.0000,0.6741
2025-11-06T16:00+10:00,general,0.0000,0.5448
2025-11-06T16:30+10:00,general,0.0000,0.3001
2025-11-06T17:00+10:00,general,0.0000,0.1060
2025-11-06T17:30+10:00,general,0.0874,0.0000
2025-11-06T18:00+10:00,general,0.4698,0.0000
2025-11-06T18:30+10:00,general,0.6813,0.0000
2025-11-06T19:00+10:00,general,0.7638,0.0000
2025-11-06T19:30+10:00,general,0.7388,0.0000
2025-11-06T20:00+10:00,general,0.7009,0.0000
2025-11-06T20:30+10:00,general,0.5900,0.0000
2025-11-06T21:00+10:00,general,0.5766,0.0000
2025-11-06T21:30+10:00,general,0.5528,0.0000
2025-11-06T22:00+10:00,general,0.3719,0.0000
2025-11-06T22:30+10:00,general,0.3927,0.0000
2025-11-06T23:00+10:00,general,0.2841,0.0000
2025-11-06T23:30+10:00,general,0.2701,0.0000
2025-11-07T00:00+10:00,general,0.2280,0.0000
2025-11-07T00:30+10:00,general,0.1254,0.0000
2025-11-07T01:00+10:00,general,0.1351,0.0000
2025-11-07T01:30+10:00,general,0.1414,0.0000
2025-11-07T02:00+10:00,general,0.1266,0.0000
2025-11-07T02:30+10:00,general,0.1633,0.0000
2025-11-07T03:00+10:00,general,0.1318,0.0000
2025-11-07T03:30+10:00,general,0.1478,0.0000
2025-11-07T04:00+10:00,general,0.1618,0.0000
2025-11-07T04:30+10:00,general,0.1388,0.0000
2025-11-07T05:00+10:00,general,0.1572,0.0000
2025-11-07T05:30+10:00,general,0.2197,0.0000
2025-11-07T06:00+10:00,general,0.2416,0.0000
2025-11-07T06:30+10:00,general,0.2729,0.0000
2025-11-07T07:00+10:00,general,0.0808,0.0000
2025-11-07T07:30+10:00,general,0.0000,0.0386
2025-11-07T08:00+10:00,general,0.0000,0.2097
2025-11-07T08:30+10:00,general,0.0000,0.4013
2025-11-07T09:00+10:00,general,0.0000,0.5795
2025-11-07T09:30+10:00,general,0.0000,0.7212
2025-11-07T10:00+10:00,general,0.0000,0.8824
2025-11-07T10:30+10:00,general,0.0000,0.9609
2025-11-07T11:00+10:00,general,0.0000,1.0673
2025-11-07T11:30+10:00,general,0.0000,1.1321
2025-11-07T12:00+10:00,general,0.0000,1.1713
2025-11-07T12:30+10:00,general,0.0000,1.1496
2025-11-07T13:00+10:00,general,0.0000,1.1295
2025-11-07T13:30+10:00,general,0.0000,1.1199
2025-11-07T14:00+10:00,general,0.0000,1.0641
2025-11-07T14:30+10:00,general,0.0000,0.9528
2025-11-07T15:00+10:00,general,0.0000,0.8669
2025-11-07T15:30+10:00,general,0.0000,0.6943
2025-11-07T16:00+10:00,general,0.0000,0.4811
2025-11-07T16:30+10:00,general,0.0000,0.2673
2025-11-07T17:00+10:00,general,0.0000,0.0661
2025-11-07T17:30+10:00,general,0.2052,0.0000
2025-11-07T18:00+10:00,general,0.3661,0.0000
2025-11-07T18:30+10:00,general,0.6568,0.0000
2025-11-07T19:00+10:00,general,0.7553,0.0000
2025-11-07T19:30+10:00,general,0.7251,0.0000
2025-11-07T20:00+10:00,general,0.6538,0.0000
2025-11-07T20:30+10:00,general,0.6351,0.0000
2025-11-07T21:00+10:00,general,0.5807,0.0000
2025-11-07T21:30+10:00,general,0.5525,0.0000
2025-11-07T22:00+10:00,general,0.4257,0.0000
2025-11-07T22:30+10:00,general,0.3069,0.0000
2025-11-07T23:00+10:00,general,0.3101,0.0000
2025-11-07T23:30+10:00,general,0.2552,0.0000
2025-11-08T00:00+10:00,general,0.1805,0.0000
2025-11-08T00:30+10:00,general,0.1648,0.0000
2025-11-08T01:00+10:00,general,0.1273,0.0000
2025-11-08T01:30+10:00,general,0.1309,0.0000
2025-11-08T02:00+10:00,general,0.1404,0.0000
2025-11-08T02:30+10:00,general,0.1527,0.0000
2025-11-08T03:00+10:00,general,0.1355,0.0000
2025-11-08T03:30+10:00,general,0.1428,0.0000
2025-11-08T04:00+10:00,general,0.1632,0.0000
2025-11-08T04:30+10:00,general,0.1649,0.0000
2025-11-08T05:00+10:00,general,0.1724,0.0000
2025-11-08T05:30+10:00,general,0.1975,0.0000
2025-11-08T06:00+10:00,general,0.2206,0.0000
2025-11-08T06:30+10:00,general,0.2096,0.0000
2025-11-08T07:00+10:00,general,0.1100,0.0000
2025-11-08T07:30+10:00,general,0.0000,0.0463
2025-11-08T08:00+10:00,general,0.0000,0.2538
2025-11-08T08:30+10:00,general,0.0000,0.4365
2025-11-08T09:00+10:00,general,0.0000,0.5748
2025-11-08T09:30+10:00,general,0.0000,0.7289
2025-11-08T10:00+10:00,general,0.0000,0.8670
2025-11-08T10:30+10:00,general,0.0000,0.9703
2025-11-08T11:00+10:00,general,0.0000,1.0657
2025-11-08T11:30+10:00,general,0.0000,1.1311
2025-11-08T12:00+10:00,general,0.0000,1.1377
2025-11-08T12:30+10:00,general,0.0000,1.1496
2025-11-08T13:00+10:00,general,0.0000,1.1624
2025-11-08T13:30+10:00,general,0.0000,1.1108
2025-11-08T14:00+10:00,general,0.0000,1.0435
2025-11-08T14:30+10:00,general,0.0000,0.9748
2025-11-08T15:00+10:00,general,0.0000,0.8303
2025-11-08T15:30+10:00,general,0.0000,0.6829
2025-11-08T16:00+10:00,general,0.0000,0.5096
2025-11-08T16:30+10:00,general,0.0000,0.3286
2025-11-08T17:00+10:00,general,0.0000,0.0588
2025-11-08T17:30+10:00,general,0.1336,0.0000
2025-11-08T18:00+10:00,general,0.4187,0.0000
2025-11-08T18:30+10:00,general,0.7168,0.0000
2025-11-08T19:00+10:00,general,0.7067,0.0000
2025-11-08T19:30+10:00,general,0.6455,0.0000
2025-11-08T20:00+10:00,general,0.6677,0.0000
2025-11-08T20:30+10:00,general,0.6032,0.0000
2025-11-08T21:00+10:00,general,0.6521,0.0000
2025-11-08T21:30+10:00,general,0.5162,0.0000
2025-11-08T22:00+10:00,general,0.4375,0.0000
2025-11-08T22:30+10:00,general,0.3436,0.0000
2025-11-08T23:00+10:00,general,0.3096,0.0000
2025-11-08T23:30+10:00,general,0.2515,0.0000
2025-11-09T00:00+10:00,general,0.2103,0.0000
2025-11-09T00:30+10:00,general,0.1694,0.0000
2025-11-09T01:00+10:00,general,0.1411,0.0000
2025-11-09T01:30+10:00,general,0.1554,0.0000
2025-11-09T02:00+10:00,general,0.1644,0.0000
2025-11-09T02:30+10:00,general,0.1445,0.0000
2025-11-09T03:00+10:00,general,0.1516,0.0000
2025-11-09T03:30+10:00,general,0.1405,0.0000
2025-11-09T04:00+10:00,general,0.1472,0.0000
2025-11-09T04:30+10:00,general,0.1824,0.0000
2025-11-09T05:00+10:00,general,0.1642,0.0000
2025-11-09T05:30+10:00,general,0.2180,0.0000
2025-11-09T06:00+10:00,general,0.2421,0.0000
2025-11-09T06:30+10:00,general,0.2108,0.0000
2025-11-09T07:00+10:00,general,0.1036,0.0000
2025-11-09T07:30+10:00,general,0.0000,0.0575
2025-11-09T08:00+10:00,general,0.0000,0.2849
2025-11-09T08:30+10:00,general,0.0000,0.3894
2025-11-09T09:00+10:00,general,0.0000,0.6064
2025-11-09T09:30+10:00,general,0.0000,0.7442
2025-11-09T10:00+10:00,general,0.0000,0.8672
2025-11-09T10:30+10:00,general,0.0000,0.9806
2025-11-09T11:00+10:00,general,0.0000,1.0888
2025-11-09T11:30+10:00,general,0.0000,1.1439
2025-11-09T12:00+10:00,general,0.0000,1.1493
2025-11-09T12:30+10:00,general,0.0000,1.1845
2025-11-09T13:00+10:00,general,0.0000,1.1822
2025-11-09T13:30+10:00,general,0.0000,1.1352
2025-11-09T14:00+10:00,general,0.0000,1.0693
2025-11-09T14:30+10:00,general,0.0000,0.9731
2025-11-09T15:00+10:00,general,0.0000,0.8729
2025-11-09T15:30+10:00,general,0.0000,0.7059
2025-11-09T16:00+10:00,general,0.0000,0.5387
2025-11-09T16:30+10:00,general,0.0000,0.3569
2025-11-09T17:00+10:00,general,0.0000,0.0322
2025-11-09T17:30+10:00,general,0.0847,0.0000
2025-11-09T18:00+10:00,general,0.4458,0.0000
2025-11-09T18:30+10:00,general,0.5746,0.0000
2025-11-09T19:00+10:00,general,0.6627,0.0000
2025-11-09T19:30+10:00,general,0.6943,0.0000
2025-11-09T20:00+10:00,general,0.7497,0.0000
2025-11-09T20:30+10:00,general,0.7217,0.0000
2025-11-09T21:00+10:00,general,0.5454,0.0000
2025-11-09T21:30+10:00,general,0.5424,0.0000
2025-11-09T22:00+10:00,general,0.3894,0.0000
2025-11-09T22:30+10:00,general,0.4010,0.0000
2025-11-09T23:00+10:00,general,0.2841,0.0000
2025-11-09T23:30+10:00,general,0.2201,0.0000
2025-11-10T00:00+10:00,general,0.1804,0.0000
2025-11-10T00:30+10:00,general,0.1583,0.0000
2025-11-10T01:00+10:00,general,0.1385,0.0000
2025-11-10T01:30+10:00,general,0.1569,0.0000
2025-11-10T02:00+10:00,general,0.1655,0.0000
2025-11-10T02:30+10:00,general,0.1570,0.0000
2025-11-10T03:00+10:00,general,0.1547,0.0000
2025-11-10T03:30+10:00,general,0.1578,0.0000
2025-11-10T04:00+10:00,general,0.1426,0.0000
2025-11-10T04:30+10:00,general,0.1531,0.0000
2025-11-10T05:00+10:00,general,0.1481,0.0000
2025-11-10T05:30+10:00,general,0.2074,0.0000
2025-11-10T06:00+10:00,general,0.2013,0.0000
2025-11-10T06:30+10:00,general,0.2456,0.0000
2025-11-10T07:00+10:00,general,0.0896,0.0000
2025-11-10T07:30+10:00,general,0.0000,0.0737
2025-11-10T08:00+10:00,general,0.0000,0.2501
2025-11-10T08:30+10:00,general,0.0000,0.4086
2025-11-10T09:00+10:00,general,0.0000,0.6144
2025-11-10T09:30+10:00,general,0.0000,0.7515
2025-11-10T10:00+10:00,general,0.0000,0.8576
2025-11-10T10:30+10:00,general,0.0000,0.9934
2025-11-10T11:00+10:00,general,0.0000,1.0685
2025-11-10T11:30+10:00,general,0.0000,1.1480
2025-11-10T12:00+10:00,general,0.0000,1.1529
2025-11-10T12:30+10:00,general,0.0000,1.1657
2025-11-10T13:00+10:00,general,0.0000,1.1635
2025-11-10T13:30+10:00,general,0.0000,1.1289
2025-11-10T14:00+10:00,general,0.0000,1.0633
2025-11-10T14:30+10:00,general,0.0000,0.9482
2025-11-10T15:00+10:00,general,0.0000,0.8502
2025-11-10T15:30+10:00,general,0.0000,0.7331
2025-11-10T16:00+10:00,general,0.0000,0.5194
2025-11-10T16:30+10:00,general,0.0000,0.2927
2025-11-10T17:00+10:00,general,0.0000,0.0259
2025-11-10T17:30+10:00,general,0.2018,0.0000
2025-11-10T18:00+10:00,general,0.3690,0.0000
2025-11-10T18:30+10:00,general,0.5751,0.0000
2025-11-10T19:00+10:00,general,0.5867,0.0000
2025-11-10T19:30+10:00,general,0.7904,0.0000
2025-11-10T20:00+10:00,general,0.6282,0.0000
2025-11-10T20:30+10:00,general,0.5931,0.0000
2025-11-10T21:00+10:00,general,0.5277,0.0000
2025-11-10T21:30+10:00,general,0.4866,0.0000
2025-11-10T22:00+10:00,general,0.4023,0.0000
2025-11-10T22:30+10:00,general,0.3641,0.0000
2025-11-10T23:00+10:00,general,0.2719,0.0000
2025-11-10T23:30+10:00,general,0.2262,0.0000
2025-11-11T00:00+10:00,general,0.2004,0.0000
2025-11-11T00:30+10:00,general,0.1393,0.0000
2025-11-11T01:00+10:00,general,0.1680,0.0000
2025-11-11T01:30+10:00,general,0.1678,0.0000
2025-11-11T02:00+10:00,general,0.1375,0.0000
2025-11-11T02:30+10:00,general,0.1640,0.0000
2025-11-11T03:00+10:00,general,0.1451,0.0000
2025-11-11T03:30+10:00,general,0.1667,0.0000
2025-11-11T04:00+10:00,general,0.1549,0.0000
2025-11-11T04:30+10:00,general,0.1754,0.0000
2025-11-11T05:00+10:00,general,0.1675,0.0000
2025-11-11T05:30+10:00,general,0.1857,0.0000
2025-11-11T06:00+10:00,general,0.1838,0.0000
2025-11-11T06:30+10:00,general,0.2172,0.0000
2025-11-11T07:00+10:00,general,0.1208,0.0000
2025-11-11T07:30+10:00,general,0.0000,0.0572
2025-11-11T08:00+10:00,general,0.0000,0.2341
2025-11-11T08:30+10:00,general,0.0000,0.3952
2025-11-11T09:00+10:00,general,0.0000,0.6222
2025-11-11T09:30+10:00,general,0.0000,0.7301
2025-11-11T10:00+10:00,general,0.0000,0.8970
2025-11-11T10:30+10:00,general,0.0000,0.9781
2025-11-11T11:00+10:00,general,0.0000,1.0953
2025-11-11T11:30+10:00,general,0.0000,1.1609
2025-11-11T12:00+10:00,general,0.0000,1.1553
2025-11-11T12:30+10:00,general,0.0000,1.1949
2025-11-11T13:00+10:00,general,0.0000,1.1884
2025-11-11T13:30+10:00,general,0.0000,1.1257
2025-11-11T14:00+10:00,general,0.0000,1.0560
2025-11-11T14:30+10:00,general,0.0000,0.9955
2025-11-11T15:00+10:00,general,0.0000,0.8750
2025-11-11T15:30+10:00,general,0.0000,0.7113
2025-11-11T16:00+10:00,general,0.0000,0.5474
2025-11-11T16:30+10:00,general,0.0000,0.3525
2025-11-11T17:00+10:00,general,0.0000,0.1332
2025-11-11T17:30+10:00,general,0.1468,0.0000
2025-11-11T18:00+10:00,general,0.4709,0.0000
2025-11-11T18:30+10:00,general,0.6439,0.0000
2025-11-11T19:00+10:00,general,0.6021,0.0000
2025-11-11T19:30+10:00,general,0.6594,0.0000
2025-11-11T20:00+10:00,general,0.6202,0.0000
2025-11-11T20:30+10:00,general,0.6324,0.0000
2025-11-11T21:00+10:00,general,0.4906,0.0000
2025-11-11T21:30+10:00,general,0.5667,0.0000
2025-11-11T22:00+10:00,general,0.3902,0.0000
2025-11-11T22:30+10:00,general,0.3964,0.0000
2025-11-11T23:00+10:00,general,0.3033,0.0000
2025-11-11T23:30+10:00,general,0.2311,0.0000
2025-11-12T00:00+10:00,general,0.1854,0.0000
2025-11-12T00:30+10:00,general,0.1290,0.0000
2025-11-12T01:00+10:00,general,0.1608,0.0000
2025-11-12T01:30+10:00,general,0.1397,0.0000
2025-11-12T02:00+10:00,general,0.1334,0.0000
2025-11-12T02:30+10:00,general,0.1342,0.0000
2025-11-12T03:00+10:00,general,0.1635,0.0000
2025-11-12T03:30+10:00,general,0.1645,0.0000
2025-11-12T04:00+10:00,general,0.1303,0.0000
2025-11-12T04:30+10:00,general,0.1611,0.0000
2025-11-12T05:00+10:00,general,0.1789,0.0000
2025-11-12T05:30+10:00,general,0.1910,0.0000
2025-11-12T06:00+10:00,general,0.1881,0.0000
2025-11-12T06:30+10:00,general,0.2436,0.0000
2025-11-12T07:00+10:00,general,0.0459,0.0000
2025-11-12T07:30+10:00,general,0.0000,0.1173
2025-11-12T08:00+10:00,general,0.0000,0.2720
2025-11-12T08:30+10:00,general,0.0000,0.4260
2025-11-12T09:00+10:00,general,0.0000,0.6221
2025-11-12T09:30+10:00,general,0.0000,0.7786
2025-11-12T10:00+10:00,general,0.0000,0.8767
2025-11-12T10:30+10:00,general,0.0000,1.0109
2025-11-12T11:00+10:00,general,0.0000,1.0992
2025-11-12T11:30+10:00,general,0.0000,1.1586
2025-11-12T12:00+10:00,general,0.0000,1.1782
2025-11-12T12:30+10:00,general,0.0000,1.1776
2025-11-12T13:00+10:00,general,0.0000,1.1999
2025-11-12T13:30+10:00,general,0.0000,1.1593
2025-11-12T14:00+10:00,general,0.0000,1.0918
2025-11-12T14:30+10:00,general,0.0000,0.9596
2025-11-12T15:00+10:00,general,0.0000,0.8464
2025-11-12T15:30+10:00,general,0.0000,0.7201
2025-11-12T16:00+10:00,general,0.0000,0.5603
2025-11-12T16:30+10:00,general,0.0000,0.3610
2025-11-12T17:00+10:00,general,0.0000,0.0886
2025-11-12T17:30+10:00,general,0.1885,0.0000
2025-11-12T18:00+10:00,general,0.3636,0.0000
2025-11-12T18:30+10:00,general,0.6997,0.0000
2025-11-12T19:00+10:00,general,0.6909,0.0000
2025-11-12T19:30+10:00,general,0.7738,0.0000
2025-11-12T20:00+10:00,general,0.7361,0.0000
2025-11-12T20:30+10:00,general,0.7211,0.0000
2025-11-12T21:00+10:00,general,0.6299,0.0000
2025-11-12T21:30+10:00,general,0.4705,0.0000
2025-11-12T22:00+10:00,general,0.4449,0.0000
2025-11-12T22:30+10:00,general,0.3476,0.0000
2025-11-12T23:00+10:00,general,0.2691,0.0000
2025-11-12T23:30+10:00,general,0.2197,0.0000
2025-11-13T00:00+10:00,general,0.2267,0.0000
2025-11-13T00:30+10:00,general,0.1478,0.0000
2025-11-13T01:00+10:00,general,0.1694,0.0000
2025-11-13T01:30+10:00,general,0.1556,0.0000
2025-11-13T02:00+10:00,general,0.1271,0.0000
2025-11-13T02:30+10:00,general,0.1520,0.0000
2025-11-13T03:00+10:00,general,0.1673,0.0000
2025-11-13T03:30+10:00,general,0.1334,0.0000
2025-11-13T04:00+10:00,general,0.1738,0.0000
2025-11-13T04:30+10:00,general,0.1427,0.0000
2025-11-13T05:00+10:00,general,0.1723,0.0000
2025-11-13T05:30+10:00,general,0.2173,0.0000
2025-11-13T06:00+10:00,general,0.2176,0.0000
2025-11-13T06:30+10:00,general,0.2428,0.0000
2025-11-13T07:00+10:00,general,0.0761,0.0000
2025-11-13T07:30+10:00,general,0.0000,0.0921
2025-11-13T08:00+10:00,general,0.0000,0.2592
2025-11-13T08:30+10:00,general,0.0000,0.4455
2025-11-13T09:00+10:00,general,0.0000,0.6037
2025-11-13T09:30+10:00,general,0.0000,0.7705
2025-11-13T10:00+10:00,general,0.0000,0.9102
2025-11-13T10:30+10:00,general,0.0000,0.9878
2025-11-13T11:00+10:00,general,0.0000,1.1003
2025-11-13T11:30+10:00,general,0.0000,1.1544
2025-11-13T12:00+10:00,general,0.0000,1.1963
2025-11-13T12:30+10:00,general,0.0000,1.2049
2025-11-13T13:00+10:00,general,0.0000,1.1717
2025-11-13T13:30+10:00,general,0.0000,1.1570
2025-11-13T14:00+10:00,general,0.0000,1.0881
2025-11-13T14:30+10:00,general,0.0000,0.9671
2025-11-13T15:00+10:00,general,0.0000,0.8888
2025-11-13T15:30+10:00,general,0.0000,0.6966
2025-11-13T16:00+10:00,general,0.0000,0.4963
2025-11-13T16:30+10:00,general,0.0000,0.3492
2025-11-13T17:00+10:00,general,0.0000,0.0514
2025-11-13T17:30+10:00,general,0.0758,0.0000
2025-11-13T18:00+10:00,general,0.3659,0.0000
2025-11-13T18:30+10:00,general,0.7004,0.0000
2025-11-13T19:00+10:00,general,0.6847,0.0000
2025-11-13T19:30+10:00,general,0.7621,0.0000
2025-11-13T20:00+10:00,general,0.5975,0.0000
2025-11-13T20:30+10:00,general,0.6645,0.0000
2025-11-13T21:00+10:00,general,0.6221,0.0000
2025-11-13T21:30+10:00,general,0.5312,0.0000
2025-11-13T22:00+10:00,general,0.3782,0.0000
2025-11-13T22:30+10:00,general,0.3722,0.0000
2025-11-13T23:00+10:00,general,0.2676,0.0000
2025-11-13T23:30+10:00,general,0.2738,0.0000
2025-11-14T00:00+10:00,general,0.2339,0.0000
2025-11-14T00:30+10:00,general,0.1507,0.0000
2025-11-14T01:00+10:00,general,0.1417,0.0000
2025-11-14T01:30+10:00,general,0.1294,0.0000
2025-11-14T02:00+10:00,general,0.1475,0.0000
2025-11-14T02:30+10:00,general,0.1514,0.0000
2025-11-14T03:00+10:00,general,0.1366,0.0000
2025-11-14T03:30+10:00,general,0.1595,0.0000
2025-11-14T04:00+10:00,general,0.1515,0.0000
2025-11-14T04:30+10:00,general,0.1806,0.0000
2025-11-14T05:00+10:00,general,0.1690,0.0000
2025-11-14T05:30+10:00,general,0.1998,0.0000
2025-11-14T06:00+10:00,general,0.2453,0.0000
2025-11-14T06:30+10:00,general,0.2191,0.0000
2025-11-14T07:00+10:00,general,0.0632,0.0000
2025-11-14T07:30+10:00,general,0.0000,0.1024
2025-11-14T08:00+10:00,general,0.0000,0.2626
2025-11-14T08:30+10:00,general,0.0000,0.4572
2025-11-14T09:00+10:00,general,0.0000,0.6124
2025-11-14T09:30+10:00,general,0.0000,0.7428
2025-11-14T10:00+10:00,general,0.0000,0.8923
2025-11-14T10:30+10:00,general,0.0000,1.0341
2025-11-14T11:00+10:00,general,0.0000,1.1138
2025-11-14T11:30+10:00,general,0.0000,1.1473
2025-11-14T12:00+10:00,general,0.0000,1.1854
2025-11-14T12:30+10:00,general,0.0000,1.2213
2025-11-14T13:00+10:00,general,0.0000,1.1726
2025-11-14T13:30+10:00,general,0.0000,1.1714
2025-11-14T14:00+10:00,general,0.0000,1.0667
2025-11-14T14:30+10:00,general,0.0000,0.9746
2025-11-14T15:00+10:00,general,0.0000,0.8845
2025-11-14T15:30+10:00,general,0.0000,0.7142
2025-11-14T16:00+10:00,general,0.0000,0.5674
2025-11-14T16:30+10:00,general,0.0000,0.3047
2025-11-14T17:00+10:00,general,0.0000,0.0493
2025-11-14T17:30+10:00,general,0.1391,0.0000
2025-11-14T18:00+10:00,general,0.3918,0.0000
2025-11-14T18:30+10:00,general,0.5478,0.0000
2025-11-14T19:00+10:00,general,0.6196,0.0000
2025-11-14T19:30+10:00,general,0.6943,0.0000
2025-11-14T20:00+10:00,general,0.7635,0.0000
2025-11-14T20:30+10:00,general,0.7075,0.0000
2025-11-14T21:00+10:00,general,0.6342,0.0000
2025-11-14T21:30+10:00,general,0.4283,0.0000
2025-11-14T22:00+10:00,general,0.4132,0.0000
2025-11-14T22:30+10:00,general,0.3880,0.0000
2025-11-14T23:00+10:00,general,0.2974,0.0000
2025-11-14T23:30+10:00,general,0.2429,0.0000
2025-11-15T00:00+10:00,general,0.2294,0.0000
2025-11-15T00:30+10:00,general,0.1438,0.0000
2025-11-15T01:00+10:00,general,0.1330,0.0000
2025-11-15T01:30+10:00,general,0.1687,0.0000
2025-11-15T02:00+10:00,general,0.1309,0.0000
2025-11-15T02:30+10:00,general,0.1612,0.0000
2025-11-15T03:00+10:00,general,0.1550,0.0000
2025-11-15T03:30+10:00,general,0.1661,0.0000
2025-11-15T04:00+10:00,general,0.1442,0.0000
2025-11-15T04:30+10:00,general,0.1633,0.0000
2025-11-15T05:00+10:00,general,0.1627,0.0000
2025-11-15T05:30+10:00,general,0.1890,0.0000
2025-11-15T06:00+10:00,general,0.2312,0.0000
2025-11-15T06:30+10:00,general,0.2091,0.0000
2025-11-15T07:00+10:00,general,0.0874,0.0000
2025-11-15T07:30+10:00,general,0.0000,0.1139
2025-11-15T08:00+10:00,general,0.0000,0.2265
2025-11-15T08:30+10:00,general,0.0000,0.4257
2025-11-15T09:00+10:00,general,0.0000,0.6232
2025-11-15T09:30+10:00,general,0.0000,0.7563
2025-11-15T10:00+10:00,general,0.0000,0.9303
2025-11-15T10:30+10:00,general,0.0000,1.0185
2025-11-15T11:00+10:00,general,0.0000,1.1147
2025-11-15T11:30+10:00,general,0.0000,1.1864
2025-11-15T12:00+10:00,general,0.0000,1.1831
2025-11-15T12:30+10:00,general,0.0000,1.2085
2025-11-15T13:00+10:00,general,0.0000,1.1838
2025-11-15T13:30+10:00,general,0.0000,1.1381
2025-11-15T14:00+10:00,general,0.0000,1.0919
2025-11-15T14:30+10:00,general,0.0000,1.0178
2025-11-15T15:00+10:00,general,0.0000,0.8603
2025-11-15T15:30+10:00,general,0.0000,0.7488
2025-11-15T16:00+10:00,general,0.0000,0.5214
2025-11-15T16:30+10:00,general,0.0000,0.3512
2025-11-15T17:00+10:00,general,0.0000,0.0409
2025-11-15T17:30+10:00,general,0.0958,0.0000
2025-11-15T18:00+10:00,general,0.4273,0.0000
2025-11-15T18:30+10:00,general,0.5818,0.0000
2025-11-15T19:00+10:00,general,0.5864,0.0000
2025-11-15T19:30+10:00,general,0.6103,0.0000
2025-11-15T20:00+10:00,general,0.6584,0.0000
2025-11-15T20:30+10:00,general,0.6883,0.0000
2025-11-15T21:00+10:00,general,0.4973,0.0000
2025-11-15T21:30+10:00,general,0.5604,0.0000
2025-11-15T22:00+10:00,general,0.4091,0.0000
2025-11-15T22:30+10:00,general,0.3351,0.0000
2025-11-15T23:00+10:00,general,0.3279,0.0000
2025-11-15T23:30+10:00,general,0.2664,0.0000
2025-11-16T00:00+10:00,general,0.1910,0.0000
2025-11-16T00:30+10:00,general,0.1345,0.0000
2025-11-16T01:00+10:00,general,0.1535,0.0000
2025-11-16T01:30+10:00,general,0.1653,0.0000
2025-11-16T02:00+10:00,general,0.1272,0.0000
2025-11-16T02:30+10:00,general,0.1598,0.0000
2025-11-16T03:00+10:00,general,0.1372,0.0000
2025-11-16T03:30+10:00,general,0.1436,0.0000
2025-11-16T04:00+10:00,general,0.1589,0.0000
2025-11-16T04:30+10:00,general,0.1424,0.0000
2025-11-16T05:00+10:00,general,0.1534,0.0000
2025-11-16T05:30+10:00,general,0.1855,0.0000
2025-11-16T06:00+10:00,general,0.2087,0.0000
2025-11-16T06:30+10:00,general,0.2690,0.0000
2025-11-16T07:00+10:00,general,0.0567,0.0000
2025-11-16T07:30+10:00,general,0.0000,0.0872
2025-11-16T08:00+10:00,general,0.0000,0.2770
2025-11-16T08:30+10:00,general,0.0000,0.4221
2025-11-16T09:00+10:00,general,0.0000,0.6192
2025-11-16T09:30+10:00,general,0.0000,0.8020
2025-11-16T10:00+10:00,general,0.0000,0.9313
2025-11-16T10:30+10:00,general,0.0000,1.0370
2025-11-16T11:00+10:00,general,0.0000,1.1011
2025-11-16T11:30+10:00,general,0.0000,1.1554
2025-11-16T12:00+10:00,general,0.0000,1.2009
2025-11-16T12:30+10:00,general,0.0000,1.2051
2025-11-16T13:00+10:00,general,0.0000,1.1871
2025-11-16T13:30+10:00,general,0.0000,1.1537
2025-11-16T14:00+10:00,general,0.0000,1.1162
2025-11-16T14:30+10:00,general,0.0000,1.0287
2025-11-16T15:00+10:00,general,0.0000,0.9070
2025-11-16T15:30+10:00,general,0.0000,0.7158
2025-11-16T16:00+10:00,general,0.0000,0.5293
2025-11-16T16:30+10:00,general,0.0000,0.3785
2025-11-16T17:00+10:00,general,0.0000,0.1074
2025-11-16T17:30+10:00,general,0.0729,0.0000
2025-11-16T18:00+10:00,general,0.4240,0.0000
2025-11-16T18:30+10:00,general,0.5641,0.0000
2025-11-16T19:00+10:00,general,0.7061,0.0000
2025-11-16T19:30+10:00,general,0.6818,0.0000
2025-11-16T20:00+10:00,general,0.7801,0.0000
2025-11-16T20:30+10:00,general,0.7053,0.0000
2025-11-16T21:00+10:00,general,0.6100,0.0000
2025-11-16T21:30+10:00,general,0.5456,0.0000
2025-11-16T22:00+10:00,general,0.3750,0.0000
2025-11-16T22:30+10:00,general,0.3052,0.0000
2025-11-16T23:00+10:00,general,0.2663,0.0000
2025-11-16T23:30+10:00,general,0.2414,0.0000
2025-11-17T00:00+10:00,general,0.1953,0.0000
2025-11-17T00:30+10:00,general,0.1657,0.0000
2025-11-17T01:00+10:00,general,0.1261,0.0000
2025-11-17T01:30+10:00,general,0.1354,0.0000
2025-11-17T02:00+10:00,general,0.1664,0.0000
2025-11-17T02:30+10:00,general,0.1685,0.0000
2025-11-17T03:00+10:00,general,0.1426,0.0000
2025-11-17T03:30+10:00,general,0.1457,0.0000
2025-11-17T04:00+10:00,general,0.1370,0.0000
2025-11-17T04:30+10:00,general,0.1647,0.0000
2025-11-17T05:00+10:00,general,0.1966,0.0000
2025-11-17T05:30+10:00,general,0.1657,0.0000
2025-11-17T06:00+10:00,general,0.2340,0.0000
2025-11-17T06:30+10:00,general,0.2131,0.0000
2025-11-17T07:00+10:00,general,0.0621,0.0000
2025-11-17T07:30+10:00,general,0.0000,0.0897
2025-11-17T08:00+10:00,general,0.0000,0.2305
2025-11-17T08:30+10:00,general,0.0000,0.4482
2025-11-17T09:00+10:00,general,0.0000,0.6248
2025-11-17T09:30+10:00,general,0.0000,0.8000
2025-11-17T10:00+10:00,general,0.0000,0.9392
2025-11-17T10:30+10:00,general,0.0000,1.0332
2025-11-17T11:00+10:00,general,0.0000,1.1127
2025-11-17T11:30+10:00,general,0.0000,1.1775
2025-11-17T12:00+10:00,general,0.0000,1.2317
2025-11-17T12:30+10:00,general,0.0000,1.2025
2025-11-17T13:00+10:00,general,0.0000,1.2142
2025-11-17T13:30+10:00,general,0.0000,1.1465
2025-11-17T14:00+10:00,general,0.0000,1.1047
2025-11-17T14:30+10:00,general,0.0000,0.9809
2025-11-17T15:00+10:00,general,0.0000,0.8880
2025-11-17T15:30+10:00,general,0.0000,0.7325
2025-11-17T16:00+10:00,general,0.0000,0.5375
2025-11-17T16:30+10:00,general,0.0000,0.3429
2025-11-17T17:00+10:00,general,0.0000,0.1354
2025-11-17T17:30+10:00,general,0.0811,0.0000
2025-11-17T18:00+10:00,general,0.3432,0.0000
2025-11-17T18:30+10:00,general,0.6746,0.0000
2025-11-17T19:00+10:00,general,0.7290,0.0000
2025-11-17T19:30+10:00,general,0.6483,0.0000
2025-11-17T20:00+10:00,general,0.6051,0.0000
2025-11-17T20:30+10:00,general,0.5521,0.0000
2025-11-17T21:00+10:00,general,0.6243,0.0000
2025-11-17T21:30+10:00,general,0.4492,0.0000
2025-11-17T22:00+10:00,general,0.4721,0.0000
2025-11-17T22:30+10:00,general,0.3821,0.0000
2025-11-17T23:00+10:00,general,0.2735,0.0000
2025-11-17T23:30+10:00,general,0.2388,0.0000
2025-11-18T00:00+10:00,general,0.2325,0.0000
2025-11-18T00:30+10:00,general,0.1687,0.0000
2025-11-18T01:00+10:00,general,0.1645,0.0000
2025-11-18T01:30+10:00,general,0.1597,0.0000
2025-11-18T02:00+10:00,general,0.1281,0.0000
2025-11-18T02:30+10:00,general,0.1405,0.0000
2025-11-18T03:00+10:00,general,0.1535,0.0000
2025-11-18T03:30+10:00,general,0.1311,0.0000
2025-11-18T04:00+10:00,general,0.1417,0.0000
2025-11-18T04:30+10:00,general,0.1564,0.0000
2025-11-18T05:00+10:00,general,0.1551,0.0000
2025-11-18T05:30+10:00,general,0.1654,0.0000
2025-11-18T06:00+10:00,general,0.2214,0.0000
2025-11-18T06:30+10:00,general,0.2538,0.0000
2025-11-18T07:00+10:00,general,0.1055,0.0000
2025-11-18T07:30+10:00,general,0.0000,0.1005
2025-11-18T08:00+10:00,general,0.0000,0.2546
2025-11-18T08:30+10:00,general,0.0000,0.4641
2025-11-18T09:00+10:00,general,0.0000,0.5927
2025-11-18T09:30+10:00,general,0.0000,0.7718
2025-11-18T10:00+10:00,general,0.0000,0.9070
2025-11-18T10:30+10:00,general,0.0000,1.0159
2025-11-18T11:00+10:00,general,0.0000,1.1275
2025-11-18T11:30+10:00,general,0.0000,1.1750
2025-11-18T12:00+10:00,general,0.0000,1.2141
2025-11-18T12:30+10:00,general,0.0000,1.2104
2025-11-18T13:00+10:00,general,0.0000,1.2224
2025-11-18T13:30+10:00,general,0.0000,1.1610
2025-11-18T14:00+10:00,general,0.0000,1.1050
2025-11-18T14:30+10:00,general,0.0000,0.9896
2025-11-18T15:00+10:00,general,0.0000,0.8664
2025-11-18T15:30+10:00,general,0.0000,0.7251
2025-11-18T16:00+10:00,general,0.0000,0.5551
2025-11-18T16:30+10:00,general,0.0000,0.3328
2025-11-18T17:00+10:00,general,0.0000,0.0492
2025-11-18T17:30+10:00,general,0.2118,0.0000
2025-11-18T18:00+10:00,general,0.3715,0.0000
2025-11-18T18:30+10:00,general,0.6713,0.0000
2025-11-18T19:00+10:00,general,0.7592,0.0000
2025-11-18T19:30+10:00,general,0.7276,0.0000
2025-11-18T20:00+10:00,general,0.6162,0.0000
2025-11-18T20:30+10:00,general,0.6178,0.0000
2025-11-18T21:00+10:00,general,0.6044,0.0000
2025-11-18T21:30+10:00,general,0.5317,0.0000
2025-11-18T22:00+10:00,general,0.4015,0.0000
2025-11-18T22:30+10:00,general,0.4003,0.0000
2025-11-18T23:00+10:00,general,0.3108,0.0000
2025-11-18T23:30+10:00,general,0.2192,0.0000
2025-11-19T00:00+10:00,general,0.1815,0.0000
2025-11-19T00:30+10:00,general,0.1263,0.0000
2025-11-19T01:00+10:00,general,0.1442,0.0000
2025-11-19T01:30+10:00,general,0.1348,0.0000
2025-11-19T02:00+10:00,general,0.1517,0.0000
2025-11-19T02:30+10:00,general,0.1461,0.0000
2025-11-19T03:00+10:00,general,0.1625,0.0000
2025-11-19T03:30+10:00,general,0.1673,0.0000
2025-11-19T04:00+10:00,general,0.1350,0.0000
2025-11-19T04:30+10:00,general,0.1449,0.0000
2025-11-19T05:00+10:00,general,0.1735,0.0000
2025-11-19T05:30+10:00,general,0.2173,0.0000
2025-11-19T06:00+10:00,general,0.2150,0.0000
2025-11-19T06:30+10:00,general,0.2094,0.0000
2025-11-19T07:00+10:00,general,0.0797,0.0000
2025-11-19T07:30+10:00,general,0.0000,0.0513
2025-11-19T08:00+10:00,general,0.0000,0.2652
2025-11-19T08:30+10:00,general,0.0000,0.4534
2025-11-19T09:00+10:00,general,0.0000,0.6308
2025-11-19T09:30+10:00,general,0.0000,0.7624
2025-11-19T10:00+10:00,general,0.0000,0.9224
2025-11-19T10:30+10:00,general,0.0000,1.0584
2025-11-19T11:00+10:00,general,0.0000,1.1397
2025-11-19T11:30+10:00,general,0.0000,1.1758
2025-11-19T12:00+10:00,general,0.0000,1.2093
2025-11-19T12:30+10:00,general,0.0000,1.2500
2025-11-19T13:00+10:00,general,0.0000,1.1983
2025-11-19T13:30+10:00,general,0.0000,1.1556
2025-11-19T14:00+10:00,general,0.0000,1.0963
2025-11-19T14:30+10:00,general,0.0000,1.0094
2025-11-19T15:00+10:00,general,0.0000,0.9024
2025-11-19T15:30+10:00,general,0.0000,0.7603
2025-11-19T16:00+10:00,general,0.0000,0.5787
2025-11-19T16:30+10:00,general,0.0000,0.3842
2025-11-19T17:00+10:00,general,0.0000,0.0881
2025-11-19T17:30+10:00,general,0.1561,0.0000
2025-11-19T18:00+10:00,general,0.3102,0.0000
2025-11-19T18:30+10:00,general,0.6607,0.0000
2025-11-19T19:00+10:00,general,0.7667,0.0000
2025-11-19T19:30+10:00,general,0.7632,0.0000
2025-11-19T20:00+10:00,general,0.7483,0.0000
2025-11-19T20:30+10:00,general,0.6342,0.0000
2025-11-19T21:00+10:00,general,0.5944,0.0000
2025-11-19T21:30+10:00,general,0.4283,0.0000
2025-11-19T22:00+10:00,general,0.3934,0.0000
2025-11-19T22:30+10:00,general,0.3785,0.0000
2025-11-19T23:00+10:00,general,0.2635,0.0000
2025-11-19T23:30+10:00,general,0.2310,0.0000
2025-11-20T00:00+10:00,general,0.1878,0.0000
2025-11-20T00:30+10:00,general,0.1373,0.0000
2025-11-20T01:00+10:00,general,0.1429,0.0000
2025-11-20T01:30+10:00,general,0.1433,0.0000
2025-11-20T02:00+10:00,general,0.1280,0.0000
2025-11-20T02:30+10:00,general,0.1550,0.0000
2025-11-20T03:00+10:00,general,0.1549,0.0000
2025-11-20T03:30+10:00,general,0.1641,0.0000
2025-11-20T04:00+10:00,general,0.1605,0.0000
2025-11-20T04:30+10:00,general,0.1768,0.0000
2025-11-20T05:00+10:00,general,0.1671,0.0000
2025-11-20T05:30+10:00,general,0.2200,0.0000
2025-11-20T06:00+10:00,general,0.2455,0.0000
2025-11-20T06:30+10:00,general,0.2731,0.0000
2025-11-20T07:00+10:00,general,0.0497,0.0000
2025-11-20T07:30+10:00,general,0.0000,0.0590
2025-11-20T08:00+10:00,general,0.0000,0.2863
2025-11-20T08:30+10:00,general,0.0000,0.4736
2025-11-20T09:00+10:00,general,0.0000,0.5988
2025-11-20T09:30+10:00,general,0.0000,0.7914
2025-11-20T10:00+10:00,general,0.0000,0.9198
2025-11-20T10:30+10:00,general,0.0000,1.0643
2025-11-20T11:00+10:00,general,0.0000,1.1225
2025-11-20T11:30+10:00,general,0.0000,1.1707
2025-11-20T12:00+10:00,general,0.0000,1.2324
2025-11-20T12:30+10:00,general,0.0000,1.2511
2025-11-20T13:00+10:00,general,0.0000,1.2252
2025-11-20T13:30+10:00,general,0.0000,1.2057
2025-11-20T14:00+10:00,general,0.0000,1.0940
2025-11-20T14:30+10:00,general,0.0000,1.0316
2025-11-20T15:00+10:00,general,0.0000,0.8871
2025-11-20T15:30+10:00,general,0.0000,0.7192
2025-11-20T16:00+10:00,general,0.0000,0.5999
2025-11-20T16:30+10:00,general,0.0000,0.3332
2025-11-20T17:00+10:00,general,0.0000,0.1561
2025-11-20T17:30+10:00,general,0.0966,0.0000
2025-11-20T18:00+10:00,general,0.4521,0.0000
2025-11-20T18:30+10:00,general,0.6621,0.0000
2025-11-20T19:00+10:00,general,0.5783,0.0000
2025-11-20T19:30+10:00,general,0.7371,0.0000
2025-11-20T20:00+10:00,general,0.6300,0.0000
2025-11-20T20:30+10:00,general,0.5898,0.0000
2025-11-20T21:00+10:00,general,0.5914,0.0000
2025-11-20T21:30+10:00,general,0.5340,0.0000
2025-11-20T22:00+10:00,general,0.4800,0.0000
2025-11-20T22:30+10:00,general,0.3037,0.0000
2025-11-20T23:00+10:00,general,0.2904,0.0000
2025-11-20T23:30+10:00,general,0.2657,0.0000
2025-11-21T00:00+10:00,general,0.2091,0.0000
2025-11-21T00:30+10:00,general,0.1690,0.0000
2025-11-21T01:00+10:00,general,0.1336,0.0000
2025-11-21T01:30+10:00,general,0.1303,0.0000
2025-11-21T02:00+10:00,general,0.1665,0.0000
2025-11-21T02:30+10:00,general,0.1397,0.0000
2025-11-21T03:00+10:00,general,0.1513,0.0000
2025-11-21T03:30+10:00,general,0.1682,0.0000
2025-11-21T04:00+10:00,general,0.1351,0.0000
2025-11-21T04:30+10:00,general,0.1821,0.0000
2025-11-21T05:00+10:00,general,0.1620,0.0000
2025-11-21T05:30+10:00,general,0.1984,0.0000
2025-11-21T06:00+10:00,general,0.2016,0.0000
2025-11-21T06:30+10:00,general,0.2138,0.0000
2025-11-21T07:00+10:00,general,0.0547,0.0000
2025-11-21T07:30+10:00,general,0.0000,0.0663
2025-11-21T08:00+10:00,general,0.0000,0.2664
2025-11-21T08:30+10:00,general,0.0000,0.4414
2025-11-21T09:00+10:00,general,0.0000,0.6548
2025-11-21T09:30+10:00,general,0.0000,0.8162
2025-11-21T10:00+10:00,general,0.0000,0.9103
2025-11-21T10:30+10:00,general,0.0000,1.0673
2025-11-21T11:00+10:00,general,0.0000,1.1149
2025-11-21T11:30+10:00,general,0.0000,1.1925
2025-11-21T12:00+10:00,general,0.0000,1.2185
2025-11-21T12:30+10:00,general,0.0000,1.2558
2025-11-21T13:00+10:00,general,0.0000,1.2385
2025-11-21T13:30+10:00,general,0.0000,1.1819
2025-11-21T14:00+10:00,general,0.0000,1.1348
2025-11-21T14:30+10:00,general,0.0000,1.0327
2025-11-21T15:00+10:00,general,0.0000,0.8914
2025-11-21T15:30+10:00,general,0.0000,0.7322
2025-11-21T16:00+10:00,general,0.0000,0.5280
2025-11-21T16:30+10:00,general,0.0000,0.3517
2025-11-21T17:00+10:00,general,0.0000,0.1350
2025-11-21T17:30+10:00,general,0.1562,0.0000
2025-11-21T18:00+10:00,general,0.4148,0.0000
2025-11-21T18:30+10:00,general,0.6199,0.0000
2025-11-21T19:00+10:00,general,0.6169,0.0000
2025-11-21T19:30+10:00,general,0.7534,0.0000
2025-11-21T20:00+10:00,general,0.6416,0.0000
2025-11-21T20:30+10:00,general,0.7063,0.0000
2025-11-21T21:00+10:00,general,0.6201,0.0000
2025-11-21T21:30+10:00,general,0.4814,0.0000
2025-11-21T22:00+10:00,general,0.3926,0.0000
2025-11-21T22:30+10:00,general,0.3229,0.0000
2025-11-21T23:00+10:00,general,0.2895,0.0000
2025-11-21T23:30+10:00,general,0.2213,0.0000
2025-11-22T00:00+10:00,general,0.2337,0.0000
2025-11-22T00:30+10:00,general,0.1302,0.0000
2025-11-22T01:00+10:00,general,0.1503,0.0000
2025-11-22T01:30+10:00,general,0.1690,0.0000
2025-11-22T02:00+10:00,general,0.1488,0.0000
2025-11-22T02:30+10:00,general,0.1678,0.0000
2025-11-22T03:00+10:00,general,0.1287,0.0000
2025-11-22T03:30+10:00,general,0.1582,0.0000
2025-11-22T04:00+10:00,general,0.1664,0.0000
2025-11-22T04:30+10:00,general,0.1382,0.0000
2025-11-22T05:00+10:00,general,0.1511,0.0000
2025-11-22T05:30+10:00,general,0.2139,0.0000
2025-11-22T06:00+10:00,general,0.1993,0.0000
2025-11-22T06:30+10:00,general,0.2490,0.0000
2025-11-22T07:00+10:00,general,0.0428,0.0000
2025-11-22T07:30+10:00,general,0.0000,0.0554
2025-11-22T08:00+10:00,general,0.0000,0.2605
2025-11-22T08:30+10:00,general,0.0000,0.4628
2025-11-22T09:00+10:00,general,0.0000,0.6133
2025-11-22T09:30+10:00,general,0.0000,0.8189
2025-11-22T10:00+10:00,general,0.0000,0.9554
2025-11-22T10:30+10:00,general,0.0000,1.0757
2025-11-22T11:00+10:00,general,0.0000,1.1626
2025-11-22T11:30+10:00,general,0.0000,1.2214
2025-11-22T12:00+10:00,general,0.0000,1.2438
2025-11-22T12:30+10:00,general,0.0000,1.2539
2025-11-22T13:00+10:00,general,0.0000,1.2437
2025-11-22T13:30+10:00,general,0.0000,1.1854
2025-11-22T14:00+10:00,general,0.0000,1.1051
2025-11-22T14:30+10:00,general,0.0000,1.0089
2025-11-22T15:00+10:00,general,0.0000,0.9221
2025-11-22T15:30+10:00,general,0.0000,0.7156
2025-11-22T16:00+10:00,general,0.0000,0.5926
2025-11-22T16:30+10:00,general,0.0000,0.3321
2025-11-22T17:00+10:00,general,0.0000,0.1374
2025-11-22T17:30+10:00,general,0.1022,0.0000
2025-11-22T18:00+10:00,general,0.3356,0.0000
2025-11-22T18:30+10:00,general,0.6435,0.0000
2025-11-22T19:00+10:00,general,0.7639,0.0000
2025-11-22T19:30+10:00,general,0.7129,0.0000
2025-11-22T20:00+10:00,general,0.6602,0.0000
2025-11-22T20:30+10:00,general,0.6139,0.0000
2025-11-22T21:00+10:00,general,0.4908,0.0000
2025-11-22T21:30+10:00,general,0.4594,0.0000
2025-11-22T22:00+10:00,general,0.3757,0.0000
2025-11-22T22:30+10:00,general,0.3871,0.0000
2025-11-22T23:00+10:00,general,0.3238,0.0000
2025-11-22T23:30+10:00,general,0.2087,0.0000
2025-11-23T00:00+10:00,general,0.1927,0.0000
2025-11-23T00:30+10:00,general,0.1434,0.0000
2025-11-23T01:00+10:00,general,0.1521,0.0000
2025-11-23T01:30+10:00,general,0.1680,0.0000
2025-11-23T02:00+10:00,general,0.1508,0.0000
2025-11-23T02:30+10:00,general,0.1377,0.0000
2025-11-23T03:00+10:00,general,0.1599,0.0000
2025-11-23T03:30+10:00,general,0.1711,0.0000
2025-11-23T04:00+10:00,general,0.1383,0.0000
2025-11-23T04:30+10:00,general,0.1449,0.0000
2025-11-23T05:00+10:00,general,0.1722,0.0000
2025-11-23T05:30+10:00,general,0.1877,0.0000
2025-11-23T06:00+10:00,general,0.2307,0.0000
2025-11-23T06:30+10:00,general,0.2639,0.0000
2025-11-23T07:00+10:00,general,0.0509,0.0000
2025-11-23T07:30+10:00,general,0.0000,0.0710
2025-11-23T08:00+10:00,general,0.0000,0.2925
2025-11-23T08:30+10:00,general,0.0000,0.4516
2025-11-23T09:00+10:00,general,0.0000,0.6108
2025-11-23T09:30+10:00,general,0.0000,0.7769
2025-11-23T10:00+10:00,general,0.0000,0.9614
2025-11-23T10:30+10:00,general,0.0000,1.0363
2025-11-23T11:00+10:00,general,0.0000,1.1429
2025-11-23T11:30+10:00,general,0.0000,1.2092
2025-11-23T12:00+10:00,general,0.0000,1.2594
2025-11-23T12:30+10:00,general,0.0000,1.2633
2025-11-23T13:00+10:00,general,0.0000,1.2279
2025-11-23T13:30+10:00,general,0.0000,1.1880
2025-11-23T14:00+10:00,general,0.0000,1.1486
2025-11-23T14:30+10:00,general,0.0000,1.0611
2025-11-23T15:00+10:00,general,0.0000,0.9051
2025-11-23T15:30+10:00,general,0.0000,0.7497
2025-11-23T16:00+10:00,general,0.0000,0.5995
2025-11-23T16:30+10:00,general,0.0000,0.3656
2025-11-23T17:00+10:00,general,0.0000,0.1201
2025-11-23T17:30+10:00,general,0.0680,0.0000
2025-11-23T18:00+10:00,general,0.3610,0.0000
2025-11-23T18:30+10:00,general,0.6315,0.0000
2025-11-23T19:00+10:00,general,0.7606,0.0000
2025-11-23T19:30+10:00,general,0.7791,0.0000
2025-11-23T20:00+10:00,general,0.6781,0.0000
2025-11-23T20:30+10:00,general,0.6872,0.0000
2025-11-23T21:00+10:00,general,0.5488,0.0000
2025-11-23T21:30+10:00,general,0.4602,0.0000
2025-11-23T22:00+10:00,general,0.4718,0.0000
2025-11-23T22:30+10:00,general,0.3787,0.0000
2025-11-23T23:00+10:00,general,0.2656,0.0000
2025-11-23T23:30+10:00,general,0.2591,0.0000
2025-11-24T00:00+10:00,general,0.2203,0.0000
2025-11-24T00:30+10:00,general,0.1334,0.0000
2025-11-24T01:00+10:00,general,0.1566,0.0000
2025-11-24T01:30+10:00,general,0.1575,0.0000
2025-11-24T02:00+10:00,general,0.1655,0.0000
2025-11-24T02:30+10:00,general,0.1664,0.0000
2025-11-24T03:00+10:00,general,0.1446,0.0000
2025-11-24T03:30+10:00,general,0.1447,0.0000
2025-11-24T04:00+10:00,general,0.1501,0.0000
2025-11-24T04:30+10:00,general,0.1593,0.0000
2025-11-24T05:00+10:00,general,0.1823,0.0000
2025-11-24T05:30+10:00,general,0.1692,0.0000
2025-11-24T06:00+10:00,general,0.2300,0.0000
2025-11-24T06:30+10:00,general,0.2109,0.0000
2025-11-24T07:00+10:00,general,0.1069,0.0000
2025-11-24T07:30+10:00,general,0.0000,0.0999
2025-11-24T08:00+10:00,general,0.0000,0.2614
2025-11-24T08:30+10:00,general,0.0000,0.4412
2025-11-24T09:00+10:00,general,0.0000,0.6468
2025-11-24T09:30+10:00,general,0.0000,0.8238
2025-11-24T10:00+10:00,general,0.0000,0.9235
2025-11-24T10:30+10:00,general,0.0000,1.0671
2025-11-24T11:00+10:00,general,0.0000,1.1302
2025-11-24T11:30+10:00,general,0.0000,1.1999
2025-11-24T12:00+10:00,general,0.0000,1.2331
2025-11-24T12:30+10:00,general,0.0000,1.2391
2025-11-24T13:00+10:00,general,0.0000,1.2568
2025-11-24T13:30+10:00,general,0.0000,1.2109
2025-11-24T14:00+10:00,general,0.0000,1.1356
2025-11-24T14:30+10:00,general,0.0000,1.0616
2025-11-24T15:00+10:00,general,0.0000,0.8854
2025-11-24T15:30+10:00,general,0.0000,0.7343
2025-11-24T16:00+10:00,general,0.0000,0.5339
2025-11-24T16:30+10:00,general,0.0000,0.3573
2025-11-24T17:00+10:00,general,0.0000,0.0950
2025-11-24T17:30+10:00,general,0.0914,0.0000
2025-11-24T18:00+10:00,general,0.3384,0.0000
2025-11-24T18:30+10:00,general,0.6273,0.0000
2025-11-24T19:00+10:00,general,0.7432,0.0000
2025-11-24T19:30+10:00,general,0.6399,0.0000
2025-11-24T20:00+10:00,general,0.7124,0.0000
2025-11-24T20:30+10:00,general,0.6668,0.0000
2025-11-24T21:00+10:00,general,0.4983,0.0000
2025-11-24T21:30+10:00,general,0.4769,0.0000
2025-11-24T22:00+10:00,general,0.3948,0.0000
2025-11-24T22:30+10:00,general,0.3638,0.0000
2025-11-24T23:00+10:00,general,0.2744,0.0000
2025-11-24T23:30+10:00,general,0.2362,0.0000
2025-11-25T00:00+10:00,general,0.1908,0.0000
2025-11-25T00:30+10:00,general,0.1409,0.0000
2025-11-25T01:00+10:00,general,0.1299,0.0000
2025-11-25T01:30+10:00,general,0.1558,0.0000
2025-11-25T02:00+10:00,general,0.1475,0.0000
2025-11-25T02:30+10:00,general,0.1668,0.0000
2025-11-25T03:00+10:00,general,0.1336,0.0000
2025-11-25T03:30+10:00,general,0.1385,0.0000
2025-11-25T04:00+10:00,general,0.1639,0.0000
2025-11-25T04:30+10:00,general,0.1632,0.0000
2025-11-25T05:00+10:00,general,0.1742,0.0000
2025-11-25T05:30+10:00,general,0.2197,0.0000
2025-11-25T06:00+10:00,general,0.2286,0.0000
2025-11-25T06:30+10:00,general,0.2054,0.0000
2025-11-25T07:00+10:00,general,0.0685,0.0000
2025-11-25T07:30+10:00,general,0.0000,0.0959
2025-11-25T08:00+10:00,general,0.0000,0.3205
2025-11-25T08:30+10:00,general,0.0000,0.4980
2025-11-25T09:00+10:00,general,0.0000,0.6706
2025-11-25T09:30+10:00,general,0.0000,0.7959
2025-11-25T10:00+10:00,general,0.0000,0.9314
2025-11-25T10:30+10:00,general,0.0000,1.0712
2025-11-25T11:00+10:00,general,0.0000,1.1334
2025-11-25T11:30+10:00,general,0.0000,1.2293
2025-11-25T12:00+10:00,general,0.0000,1.2538
2025-11-25T12:30+10:00,general,0.0000,1.2439
2025-11-25T13:00+10:00,general,0.0000,1.2486
2025-11-25T13:30+10:00,general,0.0000,1.2019
2025-11-25T14:00+10:00,general,0.0000,1.1378
2025-11-25T14:30+10:00,general,0.0000,1.0468
2025-11-25T15:00+10:00,general,0.0000,0.9018
2025-11-25T15:30+10:00,general,0.0000,0.7683
2025-11-25T16:00+10:00,general,0.0000,0.6112
2025-11-25T16:30+10:00,general,0.0000,0.3686
2025-11-25T17:00+10:00,general,0.0000,0.1737
2025-11-25T17:30+10:00,general,0.1015,0.0000
2025-11-25T18:00+10:00,general,0.4539,0.0000
2025-11-25T18:30+10:00,general,0.7251,0.0000
2025-11-25T19:00+10:00,general,0.7273,0.0000
2025-11-25T19:30+10:00,general,0.6904,0.0000
2025-11-25T20:00+10:00,general,0.7141,0.0000
2025-11-25T20:30+10:00,general,0.6484,0.0000
2025-11-25T21:00+10:00,general,0.5063,0.0000
2025-11-25T21:30+10:00,general,0.5385,0.0000
2025-11-25T22:00+10:00,general,0.3726,0.0000
2025-11-25T22:30+10:00,general,0.3449,0.0000
2025-11-25T23:00+10:00,general,0.2746,0.0000
2025-11-25T23:30+10:00,general,0.2729,0.0000
2025-11-26T00:00+10:00,general,0.1852,0.0000
2025-11-26T00:30+10:00,general,0.1391,0.0000
2025-11-26T01:00+10:00,general,0.1674,0.0000
2025-11-26T01:30+10:00,general,0.1462,0.0000
2025-11-26T02:00+10:00,general,0.1359,0.0000
2025-11-26T02:30+10:00,general,0.1693,0.0000
2025-11-26T03:00+10:00,general,0.1597,0.0000
2025-11-26T03:30+10:00,general,0.1373,0.0000
2025-11-26T04:00+10:00,general,0.1386,0.0000
2025-11-26T04:30+10:00,general,0.1555,0.0000
2025-11-26T05:00+10:00,general,0.1982,0.0000
2025-11-26T05:30+10:00,general,0.1917,0.0000
2025-11-26T06:00+10:00,general,0.2431,0.0000
2025-11-26T06:30+10:00,general,0.2703,0.0000
2025-11-26T07:00+10:00,general,0.0571,0.0000
2025-11-26T07:30+10:00,general,0.0000,0.0634
2025-11-26T08:00+10:00,general,0.0000,0.2718
2025-11-26T08:30+10:00,general,0.0000,0.4759
2025-11-26T09:00+10:00,general,0.0000,0.6612
2025-11-26T09:30+10:00,general,0.0000,0.8352
2025-11-26T10:00+10:00,general,0.0000,0.9485
2025-11-26T10:30+10:00,general,0.0000,1.0614
2025-11-26T11:00+10:00,general,0.0000,1.1748
2025-11-26T11:30+10:00,general,0.0000,1.2123
2025-11-26T12:00+10:00,general,0.0000,1.2630
2025-11-26T12:30+10:00,general,0.0000,1.2632
2025-11-26T13:00+10:00,general,0.0000,1.2627
2025-11-26T13:30+10:00,general,0.0000,1.2194
2025-11-26T14:00+10:00,general,0.0000,1.1331
2025-11-26T14:30+10:00,general,0.0000,1.0742
2025-11-26T15:00+10:00,general,0.0000,0.9093
2025-11-26T15:30+10:00,general,0.0000,0.7542
2025-11-26T16:00+10:00,general,0.0000,0.5574
2025-11-26T16:30+10:00,general,0.0000,0.3134
2025-11-26T17:00+10:00,general,0.0000,0.1275
2025-11-26T17:30+10:00,general,0.1821,0.0000
2025-11-26T18:00+10:00,general,0.3064,0.0000
2025-11-26T18:30+10:00,general,0.7219,0.0000
2025-11-26T19:00+10:00,general,0.7054,0.0000
2025-11-26T19:30+10:00,general,0.6992,0.0000
2025-11-26T20:00+10:00,general,0.6269,0.0000
2025-11-26T20:30+10:00,general,0.6467,0.0000
2025-11-26T21:00+10:00,general,0.4924,0.0000
2025-11-26T21:30+10:00,general,0.5371,0.0000
2025-11-26T22:00+10:00,general,0.3974,0.0000
2025-11-26T22:30+10:00,general,0.3496,0.0000
2025-11-26T23:00+10:00,general,0.3278,0.0000
2025-11-26T23:30+10:00,general,0.2440,0.0000
2025-11-27T00:00+10:00,general,0.2142,0.0000
2025-11-27T00:30+10:00,general,0.1415,0.0000
2025-11-27T01:00+10:00,general,0.1330,0.0000
2025-11-27T01:30+10:00,general,0.1526,0.0000
2025-11-27T02:00+10:00,general,0.1399,0.0000
2025-11-27T02:30+10:00,general,0.1534,0.0000
2025-11-27T03:00+10:00,general,0.1630,0.0000
2025-11-27T03:30+10:00,general,0.1304,0.0000
2025-11-27T04:00+10:00,general,0.1613,0.0000
2025-11-27T04:30+10:00,general,0.1628,0.0000
2025-11-27T05:00+10:00,general,0.1533,0.0000
2025-11-27T05:30+10:00,general,0.1662,0.0000
2025-11-27T06:00+10:00,general,0.1942,0.0000
2025-11-27T06:30+10:00,general,0.2284,0.0000
2025-11-27T07:00+10:00,general,0.1112,0.0000
2025-11-27T07:30+10:00,general,0.0000,0.1159
2025-11-27T08:00+10:00,general,0.0000,0.2607
2025-11-27T08:30+10:00,general,0.0000,0.4834
2025-11-27T09:00+10:00,general,0.0000,0.6842
2025-11-27T09:30+10:00,general,0.0000,0.8271
2025-11-27T10:00+10:00,general,0.0000,0.9806
2025-11-27T10:30+10:00,general,0.0000,1.0755
2025-11-27T11:00+10:00,general,0.0000,1.1471
2025-11-27T11:30+10:00,general,0.0000,1.2159
2025-11-27T12:00+10:00,general,0.0000,1.2658
2025-11-27T12:30+10:00,general,0.0000,1.2711
2025-11-27T13:00+10:00,general,0.0000,1.2588
2025-11-27T13:30+10:00,general,0.0000,1.2212
2025-11-27T14:00+10:00,general,0.0000,1.1517
2025-11-27T14:30+10:00,general,0.0000,1.0365
2025-11-27T15:00+10:00,general,0.0000,0.9418
2025-11-27T15:30+10:00,general,0.0000,0.7844
2025-11-27T16:00+10:00,general,0.0000,0.5891
2025-11-27T16:30+10:00,general,0.0000,0.3537
2025-11-27T17:00+10:00,general,0.0000,0.1823
2025-11-27T17:30+10:00,general,0.1247,0.0000
2025-11-27T18:00+10:00,general,0.4181,0.0000
2025-11-27T18:30+10:00,general,0.5476,0.0000
2025-11-27T19:00+10:00,general,0.7588,0.0000
2025-11-27T19:30+10:00,general,0.7457,0.0000
2025-11-27T20:00+10:00,general,0.7714,0.0000
2025-11-27T20:30+10:00,general,0.6321,0.0000
2025-11-27T21:00+10:00,general,0.5930,0.0000
2025-11-27T21:30+10:00,general,0.5312,0.0000
2025-11-27T22:00+10:00,general,0.4581,0.0000
2025-11-27T22:30+10:00,general,0.3723,0.0000
2025-11-27T23:00+10:00,general,0.3242,0.0000
2025-11-27T23:30+10:00,general,0.2715,0.0000
2025-11-28T00:00+10:00,general,0.2151,0.0000
2025-11-28T00:30+10:00,general,0.1572,0.0000
2025-11-28T01:00+10:00,general,0.1573,0.0000
2025-11-28T01:30+10:00,general,0.1625,0.0000
2025-11-28T02:00+10:00,general,0.1373,0.0000
2025-11-28T02:30+10:00,general,0.1450,0.0000
2025-11-28T03:00+10:00,general,0.1519,0.0000
2025-11-28T03:30+10:00,general,0.1361,0.0000
2025-11-28T04:00+10:00,general,0.1453,0.0000
2025-11-28T04:30+10:00,general,0.1701,0.0000
2025-11-28T05:00+10:00,general,0.1715,0.0000
2025-11-28T05:30+10:00,general,0.2034,0.0000
2025-11-28T06:00+10:00,general,0.2258,0.0000
2025-11-28T06:30+10:00,general,0.2739,0.0000
2025-11-28T07:00+10:00,general,0.0581,0.0000
2025-11-28T07:30+10:00,general,0.0000,0.0781
2025-11-28T08:00+10:00,general,0.0000,0.2884
2025-11-28T08:30+10:00,general,0.0000,0.4800
2025-11-28T09:00+10:00,general,0.0000,0.6596
2025-11-28T09:30+10:00,general,0.0000,0.8165
2025-11-28T10:00+10:00,general,0.0000,0.9848
2025-11-28T10:30+10:00,general,0.0000,1.0568
2025-11-28T11:00+10:00,general,0.0000,1.1637
2025-11-28T11:30+10:00,general,0.0000,1.2452
2025-11-28T12:00+10:00,general,0.0000,1.2792
2025-11-28T12:30+10:00,general,0.0000,1.2885
2025-11-28T13:00+10:00,general,0.0000,1.2786
2025-11-28T13:30+10:00,general,0.0000,1.2344
2025-11-28T14:00+10:00,general,0.0000,1.1348
2025-11-28T14:30+10:00,general,0.0000,1.0490
2025-11-28T15:00+10:00,general,0.0000,0.9307
2025-11-28T15:30+10:00,general,0.0000,0.7747
2025-11-28T16:00+10:00,general,0.0000,0.5743
2025-11-28T16:30+10:00,general,0.0000,0.3831
2025-11-28T17:00+10:00,general,0.0000,0.1788
2025-11-28T17:30+10:00,general,0.1134,0.0000
2025-11-28T18:00+10:00,general,0.4291,0.0000
2025-11-28T18:30+10:00,general,0.5970,0.0000
2025-11-28T19:00+10:00,general,0.6115,0.0000
2025-11-28T19:30+10:00,general,0.7735,0.0000
2025-11-28T20:00+10:00,general,0.7139,0.0000
2025-11-28T20:30+10:00,general,0.5420,0.0000
2025-11-28T21:00+10:00,general,0.6519,0.0000
2025-11-28T21:30+10:00,general,0.5035,0.0000
2025-11-28T22:00+10:00,general,0.3625,0.0000
2025-11-28T22:30+10:00,general,0.3273,0.0000
2025-11-28T23:00+10:00,general,0.2862,0.0000
2025-11-28T23:30+10:00,general,0.2280,0.0000
2025-11-29T00:00+10:00,general,0.2154,0.0000
2025-11-29T00:30+10:00,general,0.1401,0.0000
2025-11-29T01:00+10:00,general,0.1299,0.0000
2025-11-29T01:30+10:00,general,0.1667,0.0000
2025-11-29T02:00+10:00,general,0.1333,0.0000
2025-11-29T02:30+10:00,general,0.1265,0.0000
2025-11-29T03:00+10:00,general,0.1275,0.0000
2025-11-29T03:30+10:00,general,0.1326,0.0000
2025-11-29T04:00+10:00,general,0.1555,0.0000
2025-11-29T04:30+10:00,general,0.1651,0.0000
2025-11-29T05:00+10:00,general,0.1669,0.0000
2025-11-29T05:30+10:00,general,0.1906,0.0000
2025-11-29T06:00+10:00,general,0.2089,0.0000
2025-11-29T06:30+10:00,general,0.2294,0.0000
2025-11-29T07:00+10:00,general,0.0938,0.0000
2025-11-29T07:30+10:00,general,0.0000,0.1292
2025-11-29T08:00+10:00,general,0.0000,0.2786
2025-11-29T08:30+10:00,general,0.0000,0.4962
2025-11-29T09:00+10:00,general,0.0000,0.6828
2025-11-29T09:30+10:00,general,0.0000,0.8341
2025-11-29T10:00+10:00,general,0.0000,0.9530
2025-11-29T10:30+10:00,general,0.0000,1.1070
2025-11-29T11:00+10:00,general,0.0000,1.1588
2025-11-29T11:30+10:00,general,0.0000,1.2592
2025-11-29T12:00+10:00,general,0.0000,1.2881
2025-11-29T12:30+10:00,general,0.0000,1.2662
2025-11-29T13:00+10:00,general,0.0000,1.2648
2025-11-29T13:30+10:00,general,0.0000,1.2221
2025-11-29T14:00+10:00,general,0.0000,1.1720
2025-11-29T14:30+10:00,general,0.0000,1.0367
2025-11-29T15:00+10:00,general,0.0000,0.9250
2025-11-29T15:30+10:00,general,0.0000,0.7699
2025-11-29T16:00+10:00,general,0.0000,0.5592
2025-11-29T16:30+10:00,general,0.0000,0.3346
2025-11-29T17:00+10:00,general,0.0000,0.1352
2025-11-29T17:30+10:00,general,0.1020,0.0000
2025-11-29T18:00+10:00,general,0.3244,0.0000
2025-11-29T18:30+10:00,general,0.5995,0.0000
2025-11-29T19:00+10:00,general,0.7404,0.0000
2025-11-29T19:30+10:00,general,0.6109,0.0000
2025-11-29T20:00+10:00,general,0.6721,0.0000
2025-11-29T20:30+10:00,general,0.7113,0.0000
2025-11-29T21:00+10:00,general,0.5000,0.0000
2025-11-29T21:30+10:00,general,0.5346,0.0000
2025-11-29T22:00+10:00,general,0.4151,0.0000
2025-11-29T22:30+10:00,general,0.3608,0.0000
2025-11-29T23:00+10:00,general,0.3078,0.0000
2025-11-29T23:30+10:00,general,0.2612,0.0000
2025-11-30T00:00+10:00,general,0.1873,0.0000
2025-11-30T00:30+10:00,general,0.1666,0.0000
2025-11-30T01:00+10:00,general,0.1644,0.0000
2025-11-30T01:30+10:00,general,0.1357,0.0000
2025-11-30T02:00+10:00,general,0.1421,0.0000
2025-11-30T02:30+10:00,general,0.1281,0.0000
2025-11-30T03:00+10:00,general,0.1518,0.0000
2025-11-30T03:30+10:00,general,0.1616,0.0000
2025-11-30T04:00+10:00,general,0.1314,0.0000
2025-11-30T04:30+10:00,general,0.1570,0.0000
2025-11-30T05:00+10:00,general,0.1837,0.0000
2025-11-30T05:30+10:00,general,0.1669,0.0000
2025-11-30T06:00+10:00,general,0.2092,0.0000
2025-11-30T06:30+10:00,general,0.2663,0.0000
2025-11-30T07:00+10:00,general,0.0900,0.0000
2025-11-30T07:30+10:00,general,0.0000,0.0783
2025-11-30T08:00+10:00,general,0.0000,0.2579
2025-11-30T08:30+10:00,general,0.0000,0.4662
2025-11-30T09:00+10:00,general,0.0000,0.6356
2025-11-30T09:30+10:00,general,0.0000,0.8462
2025-11-30T10:00+10:00,general,0.0000,0.9600
2025-11-30T10:30+10:00,general,0.0000,1.0637
2025-11-30T11:00+10:00,general,0.0000,1.1604
2025-11-30T11:30+10:00,general,0.0000,1.2209
2025-11-30T12:00+10:00,general,0.0000,1.2833
2025-11-30T12:30+10:00,general,0.0000,1.2727
2025-11-30T13:00+10:00,general,0.0000,1.2739
2025-11-30T13:30+10:00,general,0.0000,1.2455
2025-11-30T14:00+10:00,general,0.0000,1.1477
2025-11-30T14:30+10:00,general,0.0000,1.0887
2025-11-30T15:00+10:00,general,0.0000,0.9290
2025-11-30T15:30+10:00,general,0.0000,0.7937
2025-11-30T16:00+10:00,general,0.0000,0.5605
2025-11-30T16:30+10:00,general,0.0000,0.3779
2025-11-30T17:00+10:00,general,0.0000,0.1426
2025-11-30T17:30+10:00,general,0.1734,0.0000
2025-11-30T18:00+10:00,general,0.3501,0.0000
2025-11-30T18:30+10:00,general,0.6454,0.0000
2025-11-30T19:00+10:00,general,0.7288,0.0000
2025-11-30T19:30+10:00,general,0.6072,0.0000
2025-11-30T20:00+10:00,general,0.7545,0.0000
2025-11-30T20:30+10:00,general,0.5867,0.0000
2025-11-30T21:00+10:00,general,0.5842,0.0000
2025-11-30T21:30+10:00,general,0.5024,0.0000
2025-11-30T22:00+10:00,general,0.3734,0.0000
2025-11-30T22:30+10:00,general,0.3855,0.0000
2025-11-30T23:00+10:00,general,0.2585,0.0000
2025-11-30T23:30+10:00,general,0.2323,0.0000
2025-12-01T00:00+10:00,general,0.2126,0.0000
2025-12-01T00:30+10:00,general,0.1447,0.0000
2025-12-01T01:00+10:00,general,0.1571,0.0000
2025-12-01T01:30+10:00,general,0.1438,0.0000
2025-12-01T02:00+10:00,general,0.1401,0.0000
2025-12-01T02:30+10:00,general,0.1459,0.0000
2025-12-01T03:00+10:00,general,0.1452,0.0000
2025-12-01T03:30+10:00,general,0.1474,0.0000
2025-12-01T04:00+10:00,general,0.1742,0.0000
2025-12-01T04:30+10:00,general,0.1565,0.0000
2025-12-01T05:00+10:00,general,0.1757,0.0000
2025-12-01T05:30+10:00,general,0.2012,0.0000
2025-12-01T06:00+10:00,general,0.2113,0.0000
2025-12-01T06:30+10:00,general,0.2383,0.0000
2025-12-01T07:00+10:00,general,0.0675,0.0000
2025-12-01T07:30+10:00,general,0.0000,0.1325
2025-12-01T08:00+10:00,general,0.0000,0.2562
2025-12-01T08:30+10:00,general,0.0000,0.4767
2025-12-01T09:00+10:00,general,0.0000,0.6851
2025-12-01T09:30+10:00,general,0.0000,0.8027
2025-12-01T10:00+10:00,general,0.0000,0.9625
2025-12-01T10:30+10:00,general,0.0000,1.0924
2025-12-01T11:00+10:00,general,0.0000,1.1768
2025-12-01T11:30+10:00,general,0.0000,1.2546
2025-12-01T12:00+10:00,general,0.0000,1.2800
2025-12-01T12:30+10:00,general,0.0000,1.2961
2025-12-01T13:00+10:00,general,0.0000,1.2648
2025-12-01T13:30+10:00,general,0.0000,1.2592
2025-12-01T14:00+10:00,general,0.0000,1.1484
2025-12-01T14:30+10:00,general,0.0000,1.0466
2025-12-01T15:00+10:00,general,0.0000,0.9717
2025-12-01T15:30+10:00,general,0.0000,0.8097
2025-12-01T16:00+10:00,general,0.0000,0.6166
2025-12-01T16:30+10:00,general,0.0000,0.3806
2025-12-01T17:00+10:00,general,0.0000,0.0778
2025-12-01T17:30+10:00,general,0.1565,0.0000
2025-12-01T18:00+10:00,general,0.3131,0.0000
2025-12-01T18:30+10:00,general,0.6529,0.0000
2025-12-01T19:00+10:00,general,0.7010,0.0000
2025-12-01T19:30+10:00,general,0.6000,0.0000
2025-12-01T20:00+10:00,general,0.7531,0.0000
2025-12-01T20:30+10:00,general,0.6934,0.0000
2025-12-01T21:00+10:00,general,0.5352,0.0000
2025-12-01T21:30+10:00,general,0.4391,0.0000
2025-12-01T22:00+10:00,general,0.4591,0.0000
2025-12-01T22:30+10:00,general,0.3853,0.0000
2025-12-01T23:00+10:00,general,0.2913,0.0000
2025-12-01T23:30+10:00,general,0.2551,0.0000
2025-12-02T00:00+10:00,general,0.2086,0.0000
2025-12-02T00:30+10:00,general,0.1511,0.0000
2025-12-02T01:00+10:00,general,0.1457,0.0000
2025-12-02T01:30+10:00,general,0.1651,0.0000
2025-12-02T02:00+10:00,general,0.1339,0.0000
2025-12-02T02:30+10:00,general,0.1589,0.0000
2025-12-02T03:00+10:00,general,0.1600,0.0000
2025-12-02T03:30+10:00,general,0.1440,0.0000
2025-12-02T04:00+10:00,general,0.1737,0.0000
2025-12-02T04:30+10:00,general,0.1573,0.0000
2025-12-02T05:00+10:00,general,0.1804,0.0000
2025-12-02T05:30+10:00,general,0.1841,0.0000
2025-12-02T06:00+10:00,general,0.2359,0.0000
2025-12-02T06:30+10:00,general,0.2723,0.0000
2025-12-02T07:00+10:00,general,0.0746,0.0000
2025-12-02T07:30+10:00,general,0.0000,0.0816
2025-12-02T08:00+10:00,general,0.0000,0.3227
2025-12-02T08:30+10:00,general,0.0000,0.5152
2025-12-02T09:00+10:00,general,0.0000,0.6724
2025-12-02T09:30+10:00,general,0.0000,0.8445
2025-12-02T10:00+10:00,general,0.0000,0.9808
2025-12-02T10:30+10:00,general,0.0000,1.1101
2025-12-02T11:00+10:00,general,0.0000,1.2049
2025-12-02T11:30+10:00,general,0.0000,1.2725
2025-12-02T12:00+10:00,general,0.0000,1.2791
2025-12-02T12:30+10:00,general,0.0000,1.2944
2025-12-02T13:00+10:00,general,0.0000,1.2790
2025-12-02T13:30+10:00,general,0.0000,1.2331
2025-12-02T14:00+10:00,general,0.0000,1.1953
2025-12-02T14:30+10:00,general,0.0000,1.0753
2025-12-02T15:00+10:00,general,0.0000,0.9324
2025-12-02T15:30+10:00,general,0.0000,0.7609
2025-12-02T16:00+10:00,general,0.0000,0.6092
2025-12-02T16:30+10:00,general,0.0000,0.3271
2025-12-02T17:00+10:00,general,0.0000,0.0929
2025-12-02T17:30+10:00,general,0.1436,0.0000
2025-12-02T18:00+10:00,general,0.4224,0.0000
2025-12-02T18:30+10:00,general,0.6178,0.0000
2025-12-02T19:00+10:00,general,0.6409,0.0000
2025-12-02T19:30+10:00,general,0.6497,0.0000
2025-12-02T20:00+10:00,general,0.7640,0.0000
2025-12-02T20:30+10:00,general,0.6113,0.0000
2025-12-02T21:00+10:00,general,0.6291,0.0000
2025-12-02T21:30+10:00,general,0.4851,0.0000
2025-12-02T22:00+10:00,general,0.4755,0.0000
2025-12-02T22:30+10:00,general,0.3722,0.0000
2025-12-02T23:00+10:00,general,0.2680,0.0000
2025-12-02T23:30+10:00,general,0.2526,0.0000
2025-12-03T00:00+10:00,general,0.2186,0.0000
2025-12-03T00:30+10:00,general,0.1341,0.0000
2025-12-03T01:00+10:00,general,0.1454,0.0000
2025-12-03T01:30+10:00,general,0.1570,0.0000
2025-12-03T02:00+10:00,general,0.1479,0.0000
2025-12-03T02:30+10:00,general,0.1259,0.0000
2025-12-03T03:00+10:00,general,0.1496,0.0000
2025-12-03T03:30+10:00,general,0.1629,0.0000
2025-12-03T04:00+10:00,general,0.1636,0.0000
2025-12-03T04:30+10:00,general,0.1808,0.0000
2025-12-03T05:00+10:00,general,0.1478,0.0000
2025-12-03T05:30+10:00,general,0.1637,0.0000
2025-12-03T06:00+10:00,general,0.2403,0.0000
2025-12-03T06:30+10:00,general,0.2721,0.0000
2025-12-03T07:00+10:00,general,0.0654,0.0000
2025-12-03T07:30+10:00,general,0.0000,0.0971
2025-12-03T08:00+10:00,general,0.0000,0.3289
2025-12-03T08:30+10:00,general,0.0000,0.4606
2025-12-03T09:00+10:00,general,0.0000,0.6642
2025-12-03T09:30+10:00,general,0.0000,0.8644
2025-12-03T10:00+10:00,general,0.0000,0.9726
2025-12-03T10:30+10:00,general,0.0000,1.1207
2025-12-03T11:00+10:00,general,0.0000,1.1980
2025-12-03T11:30+10:00,general,0.0000,1.2696
2025-12-03T12:00+10:00,general,0.0000,1.2802
2025-12-03T12:30+10:00,general,0.0000,1.3040
2025-12-03T13:00+10:00,general,0.0000,1.2996
2025-12-03T13:30+10:00,general,0.0000,1.2353
2025-12-03T14:00+10:00,general,0.0000,1.1837
2025-12-03T14:30+10:00,general,0.0000,1.1038
2025-12-03T15:00+10:00,general,0.0000,0.9757
2025-12-03T15:30+10:00,general,0.0000,0.8202
2025-12-03T16:00+10:00,general,0.0000,0.5856
2025-12-03T16:30+10:00,general,0.0000,0.3426
2025-12-03T17:00+10:00,general,0.0000,0.0850
2025-12-03T17:30+10:00,general,0.1491,0.0000
2025-12-03T18:00+10:00,general,0.3922,0.0000
2025-12-03T18:30+10:00,general,0.6165,0.0000
2025-12-03T19:00+10:00,general,0.7200,0.0000
2025-12-03T19:30+10:00,general,0.7714,0.0000
2025-12-03T20:00+10:00,general,0.6086,0.0000
2025-12-03T20:30+10:00,general,0.7220,0.0000
2025-12-03T21:00+10:00,general,0.6529,0.0000
2025-12-03T21:30+10:00,general,0.5559,0.0000
2025-12-03T22:00+10:00,general,0.4630,0.0000
2025-12-03T22:30+10:00,general,0.3785,0.0000
2025-12-03T23:00+10:00,general,0.2914,0.0000
2025-12-03T23:30+10:00,general,0.2566,0.0000
2025-12-04T00:00+10:00,general,0.2232,0.0000
2025-12-04T00:30+10:00,general,0.1447,0.0000
2025-12-04T01:00+10:00,general,0.1526,0.0000
2025-12-04T01:30+10:00,general,0.1448,0.0000
2025-12-04T02:00+10:00,general,0.1379,0.0000
2025-12-04T02:30+10:00,general,0.1652,0.0000
2025-12-04T03:00+10:00,general,0.1678,0.0000
2025-12-04T03:30+10:00,general,0.1411,0.0000
2025-12-04T04:00+10:00,general,0.1650,0.0000
2025-12-04T04:30+10:00,general,0.1740,0.0000
2025-12-04T05:00+10:00,general,0.1536,0.0000
2025-12-04T05:30+10:00,general,0.1632,0.0000
2025-12-04T06:00+10:00,general,0.2121,0.0000
2025-12-04T06:30+10:00,general,0.2152,0.0000
2025-12-04T07:00+10:00,general,0.0701,0.0000
2025-12-04T07:30+10:00,general,0.0000,0.1411
2025-12-04T08:00+10:00,general,0.0000,0.2955
2025-12-04T08:30+10:00,general,0.0000,0.4737
2025-12-04T09:00+10:00,general,0.0000,0.6690
2025-12-04T09:30+10:00,general,0.0000,0.8164
2025-12-04T10:00+10:00,general,0.0000,0.9924
2025-12-04T10:30+10:00,general,0.0000,1.0854
2025-12-04T11:00+10:00,general,0.0000,1.2094
2025-12-04T11:30+10:00,general,0.0000,1.2491
2025-12-04T12:00+10:00,general,0.0000,1.2890
2025-12-04T12:30+10:00,general,0.0000,1.3260
2025-12-04T13:00+10:00,general,0.0000,1.2903
2025-12-04T13:30+10:00,general,0.0000,1.2312
2025-12-04T14:00+10:00,general,0.0000,1.1893
2025-12-04T14:30+10:00,general,0.0000,1.0652
2025-12-04T15:00+10:00,general,0.0000,0.9337
2025-12-04T15:30+10:00,general,0.0000,0.8079
2025-12-04T16:00+10:00,general,0.0000,0.5776
2025-12-04T16:30+10:00,general,0.0000,0.3426
2025-12-04T17:00+10:00,general,0.0000,0.1211
2025-12-04T17:30+10:00,general,0.0628,0.0000
2025-12-04T18:00+10:00,general,0.3387,0.0000
2025-12-04T18:30+10:00,general,0.5992,0.0000
2025-12-04T19:00+10:00,general,0.7365,0.0000
2025-12-04T19:30+10:00,general,0.7950,0.0000
2025-12-04T20:00+10:00,general,0.6726,0.0000
2025-12-04T20:30+10:00,general,0.6380,0.0000
2025-12-04T21:00+10:00,general,0.5941,0.0000
2025-12-04T21:30+10:00,general,0.5099,0.0000
2025-12-04T22:00+10:00,general,0.3623,0.0000
2025-12-04T22:30+10:00,general,0.3930,0.0000
2025-12-04T23:00+10:00,general,0.2731,0.0000
2025-12-04T23:30+10:00,general,0.2610,0.0000
2025-12-05T00:00+10:00,general,0.2310,0.0000
2025-12-05T00:30+10:00,general,0.1529,0.0000
2025-12-05T01:00+10:00,general,0.1267,0.0000
2025-12-05T01:30+10:00,general,0.1502,0.0000
2025-12-05T02:00+10:00,general,0.1321,0.0000
2025-12-05T02:30+10:00,general,0.1667,0.0000
2025-12-05T03:00+10:00,general,0.1524,0.0000
2025-12-05T03:30+10:00,general,0.1380,0.0000
2025-12-05T04:00+10:00,general,0.1644,0.0000
2025-12-05T04:30+10:00,general,0.1698,0.0000
2025-12-05T05:00+10:00,general,0.1562,0.0000
2025-12-05T05:30+10:00,general,0.1828,0.0000
2025-12-05T06:00+10:00,general,0.2476,0.0000
2025-12-05T06:30+10:00,general,0.2420,0.0000
2025-12-05T07:00+10:00,general,0.0929,0.0000
2025-12-05T07:30+10:00,general,0.0000,0.0739
2025-12-05T08:00+10:00,general,0.0000,0.2770
2025-12-05T08:30+10:00,general,0.0000,0.5220
2025-12-05T09:00+10:00,general,0.0000,0.6760
2025-12-05T09:30+10:00,general,0.0000,0.8560
2025-12-05T10:00+10:00,general,0.0000,0.9677
2025-12-05T10:30+10:00,general,0.0000,1.0983
2025-12-05T11:00+10:00,general,0.0000,1.2016
2025-12-05T11:30+10:00,general,0.0000,1.2559
2025-12-05T12:00+10:00,general,0.0000,1.3051
2025-12-05T12:30+10:00,general,0.0000,1.3192
2025-12-05T13:00+10:00,general,0.0000,1.3015
2025-12-05T13:30+10:00,general,0.0000,1.2497
2025-12-05T14:00+10:00,general,0.0000,1.2019
2025-12-05T14:30+10:00,general,0.0000,1.0649
2025-12-05T15:00+10:00,general,0.0000,0.9551
2025-12-05T15:30+10:00,general,0.0000,0.8030
2025-12-05T16:00+10:00,general,0.0000,0.6458
2025-12-05T16:30+10:00,general,0.0000,0.3833
2025-12-05T17:00+10:00,general,0.0000,0.0863
2025-12-05T17:30+10:00,general,0.1116,0.0000
2025-12-05T18:00+10:00,general,0.3711,0.0000
2025-12-05T18:30+10:00,general,0.6287,0.0000
2025-12-05T19:00+10:00,general,0.6661,0.0000
2025-12-05T19:30+10:00,general,0.7483,0.0000
2025-12-05T20:00+10:00,general,0.6627,0.0000
2025-12-05T20:30+10:00,general,0.6084,0.0000
2025-12-05T21:00+10:00,general,0.5181,0.0000
2025-12-05T21:30+10:00,general,0.4495,0.0000
2025-12-05T22:00+10:00,general,0.4216,0.0000
2025-12-05T22:30+10:00,general,0.3314,0.0000
2025-12-05T23:00+10:00,general,0.3287,0.0000
2025-12-05T23:30+10:00,general,0.2576,0.0000
2025-12-06T00:00+10:00,general,0.2116,0.0000
2025-12-06T00:30+10:00,general,0.1268,0.0000
2025-12-06T01:00+10:00,general,0.1567,0.0000
2025-12-06T01:30+10:00,general,0.1332,0.0000
2025-12-06T02:00+10:00,general,0.1357,0.0000
2025-12-06T02:30+10:00,general,0.1552,0.0000
2025-12-06T03:00+10:00,general,0.1474,0.0000
2025-12-06T03:30+10:00,general,0.1606,0.0000
2025-12-06T04:00+10:00,general,0.1745,0.0000
2025-12-06T04:30+10:00,general,0.1617,0.0000
2025-12-06T05:00+10:00,general,0.1607,0.0000
2025-12-06T05:30+10:00,general,0.2077,0.0000
2025-12-06T06:00+10:00,general,0.2250,0.0000
2025-12-06T06:30+10:00,general,0.2424,0.0000
2025-12-06T07:00+10:00,general,0.1012,0.0000
2025-12-06T07:30+10:00,general,0.0000,0.1202
2025-12-06T08:00+10:00,general,0.0000,0.3161
2025-12-06T08:30+10:00,general,0.0000,0.4740
2025-12-06T09:00+10:00,general,0.0000,0.6465
2025-12-06T09:30+10:00,general,0.0000,0.8452
2025-12-06T10:00+10:00,general,0.0000,1.0014
2025-12-06T10:30+10:00,general,0.0000,1.0947
2025-12-06T11:00+10:00,general,0.0000,1.2193
2025-12-06T11:30+10:00,general,0.0000,1.2694
2025-12-06T12:00+10:00,general,0.0000,1.3019
2025-12-06T12:30+10:00,general,0.0000,1.3292
2025-12-06T13:00+10:00,general,0.0000,1.3120
2025-12-06T13:30+10:00,general,0.0000,1.2783
2025-12-06T14:00+10:00,general,0.0000,1.2087
2025-12-06T14:30+10:00,general,0.0000,1.1132
2025-12-06T15:00+10:00,general,0.0000,0.9693
2025-12-06T15:30+10:00,general,0.0000,0.8302
2025-12-06T16:00+10:00,general,0.0000,0.5966
2025-12-06T16:30+10:00,general,0.0000,0.4022
2025-12-06T17:00+10:00,general,0.0000,0.0984
2025-12-06T17:30+10:00,general,0.0871,0.0000
2025-12-06T18:00+10:00,general,0.3142,0.0000
2025-12-06T18:30+10:00,general,0.7230,0.0000
2025-12-06T19:00+10:00,general,0.6159,0.0000
2025-12-06T19:30+10:00,general,0.5986,0.0000
2025-12-06T20:00+10:00,general,0.5988,0.0000
2025-12-06T20:30+10:00,general,0.6495,0.0000
2025-12-06T21:00+10:00,general,0.5090,0.0000
2025-12-06T21:30+10:00,general,0.4269,0.0000
2025-12-06T22:00+10:00,general,0.4234,0.0000
2025-12-06T22:30+10:00,general,0.3529,0.0000
2025-12-06T23:00+10:00,general,0.2564,0.0000
2025-12-06T23:30+10:00,general,0.2747,0.0000
2025-12-07T00:00+10:00,general,0.1918,0.0000
2025-12-07T00:30+10:00,general,0.1341,0.0000
2025-12-07T01:00+10:00,general,0.1284,0.0000
2025-12-07T01:30+10:00,general,0.1540,0.0000
2025-12-07T02:00+10:00,general,0.1386,0.0000
2025-12-07T02:30+10:00,general,0.1410,0.0000
2025-12-07T03:00+10:00,general,0.1598,0.0000
2025-12-07T03:30+10:00,general,0.1697,0.0000
2025-12-07T04:00+10:00,general,0.1336,0.0000
2025-12-07T04:30+10:00,general,0.1664,0.0000
2025-12-07T05:00+10:00,general,0.1970,0.0000
2025-12-07T05:30+10:00,general,0.1806,0.0000
2025-12-07T06:00+10:00,general,0.1965,0.0000
2025-12-07T06:30+10:00,general,0.2451,0.0000
2025-12-07T07:00+10:00,general,0.0462,0.0000
2025-12-07T07:30+10:00,general,0.0000,0.0854
2025-12-07T08:00+10:00,general,0.0000,0.3239
2025-12-07T08:30+10:00,general,0.0000,0.5063
2025-12-07T09:00+10:00,general,0.0000,0.7068
2025-12-07T09:30+10:00,general,0.0000,0.8721
2025-12-07T10:00+10:00,general,0.0000,0.9995
2025-12-07T10:30+10:00,general,0.0000,1.1041
2025-12-07T11:00+10:00,general,0.0000,1.1952
2025-12-07T11:30+10:00,general,0.0000,1.2630
2025-12-07T12:00+10:00,general,0.0000,1.3057
2025-12-07T12:30+10:00,general,0.0000,1.3359
2025-12-07T13:00+10:00,general,0.0000,1.3208
2025-12-07T13:30+10:00,general,0.0000,1.2597
2025-12-07T14:00+10:00,general,0.0000,1.2072
2025-12-07T14:30+10:00,general,0.0000,1.0667
2025-12-07T15:00+10:00,general,0.0000,0.9589
2025-12-07T15:30+10:00,general,0.0000,0.7948
2025-12-07T16:00+10:00,general,0.0000,0.5745
2025-12-07T16:30+10:00,general,0.0000,0.3788
2025-12-07T17:00+10:00,general,0.0000,0.1574
2025-12-07T17:30+10:00,general,0.1208,0.0000
2025-12-07T18:00+10:00,general,0.3485,0.0000
2025-12-07T18:30+10:00,general,0.7111,0.0000
2025-12-07T19:00+10:00,general,0.6603,0.0000
2025-12-07T19:30+10:00,general,0.7691,0.0000
2025-12-07T20:00+10:00,general,0.6744,0.0000
2025-12-07T20:30+10:00,general,0.6593,0.0000
2025-12-07T21:00+10:00,general,0.5599,0.0000
2025-12-07T21:30+10:00,general,0.4960,0.0000
2025-12-07T22:00+10:00,general,0.4758,0.0000
2025-12-07T22:30+10:00,general,0.3137,0.0000
2025-12-07T23:00+10:00,general,0.3081,0.0000
2025-12-07T23:30+10:00,general,0.2590,0.0000
2025-12-08T00:00+10:00,general,0.2314,0.0000
2025-12-08T00:30+10:00,general,0.1451,0.0000
2025-12-08T01:00+10:00,general,0.1301,0.0000
2025-12-08T01:30+10:00,general,0.1465,0.0000
2025-12-08T02:00+10:00,general,0.1501,0.0000
2025-12-08T02:30+10:00,general,0.1524,0.0000
2025-12-08T03:00+10:00,general,0.1396,0.0000
2025-12-08T03:30+10:00,general,0.1524,0.0000
2025-12-08T04:00+10:00,general,0.1487,0.0000
2025-12-08T04:30+10:00,general,0.1441,0.0000
2025-12-08T05:00+10:00,general,0.1813,0.0000
2025-12-08T05:30+10:00,general,0.2076,0.0000
2025-12-08T06:00+10:00,general,0.2370,0.0000
2025-12-08T06:30+10:00,general,0.2539,0.0000
2025-12-08T07:00+10:00,general,0.0697,0.0000
2025-12-08T07:30+10:00,general,0.0000,0.0921
2025-12-08T08:00+10:00,general,0.0000,0.3155
2025-12-08T08:30+10:00,general,0.0000,0.5320
2025-12-08T09:00+10:00,general,0.0000,0.6623
2025-12-08T09:30+10:00,general,0.0000,0.8447
2025-12-08T10:00+10:00,general,0.0000,1.0131
2025-12-08T10:30+10:00,general,0.0000,1.1116
2025-12-08T11:00+10:00,general,0.0000,1.2293
2025-12-08T11:30+10:00,general,0.0000,1.2898
2025-12-08T12:00+10:00,general,0.0000,1.3264
2025-12-08T12:30+10:00,general,0.0000,1.3204
2025-12-08T13:00+10:00,general,0.0000,1.3072
2025-12-08T13:30+10:00,general,0.0000,1.2637
2025-12-08T14:00+10:00,general,0.0000,1.2092
2025-12-08T14:30+10:00,general,0.0000,1.0806
2025-12-08T15:00+10:00,general,0.0000,0.9609
2025-12-08T15:30+10:00,general,0.0000,0.7806
2025-12-08T16:00+10:00,general,0.0000,0.6512
2025-12-08T16:30+10:00,general,0.0000,0.3415
2025-12-08T17:00+10:00,general,0.0000,0.1731
2025-12-08T17:30+10:00,general,0.0990,0.0000
2025-12-08T18:00+10:00,general,0.3570,0.0000
2025-12-08T18:30+10:00,general,0.5914,0.0000
2025-12-08T19:00+10:00,general,0.6254,0.0000
2025-12-08T19:30+10:00,general,0.7228,0.0000
2025-12-08T20:00+10:00,general,0.6425,0.0000
2025-12-08T20:30+10:00,general,0.5908,0.0000
2025-12-08T21:00+10:00,general,0.6004,0.0000
2025-12-08T21:30+10:00,general,0.5383,0.0000
2025-12-08T22:00+10:00,general,0.4837,0.0000
2025-12-08T22:30+10:00,general,0.3664,0.0000
2025-12-08T23:00+10:00,general,0.3018,0.0000
2025-12-08T23:30+10:00,general,0.2577,0.0000
2025-12-09T00:00+10:00,general,0.1952,0.0000
2025-12-09T00:30+10:00,general,0.1462,0.0000
2025-12-09T01:00+10:00,general,0.1654,0.0000
2025-12-09T01:30+10:00,general,0.1675,0.0000
2025-12-09T02:00+10:00,general,0.1384,0.0000
2025-12-09T02:30+10:00,general,0.1263,0.0000
2025-12-09T03:00+10:00,general,0.1262,0.0000
2025-12-09T03:30+10:00,general,0.1532,0.0000
2025-12-09T04:00+10:00,general,0.1527,0.0000
2025-12-09T04:30+10:00,general,0.1602,0.0000
2025-12-09T05:00+10:00,general,0.1983,0.0000
2025-12-09T05:30+10:00,general,0.1819,0.0000
2025-12-09T06:00+10:00,general,0.2124,0.0000
2025-12-09T06:30+10:00,general,0.2223,0.0000
2025-12-09T07:00+10:00,general,0.1040,0.0000
2025-12-09T07:30+10:00,general,0.0000,0.1428
2025-12-09T08:00+10:00,general,0.0000,0.3107
2025-12-09T08:30+10:00,general,0.0000,0.4850
2025-12-09T09:00+10:00,general,0.0000,0.6865
2025-12-09T09:30+10:00,general,0.0000,0.8778
2025-12-09T10:00+10:00,general,0.0000,0.9939
2025-12-09T10:30+10:00,general,0.0000,1.1126
2025-12-09T11:00+10:00,general,0.0000,1.2340
2025-12-09T11:30+10:00,general,0.0000,1.2691
2025-12-09T12:00+10:00,general,0.0000,1.3264
2025-12-09T12:30+10:00,general,0.0000,1.3214
2025-12-09T13:00+10:00,general,0.0000,1.3090
2025-12-09T13:30+10:00,general,0.0000,1.2752
2025-12-09T14:00+10:00,general,0.0000,1.2192
2025-12-09T14:30+10:00,general,0.0000,1.1043
2025-12-09T15:00+10:00,general,0.0000,0.9647
2025-12-09T15:30+10:00,general,0.0000,0.7770
2025-12-09T16:00+10:00,general,0.0000,0.6385
2025-12-09T16:30+10:00,general,0.0000,0.3601
2025-12-09T17:00+10:00,general,0.0000,0.0882
2025-12-09T17:30+10:00,general,0.1652,0.0000
2025-12-09T18:00+10:00,general,0.3282,0.0000
2025-12-09T18:30+10:00,general,0.6161,0.0000
2025-12-09T19:00+10:00,general,0.5836,0.0000
2025-12-09T19:30+10:00,general,0.6772,0.0000
2025-12-09T20:00+10:00,general,0.5825,0.0000
2025-12-09T20:30+10:00,general,0.7040,0.0000
2025-12-09T21:00+10:00,general,0.4937,0.0000
2025-12-09T21:30+10:00,general,0.4695,0.0000
2025-12-09T22:00+10:00,general,0.3617,0.0000
2025-12-09T22:30+10:00,general,0.3776,0.0000
2025-12-09T23:00+10:00,general,0.2578,0.0000
2025-12-09T23:30+10:00,general,0.2487,0.0000
2025-12-10T00:00+10:00,general,0.2222,0.0000
2025-12-10T00:30+10:00,general,0.1315,0.0000
2025-12-10T01:00+10:00,general,0.1313,0.0000
2025-12-10T01:30+10:00,general,0.1293,0.0000
2025-12-10T02:00+10:00,general,0.1282,0.0000
2025-12-10T02:30+10:00,general,0.1426,0.0000
2025-12-10T03:00+10:00,general,0.1673,0.0000
2025-12-10T03:30+10:00,general,0.1397,0.0000
2025-12-10T04:00+10:00,general,0.1431,0.0000
2025-12-10T04:30+10:00,general,0.1480,0.0000
2025-12-10T05:00+10:00,general,0.1490,0.0000
2025-12-10T05:30+10:00,general,0.2141,0.0000
2025-12-10T06:00+10:00,general,0.2135,0.0000
2025-12-10T06:30+10:00,general,0.2082,0.0000
2025-12-10T07:00+10:00,general,0.0778,0.0000
2025-12-10T07:30+10:00,general,0.0000,0.1157
2025-12-10T08:00+10:00,general,0.0000,0.3345
2025-12-10T08:30+10:00,general,0.0000,0.4816
2025-12-10T09:00+10:00,general,0.0000,0.6703
2025-12-10T09:30+10:00,general,0.0000,0.8607
2025-12-10T10:00+10:00,general,0.0000,1.0078
2025-12-10T10:30+10:00,general,0.0000,1.1147
2025-12-10T11:00+10:00,general,0.0000,1.2210
2025-12-10T11:30+10:00,general,0.0000,1.2942
2025-12-10T12:00+10:00,general,0.0000,1.3339
2025-12-10T12:30+10:00,general,0.0000,1.3495
2025-12-10T13:00+10:00,general,0.0000,1.3039
2025-12-10T13:30+10:00,general,0.0000,1.2947
2025-12-10T14:00+10:00,general,0.0000,1.2248
2025-12-10T14:30+10:00,general,0.0000,1.1112
2025-12-10T15:00+10:00,general,0.0000,0.9467
2025-12-10T15:30+10:00,general,0.0000,0.7817
2025-12-10T16:00+10:00,general,0.0000,0.5874
2025-12-10T16:30+10:00,general,0.0000,0.4207
2025-12-10T17:00+10:00,general,0.0000,0.2036
2025-12-10T17:30+10:00,general,0.1241,0.0000
2025-12-10T18:00+10:00,general,0.4616,0.0000
2025-12-10T18:30+10:00,general,0.6361,0.0000
2025-12-10T19:00+10:00,general,0.6112,0.0000
2025-12-10T19:30+10:00,general,0.7797,0.0000
2025-12-10T20:00+10:00,general,0.6905,0.0000
2025-12-10T20:30+10:00,general,0.5585,0.0000
2025-12-10T21:00+10:00,general,0.5629,0.0000
2025-12-10T21:30+10:00,general,0.5633,0.0000
2025-12-10T22:00+10:00,general,0.4306,0.0000
2025-12-10T22:30+10:00,general,0.3388,0.0000
2025-12-10T23:00+10:00,general,0.2939,0.0000
2025-12-10T23:30+10:00,general,0.2096,0.0000
2025-12-11T00:00+10:00,general,0.2166,0.0000
2025-12-11T00:30+10:00,general,0.1414,0.0000
2025-12-11T01:00+10:00,general,0.1553,0.0000
2025-12-11T01:30+10:00,general,0.1578,0.0000
2025-12-11T02:00+10:00,general,0.1270,0.0000
2025-12-11T02:30+10:00,general,0.1387,0.0000
2025-12-11T03:00+10:00,general,0.1627,0.0000
2025-12-11T03:30+10:00,general,0.1667,0.0000
2025-12-11T04:00+10:00,general,0.1531,0.0000
2025-12-11T04:30+10:00,general,0.1556,0.0000
2025-12-11T05:00+10:00,general,0.1701,0.0000
2025-12-11T05:30+10:00,general,0.2076,0.0000
2025-12-11T06:00+10:00,general,0.2436,0.0000
2025-12-11T06:30+10:00,general,0.2460,0.0000
2025-12-11T07:00+10:00,general,0.0817,0.0000
2025-12-11T07:30+10:00,general,0.0000,0.1279
2025-12-11T08:00+10:00,general,0.0000,0.2831
2025-12-11T08:30+10:00,general,0.0000,0.5283
2025-12-11T09:00+10:00,general,0.0000,0.6845
2025-12-11T09:30+10:00,general,0.0000,0.8382
2025-12-11T10:00+10:00,general,0.0000,1.0236
2025-12-11T10:30+10:00,general,0.0000,1.1247
2025-12-11T11:00+10:00,general,0.0000,1.2273
2025-12-11T11:30+10:00,general,0.0000,1.2831
2025-12-11T12:00+10:00,general,0.0000,1.3116
2025-12-11T12:30+10:00,general,0.0000,1.3282
2025-12-11T13:00+10:00,general,0.0000,1.3157
2025-12-11T13:30+10:00,general,0.0000,1.2579
2025-12-11T14:00+10:00,general,0.0000,1.2202
2025-12-11T14:30+10:00,general,0.0000,1.0986
2025-12-11T15:00+10:00,general,0.0000,0.9998
2025-12-11T15:30+10:00,general,0.0000,0.7807
2025-12-11T16:00+10:00,general,0.0000,0.5807
2025-12-11T16:30+10:00,general,0.0000,0.3489
2025-12-11T17:00+10:00,general,0.0000,0.0931
2025-12-11T17:30+10:00,general,0.0700,0.0000
2025-12-11T18:00+10:00,general,0.4509,0.0000
2025-12-11T18:30+10:00,general,0.6418,0.0000
2025-12-11T19:00+10:00,general,0.7150,0.0000
2025-12-11T19:30+10:00,general,0.6348,0.0000
2025-12-11T20:00+10:00,general,0.5877,0.0000
2025-12-11T20:30+10:00,general,0.6097,0.0000
2025-12-11T21:00+10:00,general,0.6306,0.0000
2025-12-11T21:30+10:00,general,0.4273,0.0000
2025-12-11T22:00+10:00,general,0.4042,0.0000
2025-12-11T22:30+10:00,general,0.3378,0.0000
2025-12-11T23:00+10:00,general,0.2564,0.0000
2025-12-11T23:30+10:00,general,0.2463,0.0000
2025-12-12T00:00+10:00,general,0.1943,0.0000
2025-12-12T00:30+10:00,general,0.1343,0.0000
2025-12-12T01:00+10:00,general,0.1451,0.0000
2025-12-12T01:30+10:00,general,0.1446,0.0000
2025-12-12T02:00+10:00,general,0.1544,0.0000
2025-12-12T02:30+10:00,general,0.1591,0.0000
2025-12-12T03:00+10:00,general,0.1581,0.0000
2025-12-12T03:30+10:00,general,0.1552,0.0000
2025-12-12T04:00+10:00,general,0.1562,0.0000
2025-12-12T04:30+10:00,general,0.1583,0.0000
2025-12-12T05:00+10:00,general,0.1830,0.0000
2025-12-12T05:30+10:00,general,0.2087,0.0000
2025-12-12T06:00+10:00,general,0.2126,0.0000
2025-12-12T06:30+10:00,general,0.2270,0.0000
2025-12-12T07:00+10:00,general,0.0413,0.0000
2025-12-12T07:30+10:00,general,0.0000,0.0826
2025-12-12T08:00+10:00,general,0.0000,0.3430
2025-12-12T08:30+10:00,general,0.0000,0.5133
2025-12-12T09:00+10:00,general,0.0000,0.6772
2025-12-12T09:30+10:00,general,0.0000,0.8607
2025-12-12T10:00+10:00,general,0.0000,1.0238
2025-12-12T10:30+10:00,general,0.0000,1.1512
2025-12-12T11:00+10:00,general,0.0000,1.2028
2025-12-12T11:30+10:00,general,0.0000,1.3048
2025-12-12T12:00+10:00,general,0.0000,1.3373
2025-12-12T12:30+10:00,general,0.0000,1.3558
2025-12-12T13:00+10:00,general,0.0000,1.3216
2025-12-12T13:30+10:00,general,0.0000,1.2995
2025-12-12T14:00+10:00,general,0.0000,1.2302
2025-12-12T14:30+10:00,general,0.0000,1.1198
2025-12-12T15:00+10:00,general,0.0000,1.0061
2025-12-12T15:30+10:00,general,0.0000,0.8247
2025-12-12T16:00+10:00,general,0.0000,0.6492
2025-12-12T16:30+10:00,general,0.0000,0.4224
2025-12-12T17:00+10:00,general,0.0000,0.1843
2025-12-12T17:30+10:00,general,0.1826,0.0000
2025-12-12T18:00+10:00,general,0.3492,0.0000
2025-12-12T18:30+10:00,general,0.6612,0.0000
2025-12-12T19:00+10:00,general,0.7714,0.0000
2025-12-12T19:30+10:00,general,0.7483,0.0000
2025-12-12T20:00+10:00,general,0.6821,0.0000
2025-12-12T20:30+10:00,general,0.7322,0.0000
2025-12-12T21:00+10:00,general,0.5032,0.0000
2025-12-12T21:30+10:00,general,0.4624,0.0000
2025-12-12T22:00+10:00,general,0.4033,0.0000
2025-12-12T22:30+10:00,general,0.3738,0.0000
2025-12-12T23:00+10:00,general,0.3259,0.0000
2025-12-12T23:30+10:00,general,0.2233,0.0000
2025-12-13T00:00+10:00,general,0.2037,0.0000
2025-12-13T00:30+10:00,general,0.1497,0.0000
2025-12-13T01:00+10:00,general,0.1631,0.0000
2025-12-13T01:30+10:00,general,0.1671,0.0000
2025-12-13T02:00+10:00,general,0.1592,0.0000
2025-12-13T02:30+10:00,general,0.1480,0.0000
2025-12-13T03:00+10:00,general,0.1643,0.0000
2025-12-13T03:30+10:00,general,0.1427,0.0000
2025-12-13T04:00+10:00,general,0.1312,0.0000
2025-12-13T04:30+10:00,general,0.1828,0.0000
2025-12-13T05:00+10:00,general,0.1561,0.0000
2025-12-13T05:30+10:00,general,0.1793,0.0000
2025-12-13T06:00+10:00,general,0.2118,0.0000
2025-12-13T06:30+10:00,general,0.2348,0.0000
2025-12-13T07:00+10:00,general,0.0418,0.0000
2025-12-13T07:30+10:00,general,0.0000,0.1178
2025-12-13T08:00+10:00,general,0.0000,0.3375
2025-12-13T08:30+10:00,general,0.0000,0.5031
2025-12-13T09:00+10:00,general,0.0000,0.6878
2025-12-13T09:30+10:00,general,0.0000,0.8462
2025-12-13T10:00+10:00,general,0.0000,1.0054
2025-12-13T10:30+10:00,general,0.0000,1.1413
2025-12-13T11:00+10:00,general,0.0000,1.2186
2025-12-13T11:30+10:00,general,0.0000,1.2808
2025-12-13T12:00+10:00,general,0.0000,1.3253
2025-12-13T12:30+10:00,general,0.0000,1.3583
2025-12-13T13:00+10:00,general,0.0000,1.3099
2025-12-13T13:30+10:00,general,0.0000,1.2761
2025-12-13T14:00+10:00,general,0.0000,1.2201
2025-12-13T14:30+10:00,general,0.0000,1.1247
2025-12-13T15:00+10:00,general,0.0000,1.0032
2025-12-13T15:30+10:00,general,0.0000,0.7813
2025-12-13T16:00+10:00,general,0.0000,0.6093
2025-12-13T16:30+10:00,general,0.0000,0.4492
2025-12-13T17:00+10:00,general,0.0000,0.1621
2025-12-13T17:30+10:00,general,0.1179,0.0000
2025-12-13T18:00+10:00,general,0.3763,0.0000
2025-12-13T18:30+10:00,general,0.5691,0.0000
2025-12-13T19:00+10:00,general,0.6333,0.0000
2025-12-13T19:30+10:00,general,0.7282,0.0000
2025-12-13T20:00+10:00,general,0.7428,0.0000
2025-12-13T20:30+10:00,general,0.7148,0.0000
2025-12-13T21:00+10:00,general,0.5945,0.0000
2025-12-13T21:30+10:00,general,0.4924,0.0000
2025-12-13T22:00+10:00,general,0.4508,0.0000
2025-12-13T22:30+10:00,general,0.3867,0.0000
2025-12-13T23:00+10:00,general,0.2788,0.0000
2025-12-13T23:30+10:00,general,0.2644,0.0000
2025-12-14T00:00+10:00,general,0.1781,0.0000
2025-12-14T00:30+10:00,general,0.1411,0.0000
2025-12-14T01:00+10:00,general,0.1371,0.0000
2025-12-14T01:30+10:00,general,0.1654,0.0000
2025-12-14T02:00+10:00,general,0.1309,0.0000
2025-12-14T02:30+10:00,general,0.1302,0.0000
2025-12-14T03:00+10:00,general,0.1627,0.0000
2025-12-14T03:30+10:00,general,0.1318,0.0000
2025-12-14T04:00+10:00,general,0.1711,0.0000
2025-12-14T04:30+10:00,general,0.1413,0.0000
2025-12-14T05:00+10:00,general,0.1668,0.0000
2025-12-14T05:30+10:00,general,0.1835,0.0000
2025-12-14T06:00+10:00,general,0.2221,0.0000
2025-12-14T06:30+10:00,general,0.2744,0.0000
2025-12-14T07:00+10:00,general,0.0887,0.0000
2025-12-14T07:30+10:00,general,0.0000,0.0991
2025-12-14T08:00+10:00,general,0.0000,0.3091
2025-12-14T08:30+10:00,general,0.0000,0.5191
2025-12-14T09:00+10:00,general,0.0000,0.6687
2025-12-14T09:30+10:00,general,0.0000,0.8812
2025-12-14T10:00+10:00,general,0.0000,1.0113
2025-12-14T10:30+10:00,general,0.0000,1.1267
2025-12-14T11:00+10:00,general,0.0000,1.2294
2025-12-14T11:30+10:00,general,0.0000,1.2805
2025-12-14T12:00+10:00,general,0.0000,1.3363
2025-12-14T12:30+10:00,general,0.0000,1.3495
2025-12-14T13:00+10:00,general,0.0000,1.3133
2025-12-14T13:30+10:00,general,0.0000,1.2879
2025-12-14T14:00+10:00,general,0.0000,1.1956
2025-12-14T14:30+10:00,general,0.0000,1.1119
2025-12-14T15:00+10:00,general,0.0000,1.0039
2025-12-14T15:30+10:00,general,0.0000,0.8481
2025-12-14T16:00+10:00,general,0.0000,0.6122
2025-12-14T16:30+10:00,general,0.0000,0.3588
2025-12-14T17:00+10:00,general,0.0000,0.1371
2025-12-14T17:30+10:00,general,0.1294,0.0000
2025-12-14T18:00+10:00,general,0.3098,0.0000
2025-12-14T18:30+10:00,general,0.6658,0.0000
2025-12-14T19:00+10:00,general,0.6840,0.0000
2025-12-14T19:30+10:00,general,0.5987,0.0000
2025-12-14T20:00+10:00,general,0.6725,0.0000
2025-12-14T20:30+10:00,general,0.7286,0.0000
2025-12-14T21:00+10:00,general,0.4940,0.0000
2025-12-14T21:30+10:00,general,0.5004,0.0000
2025-12-14T22:00+10:00,general,0.3840,0.0000
2025-12-14T22:30+10:00,general,0.3980,0.0000
2025-12-14T23:00+10:00,general,0.2802,0.0000
2025-12-14T23:30+10:00,general,0.2285,0.0000
2025-12-15T00:00+10:00,general,0.2359,0.0000
2025-12-15T00:30+10:00,general,0.1442,0.0000
2025-12-15T01:00+10:00,general,0.1363,0.0000
2025-12-15T01:30+10:00,general,0.1370,0.0000
2025-12-15T02:00+10:00,general,0.1689,0.0000
2025-12-15T02:30+10:00,general,0.1490,0.0000
2025-12-15T03:00+10:00,general,0.1664,0.0000
2025-12-15T03:30+10:00,general,0.1595,0.0000
2025-12-15T04:00+10:00,general,0.1500,0.0000
2025-12-15T04:30+10:00,general,0.1515,0.0000
2025-12-15T05:00+10:00,general,0.1708,0.0000
2025-12-15T05:30+10:00,general,0.1748,0.0000
2025-12-15T06:00+10:00,general,0.1877,0.0000
2025-12-15T06:30+10:00,general,0.2421,0.0000
2025-12-15T07:00+10:00,general,0.0284,0.0000
2025-12-15T07:30+10:00,general,0.0000,0.1153
2025-12-15T08:00+10:00,general,0.0000,0.3119
2025-12-15T08:30+10:00,general,0.0000,0.4914
2025-12-15T09:00+10:00,general,0.0000,0.6782
2025-12-15T09:30+10:00,general,0.0000,0.8772
2025-12-15T10:00+10:00,general,0.0000,1.0267
2025-12-15T10:30+10:00,general,0.0000,1.1191
2025-12-15T11:00+10:00,general,0.0000,1.2429
2025-12-15T11:30+10:00,general,0.0000,1.3084
2025-12-15T12:00+10:00,general,0.0000,1.3424
2025-12-15T12:30+10:00,general,0.0000,1.3602
2025-12-15T13:00+10:00,general,0.0000,1.3404
2025-12-15T13:30+10:00,general,0.0000,1.3041
2025-12-15T14:00+10:00,general,0.0000,1.2022
2025-12-15T14:30+10:00,general,0.0000,1.1036
2025-12-15T15:00+10:00,general,0.0000,0.9825
2025-12-15T15:30+10:00,general,0.0000,0.8444
2025-12-15T16:00+10:00,general,0.0000,0.6654
2025-12-15T16:30+10:00,general,0.0000,0.3820
2025-12-15T17:00+10:00,general,0.0000,0.1875
2025-12-15T17:30+10:00,general,0.0522,0.0000
2025-12-15T18:00+10:00,general,0.2969,0.0000
2025-12-15T18:30+10:00,general,0.6889,0.0000
2025-12-15T19:00+10:00,general,0.6972,0.0000
2025-12-15T19:30+10:00,general,0.7039,0.0000
2025-12-15T20:00+10:00,general,0.6262,0.0000
2025-12-15T20:30+10:00,general,0.5617,0.0000
2025-12-15T21:00+10:00,general,0.6505,0.0000
2025-12-15T21:30+10:00,general,0.4432,0.0000
2025-12-15T22:00+10:00,general,0.4513,0.0000
2025-12-15T22:30+10:00,general,0.3139,0.0000
2025-12-15T23:00+10:00,general,0.2813,0.0000
2025-12-15T23:30+10:00,general,0.2538,0.0000
2025-12-16T00:00+10:00,general,0.1936,0.0000
2025-12-16T00:30+10:00,general,0.1484,0.0000
2025-12-16T01:00+10:00,general,0.1625,0.0000
2025-12-16T01:30+10:00,general,0.1312,0.0000
2025-12-16T02:00+10:00,general,0.1641,0.0000
2025-12-16T02:30+10:00,general,0.1441,0.0000
2025-12-16T03:00+10:00,general,0.1434,0.0000
2025-12-16T03:30+10:00,general,0.1465,0.0000
2025-12-16T04:00+10:00,general,0.1674,0.0000
2025-12-16T04:30+10:00,general,0.1809,0.0000
2025-12-16T05:00+10:00,general,0.1706,0.0000
2025-12-16T05:30+10:00,general,0.2065,0.0000
2025-12-16T06:00+10:00,general,0.2119,0.0000
2025-12-16T06:30+10:00,general,0.2212,0.0000
2025-12-16T07:00+10:00,general,0.0359,0.0000
2025-12-16T07:30+10:00,general,0.0000,0.1120
2025-12-16T08:00+10:00,general,0.0000,0.2789
2025-12-16T08:30+10:00,general,0.0000,0.5434
2025-12-16T09:00+10:00,general,0.0000,0.6722
2025-12-16T09:30+10:00,general,0.0000,0.8570
2025-12-16T10:00+10:00,general,0.0000,1.0464
2025-12-16T10:30+10:00,general,0.0000,1.1489
2025-12-16T11:00+10:00,general,0.0000,1.2441
2025-12-16T11:30+10:00,general,0.0000,1.3004
2025-12-16T12:00+10:00,general,0.0000,1.3299
2025-12-16T12:30+10:00,general,0.0000,1.3727
2025-12-16T13:00+10:00,general,0.0000,1.3518
2025-12-16T13:30+10:00,general,0.0000,1.2840
2025-12-16T14:00+10:00,general,0.0000,1.2384
2025-12-16T14:30+10:00,general,0.0000,1.1110
2025-12-16T15:00+10:00,general,0.0000,0.9595
2025-12-16T15:30+10:00,general,0.0000,0.8590
2025-12-16T16:00+10:00,general,0.0000,0.6067
2025-12-16T16:30+10:00,general,0.0000,0.3687
2025-12-16T17:00+10:00,general,0.0000,0.1024
2025-12-16T17:30+10:00,general,0.0879,0.0000
2025-12-16T18:00+10:00,general,0.3745,0.0000
2025-12-16T18:30+10:00,general,0.6372,0.0000
2025-12-16T19:00+10:00,general,0.6027,0.0000
2025-12-16T19:30+10:00,general,0.6862,0.0000
2025-12-16T20:00+10:00,general,0.6946,0.0000
2025-12-16T20:30+10:00,general,0.6506,0.0000
2025-12-16T21:00+10:00,general,0.5718,0.0000
2025-12-16T21:30+10:00,general,0.4424,0.0000
2025-12-16T22:00+10:00,general,0.4473,0.0000
2025-12-16T22:30+10:00,general,0.3204,0.0000
2025-12-16T23:00+10:00,general,0.2953,0.0000
2025-12-16T23:30+10:00,general,0.2544,0.0000
2025-12-17T00:00+10:00,general,0.2071,0.0000
2025-12-17T00:30+10:00,general,0.1395,0.0000
2025-12-17T01:00+10:00,general,0.1406,0.0000
2025-12-17T01:30+10:00,general,0.1427,0.0000
2025-12-17T02:00+10:00,general,0.1528,0.0000
2025-12-17T02:30+10:00,general,0.1316,0.0000
2025-12-17T03:00+10:00,general,0.1599,0.0000
2025-12-17T03:30+10:00,general,0.1577,0.0000
2025-12-17T04:00+10:00,general,0.1596,0.0000
2025-12-17T04:30+10:00,general,0.1827,0.0000
2025-12-17T05:00+10:00,general,0.1670,0.0000
2025-12-17T05:30+10:00,general,0.2058,0.0000
2025-12-17T06:00+10:00,general,0.2435,0.0000
2025-12-17T06:30+10:00,general,0.2598,0.0000
2025-12-17T07:00+10:00,general,0.0885,0.0000
2025-12-17T07:30+10:00,general,0.0000,0.1512
2025-12-17T08:00+10:00,general,0.0000,0.3093
2025-12-17T08:30+10:00,general,0.0000,0.5087
2025-12-17T09:00+10:00,general,0.0000,0.7314
2025-12-17T09:30+10:00,general,0.0000,0.8515
2025-12-17T10:00+10:00,general,0.0000,1.0267
2025-12-17T10:30+10:00,general,0.0000,1.1347
2025-12-17T11:00+10:00,general,0.0000,1.2257
2025-12-17T11:30+10:00,general,0.0000,1.2939
2025-12-17T12:00+10:00,general,0.0000,1.3344
2025-12-17T12:30+10:00,general,0.0000,1.3672
2025-12-17T13:00+10:00,general,0.0000,1.3221
2025-12-17T13:30+10:00,general,0.0000,1.2936
2025-12-17T14:00+10:00,general,0.0000,1.2169
2025-12-17T14:30+10:00,general,0.0000,1.1473
2025-12-17T15:00+10:00,general,0.0000,1.0187
2025-12-17T15:30+10:00,general,0.0000,0.8029
2025-12-17T16:00+10:00,general,0.0000,0.5927
2025-12-17T16:30+10:00,general,0.0000,0.4054
2025-12-17T17:00+10:00,general,0.0000,0.1504
2025-12-17T17:30+10:00,general,0.1498,0.0000
2025-12-17T18:00+10:00,general,0.4318,0.0000
2025-12-17T18:30+10:00,general,0.6168,0.0000
2025-12-17T19:00+10:00,general,0.7508,0.0000
2025-12-17T19:30+10:00,general,0.6096,0.0000
2025-12-17T20:00+10:00,general,0.6293,0.0000
2025-12-17T20:30+10:00,general,0.7095,0.0000
2025-12-17T21:00+10:00,general,0.6318,0.0000
2025-12-17T21:30+10:00,general,0.4941,0.0000
2025-12-17T22:00+10:00,general,0.4076,0.0000
2025-12-17T22:30+10:00,general,0.3728,0.0000
2025-12-17T23:00+10:00,general,0.3017,0.0000
2025-12-17T23:30+10:00,general,0.2428,0.0000
2025-12-18T00:00+10:00,general,0.1763,0.0000
2025-12-18T00:30+10:00,general,0.1650,0.0000
2025-12-18T01:00+10:00,general,0.1684,0.0000
2025-12-18T01:30+10:00,general,0.1677,0.0000
2025-12-18T02:00+10:00,general,0.1408,0.0000
2025-12-18T02:30+10:00,general,0.1570,0.0000
2025-12-18T03:00+10:00,general,0.1396,0.0000
2025-12-18T03:30+10:00,general,0.1519,0.0000
2025-12-18T04:00+10:00,general,0.1613,0.0000
2025-12-18T04:30+10:00,general,0.1500,0.0000
2025-12-18T05:00+10:00,general,0.1974,0.0000
2025-12-18T05:30+10:00,general,0.1710,0.0000
2025-12-18T06:00+10:00,general,0.2235,0.0000
2025-12-18T06:30+10:00,general,0.2459,0.0000
2025-12-18T07:00+10:00,general,0.0568,0.0000
2025-12-18T07:30+10:00,general,0.0000,0.1313
2025-12-18T08:00+10:00,general,0.0000,0.3065
2025-12-18T08:30+10:00,general,0.0000,0.5469
2025-12-18T09:00+10:00,general,0.0000,0.7236
2025-12-18T09:30+10:00,general,0.0000,0.8494
2025-12-18T10:00+10:00,general,0.0000,1.0047
2025-12-18T10:30+10:00,general,0.0000,1.1651
2025-12-18T11:00+10:00,general,0.0000,1.2610
2025-12-18T11:30+10:00,general,0.0000,1.3150
2025-12-18T12:00+10:00,general,0.0000,1.3461
2025-12-18T12:30+10:00,general,0.0000,1.3403
2025-12-18T13:00+10:00,general,0.0000,1.3672
2025-12-18T13:30+10:00,general,0.0000,1.3248
2025-12-18T14:00+10:00,general,0.0000,1.2508
2025-12-18T14:30+10:00,general,0.0000,1.1241
2025-12-18T15:00+10:00,general,0.0000,1.0111
2025-12-18T15:30+10:00,general,0.0000,0.8060
2025-12-18T16:00+10:00,general,0.0000,0.6142
2025-12-18T16:30+10:00,general,0.0000,0.4424
2025-12-18T17:00+10:00,general,0.0000,0.1654
2025-12-18T17:30+10:00,general,0.0958,0.0000
2025-12-18T18:00+10:00,general,0.4453,0.0000
2025-12-18T18:30+10:00,general,0.6437,0.0000
2025-12-18T19:00+10:00,general,0.7327,0.0000
2025-12-18T19:30+10:00,general,0.7710,0.0000
2025-12-18T20:00+10:00,general,0.6895,0.0000
2025-12-18T20:30+10:00,general,0.5800,0.0000
2025-12-18T21:00+10:00,general,0.6474,0.0000
2025-12-18T21:30+10:00,general,0.5617,0.0000
2025-12-18T22:00+10:00,general,0.4266,0.0000
2025-12-18T22:30+10:00,general,0.3244,0.0000
2025-12-18T23:00+10:00,general,0.3139,0.0000
2025-12-18T23:30+10:00,general,0.2479,0.0000
2025-12-19T00:00+10:00,general,0.2245,0.0000
2025-12-19T00:30+10:00,general,0.1402,0.0000
2025-12-19T01:00+10:00,general,0.1414,0.0000
2025-12-19T01:30+10:00,general,0.1316,0.0000
2025-12-19T02:00+10:00,general,0.1420,0.0000
2025-12-19T02:30+10:00,general,0.1525,0.0000
2025-12-19T03:00+10:00,general,0.1486,0.0000
2025-12-19T03:30+10:00,general,0.1391,0.0000
2025-12-19T04:00+10:00,general,0.1628,0.0000
2025-12-19T04:30+10:00,general,0.1425,0.0000
2025-12-19T05:00+10:00,general,0.1674,0.0000
2025-12-19T05:30+10:00,general,0.1870,0.0000
2025-12-19T06:00+10:00,general,0.2089,0.0000
2025-12-19T06:30+10:00,general,0.2350,0.0000
2025-12-19T07:00+10:00,general,0.0919,0.0000
2025-12-19T07:30+10:00,general,0.0000,0.1392
2025-12-19T08:00+10:00,general,0.0000,0.2844
2025-12-19T08:30+10:00,general,0.0000,0.4902
2025-12-19T09:00+10:00,general,0.0000,0.6968
2025-12-19T09:30+10:00,general,0.0000,0.8593
2025-12-19T10:00+10:00,general,0.0000,1.0512
2025-12-19T10:30+10:00,general,0.0000,1.1428
2025-12-19T11:00+10:00,general,0.0000,1.2673
2025-12-19T11:30+10:00,general,0.0000,1.3275
2025-12-19T12:00+10:00,general,0.0000,1.3676
2025-12-19T12:30+10:00,general,0.0000,1.3805
2025-12-19T13:00+10:00,general,0.0000,1.3593
2025-12-19T13:30+10:00,general,0.0000,1.3283
2025-12-19T14:00+10:00,general,0.0000,1.2483
2025-12-19T14:30+10:00,general,0.0000,1.1340
2025-12-19T15:00+10:00,general,0.0000,0.9980
2025-12-19T15:30+10:00,general,0.0000,0.8576
2025-12-19T16:00+10:00,general,0.0000,0.6231
2025-12-19T16:30+10:00,general,0.0000,0.3577
2025-12-19T17:00+10:00,general,0.0000,0.1562
2025-12-19T17:30+10:00,general,0.1173,0.0000
2025-12-19T18:00+10:00,general,0.4522,0.0000
2025-12-19T18:30+10:00,general,0.6304,0.0000
2025-12-19T19:00+10:00,general,0.6176,0.0000
2025-12-19T19:30+10:00,general,0.7547,0.0000
2025-12-19T20:00+10:00,general,0.7068,0.0000
2025-12-19T20:30+10:00,general,0.5469,0.0000
2025-12-19T21:00+10:00,general,0.5984,0.0000
2025-12-19T21:30+10:00,general,0.5344,0.0000
2025-12-19T22:00+10:00,general,0.3991,0.0000
2025-12-19T22:30+10:00,general,0.3427,0.0000
2025-12-19T23:00+10:00,general,0.2724,0.0000
2025-12-19T23:30+10:00,general,0.2360,0.0000
2025-12-20T00:00+10:00,general,0.2062,0.0000
2025-12-20T00:30+10:00,general,0.1656,0.0000
2025-12-20T01:00+10:00,general,0.1276,0.0000
2025-12-20T01:30+10:00,general,0.1414,0.0000
2025-12-20T02:00+10:00,general,0.1628,0.0000
2025-12-20T02:30+10:00,general,0.1378,0.0000
2025-12-20T03:00+10:00,general,0.1340,0.0000
2025-12-20T03:30+10:00,general,0.1318,0.0000
2025-12-20T04:00+10:00,general,0.1433,0.0000
2025-12-20T04:30+10:00,general,0.1555,0.0000
2025-12-20T05:00+10:00,general,0.1690,0.0000
2025-12-20T05:30+10:00,general,0.2065,0.0000
2025-12-20T06:00+10:00,general,0.1987,0.0000
2025-12-20T06:30+10:00,general,0.2055,0.0000
2025-12-20T07:00+10:00,general,0.0556,0.0000
2025-12-20T07:30+10:00,general,0.0000,0.1433
2025-12-20T08:00+10:00,general,0.0000,0.3595
2025-12-20T08:30+10:00,general,0.0000,0.5084
2025-12-20T09:00+10:00,general,0.0000,0.6918
2025-12-20T09:30+10:00,general,0.0000,0.9035
2025-12-20T10:00+10:00,general,0.0000,1.0119
2025-12-20T10:30+10:00,general,0.0000,1.1372
2025-12-20T11:00+10:00,general,0.0000,1.2291
2025-12-20T11:30+10:00,general,0.0000,1.2992
2025-12-20T12:00+10:00,general,0.0000,1.3370
2025-12-20T12:30+10:00,general,0.0000,1.3805
2025-12-20T13:00+10:00,general,0.0000,1.3566
2025-12-20T13:30+10:00,general,0.0000,1.3155
2025-12-20T14:00+10:00,general,0.0000,1.2516
2025-12-20T14:30+10:00,general,0.0000,1.1137
2025-12-20T15:00+10:00,general,0.0000,1.0285
2025-12-20T15:30+10:00,general,0.0000,0.8549
2025-12-20T16:00+10:00,general,0.0000,0.6009
2025-12-20T16:30+10:00,general,0.0000,0.4440
2025-12-20T17:00+10:00,general,0.0000,0.2206
2025-12-20T17:30+10:00,general,0.0416,0.0000
2025-12-20T18:00+10:00,general,0.4489,0.0000
2025-12-20T18:30+10:00,general,0.5873,0.0000
2025-12-20T19:00+10:00,general,0.7675,0.0000
2025-12-20T19:30+10:00,general,0.6929,0.0000
2025-12-20T20:00+10:00,general,0.5941,0.0000
2025-12-20T20:30+10:00,general,0.6583,0.0000
2025-12-20T21:00+10:00,general,0.4998,0.0000
2025-12-20T21:30+10:00,general,0.4286,0.0000
2025-12-20T22:00+10:00,general,0.4800,0.0000
2025-12-20T22:30+10:00,general,0.3220,0.0000
2025-12-20T23:00+10:00,general,0.2564,0.0000
2025-12-20T23:30+10:00,general,0.2092,0.0000
2025-12-21T00:00+10:00,general,0.2208,0.0000
2025-12-21T00:30+10:00,general,0.1400,0.0000
2025-12-21T01:00+10:00,general,0.1584,0.0000
2025-12-21T01:30+10:00,general,0.1299,0.0000
2025-12-21T02:00+10:00,general,0.1492,0.0000
2025-12-21T02:30+10:00,general,0.1308,0.0000
2025-12-21T03:00+10:00,general,0.1444,0.0000
2025-12-21T03:30+10:00,general,0.1703,0.0000
2025-12-21T04:00+10:00,general,0.1588,0.0000
2025-12-21T04:30+10:00,general,0.1438,0.0000
2025-12-21T05:00+10:00,general,0.1884,0.0000
2025-12-21T05:30+10:00,general,0.1772,0.0000
2025-12-21T06:00+10:00,general,0.1845,0.0000
2025-12-21T06:30+10:00,general,0.2339,0.0000
2025-12-21T07:00+10:00,general,0.0762,0.0000
2025-12-21T07:30+10:00,general,0.0000,0.1550
2025-12-21T08:00+10:00,general,0.0000,0.3051
2025-12-21T08:30+10:00,general,0.0000,0.5033
2025-12-21T09:00+10:00,general,0.0000,0.6809
2025-12-21T09:30+10:00,general,0.0000,0.8860
2025-12-21T10:00+10:00,general,0.0000,1.0522
2025-12-21T10:30+10:00,general,0.0000,1.1763
2025-12-21T11:00+10:00,general,0.0000,1.2439
2025-12-21T11:30+10:00,general,0.0000,1.2969
2025-12-21T12:00+10:00,general,0.0000,1.3508
2025-12-21T12:30+10:00,general,0.0000,1.3593
2025-12-21T13:00+10:00,general,0.0000,1.3570
2025-12-21T13:30+10:00,general,0.0000,1.2958
2025-12-21T14:00+10:00,general,0.0000,1.2359
2025-12-21T14:30+10:00,general,0.0000,1.1247
2025-12-21T15:00+10:00,general,0.0000,1.0000
2025-12-21T15:30+10:00,general,0.0000,0.8122
2025-12-21T16:00+10:00,general,0.0000,0.6211
2025-12-21T16:30+10:00,general,0.0000,0.3879
2025-12-21T17:00+10:00,general,0.0000,0.1437
2025-12-21T17:30+10:00,general,0.1513,0.0000
2025-12-21T18:00+10:00,general,0.3842,0.0000
2025-12-21T18:30+10:00,general,0.5596,0.0000
2025-12-21T19:00+10:00,general,0.5901,0.0000
2025-12-21T19:30+10:00,general,0.6595,0.0000
2025-12-21T20:00+10:00,general,0.6804,0.0000
2025-12-21T20:30+10:00,general,0.5789,0.0000
2025-12-21T21:00+10:00,general,0.5878,0.0000
2025-12-21T21:30+10:00,general,0.5437,0.0000
2025-12-21T22:00+10:00,general,0.4418,0.0000
2025-12-21T22:30+10:00,general,0.3592,0.0000
2025-12-21T23:00+10:00,general,0.2716,0.0000
2025-12-21T23:30+10:00,general,0.2574,0.0000
2025-12-22T00:00+10:00,general,0.1830,0.0000
2025-12-22T00:30+10:00,general,0.1392,0.0000
2025-12-22T01:00+10:00,general,0.1455,0.0000
2025-12-22T01:30+10:00,general,0.1683,0.0000
2025-12-22T02:00+10:00,general,0.1656,0.0000
2025-12-22T02:30+10:00,general,0.1285,0.0000
2025-12-22T03:00+10:00,general,0.1511,0.0000
2025-12-22T03:30+10:00,general,0.1427,0.0000
2025-12-22T04:00+10:00,general,0.1666,0.0000
2025-12-22T04:30+10:00,general,0.1604,0.0000
2025-12-22T05:00+10:00,general,0.1637,0.0000
2025-12-22T05:30+10:00,general,0.2160,0.0000
2025-12-22T06:00+10:00,general,0.2151,0.0000
2025-12-22T06:30+10:00,general,0.2615,0.0000
2025-12-22T07:00+10:00,general,0.0853,0.0000
2025-12-22T07:30+10:00,general,0.0000,0.1080
2025-12-22T08:00+10:00,general,0.0000,0.3511
2025-12-22T08:30+10:00,general,0.0000,0.4896
2025-12-22T09:00+10:00,general,0.0000,0.7402
2025-12-22T09:30+10:00,general,0.0000,0.9030
2025-12-22T10:00+10:00,general,0.0000,1.0166
2025-12-22T10:30+10:00,general,0.0000,1.1386
2025-12-22T11:00+10:00,general,0.0000,1.2528
2025-12-22T11:30+10:00,general,0.0000,1.3435
2025-12-22T12:00+10:00,general,0.0000,1.3514
2025-12-22T12:30+10:00,general,0.0000,1.3852
2025-12-22T13:00+10:00,general,0.0000,1.3409
2025-12-22T13:30+10:00,general,0.0000,1.3185
2025-12-22T14:00+10:00,general,0.0000,1.2170
2025-12-22T14:30+10:00,general,0.0000,1.1178
2025-12-22T15:00+10:00,general,0.0000,1.0117
2025-12-22T15:30+10:00,general,0.0000,0.8173
2025-12-22T16:00+10:00,general,0.0000,0.6758
2025-12-22T16:30+10:00,general,0.0000,0.3853
2025-12-22T17:00+10:00,general,0.0000,0.1586
2025-12-22T17:30+10:00,general,0.1292,0.0000
2025-12-22T18:00+10:00,general,0.4130,0.0000
2025-12-22T18:30+10:00,general,0.6345,0.0000
2025-12-22T19:00+10:00,general,0.7235,0.0000
2025-12-22T19:30+10:00,general,0.7612,0.0000
2025-12-22T20:00+10:00,general,0.7792,0.0000
2025-12-22T20:30+10:00,general,0.6277,0.0000
2025-12-22T21:00+10:00,general,0.6313,0.0000
2025-12-22T21:30+10:00,general,0.5368,0.0000
2025-12-22T22:00+10:00,general,0.3828,0.0000
2025-12-22T22:30+10:00,general,0.3136,0.0000
2025-12-22T23:00+10:00,general,0.3204,0.0000
2025-12-22T23:30+10:00,general,0.2267,0.0000
2025-12-23T00:00+10:00,general,0.2036,0.0000
2025-12-23T00:30+10:00,general,0.1268,0.0000
2025-12-23T01:00+10:00,general,0.1277,0.0000
2025-12-23T01:30+10:00,general,0.1657,0.0000
2025-12-23T02:00+10:00,general,0.1333,0.0000
2025-12-23T02:30+10:00,general,0.1649,0.0000
2025-12-23T03:00+10:00,general,0.1524,0.0000
2025-12-23T03:30+10:00,general,0.1699,0.0000
2025-12-23T04:00+10:00,general,0.1531,0.0000
2025-12-23T04:30+10:00,general,0.1371,0.0000
2025-12-23T05:00+10:00,general,0.1913,0.0000
2025-12-23T05:30+10:00,general,0.2002,0.0000
2025-12-23T06:00+10:00,general,0.2156,0.0000
2025-12-23T06:30+10:00,general,0.2693,0.0000
2025-12-23T07:00+10:00,general,0.0498,0.0000
2025-12-23T07:30+10:00,general,0.0000,0.1293
2025-12-23T08:00+10:00,general,0.0000,0.3052
2025-12-23T08:30+10:00,general,0.0000,0.5228
2025-12-23T09:00+10:00,general,0.0000,0.7034
2025-12-23T09:30+10:00,general,0.0000,0.8904
2025-12-23T10:00+10:00,general,0.0000,1.0189
2025-12-23T10:30+10:00,general,0.0000,1.1548
2025-12-23T11:00+10:00,general,0.0000,1.2468
2025-12-23T11:30+10:00,general,0.0000,1.3234
2025-12-23T12:00+10:00,general,0.0000,1.3490
2025-12-23T12:30+10:00,general,0.0000,1.3538
2025-12-23T13:00+10:00,general,0.0000,1.3478
2025-12-23T13:30+10:00,general,0.0000,1.3034
2025-12-23T14:00+10:00,general,0.0000,1.2201
2025-12-23T14:30+10:00,general,0.0000,1.1567
2025-12-23T15:00+10:00,general,0.0000,1.0133
2025-12-23T15:30+10:00,general,0.0000,0.8561
2025-12-23T16:00+10:00,general,0.0000,0.6037
2025-12-23T16:30+10:00,general,0.0000,0.3660
2025-12-23T17:00+10:00,general,0.0000,0.1964
2025-12-23T17:30+10:00,general,0.1479,0.0000
2025-12-23T18:00+10:00,general,0.4174,0.0000
2025-12-23T18:30+10:00,general,0.5765,0.0000
2025-12-23T19:00+10:00,general,0.7307,0.0000
2025-12-23T19:30+10:00,general,0.7740,0.0000
2025-12-23T20:00+10:00,general,0.6213,0.0000
2025-12-23T20:30+10:00,general,0.6640,0.0000
2025-12-23T21:00+10:00,general,0.6073,0.0000
2025-12-23T21:30+10:00,general,0.4501,0.0000
2025-12-23T22:00+10:00,general,0.3985,0.0000
2025-12-23T22:30+10:00,general,0.2967,0.0000
2025-12-23T23:00+10:00,general,0.2936,0.0000
2025-12-23T23:30+10:00,general,0.2237,0.0000
2025-12-24T00:00+10:00,general,0.2045,0.0000
2025-12-24T00:30+10:00,general,0.1349,0.0000
2025-12-24T01:00+10:00,general,0.1281,0.0000
2025-12-24T01:30+10:00,general,0.1598,0.0000
2025-12-24T02:00+10:00,general,0.1282,0.0000
2025-12-24T02:30+10:00,general,0.1618,0.0000
2025-12-24T03:00+10:00,general,0.1464,0.0000
2025-12-24T03:30+10:00,general,0.1445,0.0000
2025-12-24T04:00+10:00,general,0.1441,0.0000
2025-12-24T04:30+10:00,general,0.1808,0.0000
2025-12-24T05:00+10:00,general,0.1943,0.0000
2025-12-24T05:30+10:00,general,0.1695,0.0000
2025-12-24T06:00+10:00,general,0.2121,0.0000
2025-12-24T06:30+10:00,general,0.2737,0.0000
2025-12-24T07:00+10:00,general,0.0706,0.0000
2025-12-24T07:30+10:00,general,0.0000,0.0946
2025-12-24T08:00+10:00,general,0.0000,0.3491
2025-12-24T08:30+10:00,general,0.0000,0.5093
2025-12-24T09:00+10:00,general,0.0000,0.7066
2025-12-24T09:30+10:00,general,0.0000,0.8643
2025-12-24T10:00+10:00,general,0.0000,1.0606
2025-12-24T10:30+10:00,general,0.0000,1.1850
2025-12-24T11:00+10:00,general,0.0000,1.2392
2025-12-24T11:30+10:00,general,0.0000,1.3179
2025-12-24T12:00+10:00,general,0.0000,1.3663
2025-12-24T12:30+10:00,general,0.0000,1.3734
2025-12-24T13:00+10:00,general,0.0000,1.3839
2025-12-24T13:30+10:00,general,0.0000,1.3218
2025-12-24T14:00+10:00,general,0.0000,1.2652
2025-12-24T14:30+10:00,general,0.0000,1.1678
2025-12-24T15:00+10:00,general,0.0000,1.0028
2025-12-24T15:30+10:00,general,0.0000,0.8558
2025-12-24T16:00+10:00,general,0.0000,0.6454
2025-12-24T16:30+10:00,general,0.0000,0.4077
2025-12-24T17:00+10:00,general,0.0000,0.1308
2025-12-24T17:30+10:00,general,0.1575,0.0000
2025-12-24T18:00+10:00,general,0.3330,0.0000
2025-12-24T18:30+10:00,general,0.6975,0.0000
2025-12-24T19:00+10:00,general,0.6164,0.0000
2025-12-24T19:30+10:00,general,0.7791,0.0000
2025-12-24T20:00+10:00,general,0.7356,0.0000
2025-12-24T20:30+10:00,general,0.7158,0.0000
2025-12-24T21:00+10:00,general,0.6247,0.0000
2025-12-24T21:30+10:00,general,0.4586,0.0000
2025-12-24T22:00+10:00,general,0.4526,0.0000
2025-12-24T22:30+10:00,general,0.3697,0.0000
2025-12-24T23:00+10:00,general,0.2529,0.0000
2025-12-24T23:30+10:00,general,0.2254,0.0000
2025-12-25T00:00+10:00,general,0.1810,0.0000
2025-12-25T00:30+10:00,general,0.1653,0.0000
2025-12-25T01:00+10:00,general,0.1488,0.0000
2025-12-25T01:30+10:00,general,0.1694,0.0000
2025-12-25T02:00+10:00,general,0.1637,0.0000
2025-12-25T02:30+10:00,general,0.1651,0.0000
2025-12-25T03:00+10:00,general,0.1459,0.0000
2025-12-25T03:30+10:00,general,0.1313,0.0000
2025-12-25T04:00+10:00,general,0.1414,0.0000
2025-12-25T04:30+10:00,general,0.1556,0.0000
2025-12-25T05:00+10:00,general,0.1926,0.0000
2025-12-25T05:30+10:00,general,0.2080,0.0000
2025-12-25T06:00+10:00,general,0.2190,0.0000
2025-12-25T06:30+10:00,general,0.2282,0.0000
2025-12-25T07:00+10:00,general,0.0944,0.0000
2025-12-25T07:30+10:00,general,0.0000,0.1681
2025-12-25T08:00+10:00,general,0.0000,0.3374
2025-12-25T08:30+10:00,general,0.0000,0.5068
2025-12-25T09:00+10:00,general,0.0000,0.7370
2025-12-25T09:30+10:00,general,0.0000,0.8708
2025-12-25T10:00+10:00,general,0.0000,1.0449
2025-12-25T10:30+10:00,general,0.0000,1.1697
2025-12-25T11:00+10:00,general,0.0000,1.2631
2025-12-25T11:30+10:00,general,0.0000,1.3117
2025-12-25T12:00+10:00,general,0.0000,1.3790
2025-12-25T12:30+10:00,general,0.0000,1.3752
2025-12-25T13:00+10:00,general,0.0000,1.3680
2025-12-25T13:30+10:00,general,0.0000,1.3170
2025-12-25T14:00+10:00,general,0.0000,1.2528
2025-12-25T14:30+10:00,general,0.0000,1.1241
2025-12-25T15:00+10:00,general,0.0000,1.0115
2025-12-25T15:30+10:00,general,0.0000,0.8071
2025-12-25T16:00+10:00,general,0.0000,0.6366
2025-12-25T16:30+10:00,general,0.0000,0.4248
2025-12-25T17:00+10:00,general,0.0000,0.1416
2025-12-25T17:30+10:00,general,0.0975,0.0000
2025-12-25T18:00+10:00,general,0.3666,0.0000
2025-12-25T18:30+10:00,general,0.7065,0.0000
2025-12-25T19:00+10:00,general,0.6261,0.0000
2025-12-25T19:30+10:00,general,0.7951,0.0000
2025-12-25T20:00+10:00,general,0.5975,0.0000
2025-12-25T20:30+10:00,general,0.7178,0.0000
2025-12-25T21:00+10:00,general,0.5626,0.0000
2025-12-25T21:30+10:00,general,0.5307,0.0000
2025-12-25T22:00+10:00,general,0.3674,0.0000
2025-12-25T22:30+10:00,general,0.3296,0.0000
2025-12-25T23:00+10:00,general,0.2721,0.0000
2025-12-25T23:30+10:00,general,0.2243,0.0000
2025-12-26T00:00+10:00,general,0.1817,0.0000
2025-12-26T00:30+10:00,general,0.1596,0.0000
2025-12-26T01:00+10:00,general,0.1266,0.0000
2025-12-26T01:30+10:00,general,0.1290,0.0000
2025-12-26T02:00+10:00,general,0.1316,0.0000
2025-12-26T02:30+10:00,general,0.1634,0.0000
2025-12-26T03:00+10:00,general,0.1484,0.0000
2025-12-26T03:30+10:00,general,0.1627,0.0000
2025-12-26T04:00+10:00,general,0.1389,0.0000
2025-12-26T04:30+10:00,general,0.1430,0.0000
2025-12-26T05:00+10:00,general,0.1536,0.0000
2025-12-26T05:30+10:00,general,0.1738,0.0000
2025-12-26T06:00+10:00,general,0.2091,0.0000
2025-12-26T06:30+10:00,general,0.2526,0.0000
2025-12-26T07:00+10:00,general,0.0540,0.0000
2025-12-26T07:30+10:00,general,0.0000,0.1006
2025-12-26T08:00+10:00,general,0.0000,0.2887
2025-12-26T08:30+10:00,general,0.0000,0.5309
2025-12-26T09:00+10:00,general,0.0000,0.7359
2025-12-26T09:30+10:00,general,0.0000,0.9169
2025-12-26T10:00+10:00,general,0.0000,1.0245
2025-12-26T10:30+10:00,general,0.0000,1.1442
2025-12-26T11:00+10:00,general,0.0000,1.2843
2025-12-26T11:30+10:00,general,0.0000,1.3140
2025-12-26T12:00+10:00,general,0.0000,1.3922
2025-12-26T12:30+10:00,general,0.0000,1.4056
2025-12-26T13:00+10:00,general,0.0000,1.3454
2025-12-26T13:30+10:00,general,0.0000,1.3138
2025-12-26T14:00+10:00,general,0.0000,1.2539
2025-12-26T14:30+10:00,general,0.0000,1.1695
2025-12-26T15:00+10:00,general,0.0000,1.0134
2025-12-26T15:30+10:00,general,0.0000,0.8091
2025-12-26T16:00+10:00,general,0.0000,0.6695
2025-12-26T16:30+10:00,general,0.0000,0.4457
2025-12-26T17:00+10:00,general,0.0000,0.1136
2025-12-26T17:30+10:00,general,0.1230,0.0000
2025-12-26T18:00+10:00,general,0.3666,0.0000
2025-12-26T18:30+10:00,general,0.6538,0.0000
2025-12-26T19:00+10:00,general,0.7390,0.0000
2025-12-26T19:30+10:00,general,0.7866,0.0000
2025-12-26T20:00+10:00,general,0.7167,0.0000
2025-12-26T20:30+10:00,general,0.5660,0.0000
2025-12-26T21:00+10:00,general,0.5996,0.0000
2025-12-26T21:30+10:00,general,0.5491,0.0000
2025-12-26T22:00+10:00,general,0.4525,0.0000
2025-12-26T22:30+10:00,general,0.3976,0.0000
2025-12-26T23:00+10:00,general,0.2982,0.0000
2025-12-26T23:30+10:00,general,0.2319,0.0000
2025-12-27T00:00+10:00,general,0.1893,0.0000
2025-12-27T00:30+10:00,general,0.1685,0.0000
2025-12-27T01:00+10:00,general,0.1513,0.0000
2025-12-27T01:30+10:00,general,0.1561,0.0000
2025-12-27T02:00+10:00,general,0.1343,0.0000
2025-12-27T02:30+10:00,general,0.1487,0.0000
2025-12-27T03:00+10:00,general,0.1276,0.0000
2025-12-27T03:30+10:00,general,0.1635,0.0000
2025-12-27T04:00+10:00,general,0.1717,0.0000
2025-12-27T04:30+10:00,general,0.1692,0.0000
2025-12-27T05:00+10:00,general,0.1586,0.0000
2025-12-27T05:30+10:00,general,0.1998,0.0000
2025-12-27T06:00+10:00,general,0.2115,0.0000
2025-12-27T06:30+10:00,general,0.2310,0.0000
2025-12-27T07:00+10:00,general,0.0267,0.0000
2025-12-27T07:30+10:00,general,0.0000,0.1023
2025-12-27T08:00+10:00,general,0.0000,0.3207
2025-12-27T08:30+10:00,general,0.0000,0.5017
2025-12-27T09:00+10:00,general,0.0000,0.6901
2025-12-27T09:30+10:00,general,0.0000,0.8983
2025-12-27T10:00+10:00,general,0.0000,1.0410
2025-12-27T10:30+10:00,general,0.0000,1.1633
2025-12-27T11:00+10:00,general,0.0000,1.2470
2025-12-27T11:30+10:00,general,0.0000,1.3436
2025-12-27T12:00+10:00,general,0.0000,1.3755
2025-12-27T12:30+10:00,general,0.0000,1.4032
2025-12-27T13:00+10:00,general,0.0000,1.3495
2025-12-27T13:30+10:00,general,0.0000,1.3086
2025-12-27T14:00+10:00,general,0.0000,1.2746
2025-12-27T14:30+10:00,general,0.0000,1.1514
2025-12-27T15:00+10:00,general,0.0000,1.0359
2025-12-27T15:30+10:00,general,0.0000,0.8216
2025-12-27T16:00+10:00,general,0.0000,0.6417
2025-12-27T16:30+10:00,general,0.0000,0.3841
2025-12-27T17:00+10:00,general,0.0000,0.1360
2025-12-27T17:30+10:00,general,0.0667,0.0000
2025-12-27T18:00+10:00,general,0.3443,0.0000
2025-12-27T18:30+10:00,general,0.6440,0.0000
2025-12-27T19:00+10:00,general,0.7339,0.0000
2025-12-27T19:30+10:00,general,0.7256,0.0000
2025-12-27T20:00+10:00,general,0.7789,0.0000
2025-12-27T20:30+10:00,general,0.6250,0.0000
2025-12-27T21:00+10:00,general,0.6500,0.0000
2025-12-27T21:30+10:00,general,0.5503,0.0000
2025-12-27T22:00+10:00,general,0.3872,0.0000
2025-12-27T22:30+10:00,general,0.3990,0.0000
2025-12-27T23:00+10:00,general,0.2910,0.0000
2025-12-27T23:30+10:00,general,0.2756,0.0000
2025-12-28T00:00+10:00,general,0.1995,0.0000
2025-12-28T00:30+10:00,general,0.1520,0.0000
2025-12-28T01:00+10:00,general,0.1300,0.0000
2025-12-28T01:30+10:00,general,0.1329,0.0000
2025-12-28T02:00+10:00,general,0.1472,0.0000
2025-12-28T02:30+10:00,general,0.1368,0.0000
2025-12-28T03:00+10:00,general,0.1271,0.0000
2025-12-28T03:30+10:00,general,0.1462,0.0000
2025-12-28T04:00+10:00,general,0.1430,0.0000
2025-12-28T04:30+10:00,general,0.1369,0.0000
2025-12-28T05:00+10:00,general,0.1949,0.0000
2025-12-28T05:30+10:00,general,0.2057,0.0000
2025-12-28T06:00+10:00,general,0.2354,0.0000
2025-12-28T06:30+10:00,general,0.2763,0.0000
2025-12-28T07:00+10:00,general,0.0446,0.0000
2025-12-28T07:30+10:00,general,0.0000,0.1374
2025-12-28T08:00+10:00,general,0.0000,0.3655
2025-12-28T08:30+10:00,general,0.0000,0.5460
2025-12-28T09:00+10:00,general,0.0000,0.7120
2025-12-28T09:30+10:00,general,0.0000,0.9091
2025-12-28T10:00+10:00,general,0.0000,1.0570
2025-12-28T10:30+10:00,general,0.0000,1.1606
2025-12-28T11:00+10:00,general,0.0000,1.2893
2025-12-28T11:30+10:00,general,0.0000,1.3565
2025-12-28T12:00+10:00,general,0.0000,1.3586
2025-12-28T12:30+10:00,general,0.0000,1.4088
2025-12-28T13:00+10:00,general,0.0000,1.3580
2025-12-28T13:30+10:00,general,0.0000,1.3498
2025-12-28T14:00+10:00,general,0.0000,1.2773
2025-12-28T14:30+10:00,general,0.0000,1.1521
2025-12-28T15:00+10:00,general,0.0000,1.0312
2025-12-28T15:30+10:00,general,0.0000,0.8613
2025-12-28T16:00+10:00,general,0.0000,0.6656
2025-12-28T16:30+10:00,general,0.0000,0.4235
2025-12-28T17:00+10:00,general,0.0000,0.1813
2025-12-28T17:30+10:00,general,0.1379,0.0000
2025-12-28T18:00+10:00,general,0.3763,0.0000
2025-12-28T18:30+10:00,general,0.6786,0.0000
2025-12-28T19:00+10:00,general,0.6919,0.0000
2025-12-28T19:30+10:00,general,0.6708,0.0000
2025-12-28T20:00+10:00,general,0.7656,0.0000
2025-12-28T20:30+10:00,general,0.6989,0.0000
2025-12-28T21:00+10:00,general,0.5248,0.0000
2025-12-28T21:30+10:00,general,0.5245,0.0000
2025-12-28T22:00+10:00,general,0.4504,0.0000
2025-12-28T22:30+10:00,general,0.3981,0.0000
2025-12-28T23:00+10:00,general,0.2855,0.0000
2025-12-28T23:30+10:00,general,0.2136,0.0000
2025-12-29T00:00+10:00,general,0.1785,0.0000
2025-12-29T00:30+10:00,general,0.1420,0.0000
2025-12-29T01:00+10:00,general,0.1674,0.0000
2025-12-29T01:30+10:00,general,0.1504,0.0000
2025-12-29T02:00+10:00,general,0.1484,0.0000
2025-12-29T02:30+10:00,general,0.1531,0.0000
2025-12-29T03:00+10:00,general,0.1339,0.0000
2025-12-29T03:30+10:00,general,0.1325,0.0000
2025-12-29T04:00+10:00,general,0.1691,0.0000
2025-12-29T04:30+10:00,general,0.1648,0.0000
2025-12-29T05:00+10:00,general,0.1937,0.0000
2025-12-29T05:30+10:00,general,0.2175,0.0000
2025-12-29T06:00+10:00,general,0.1993,0.0000
2025-12-29T06:30+10:00,general,0.2454,0.0000
2025-12-29T07:00+10:00,general,0.0906,0.0000
2025-12-29T07:30+10:00,general,0.0000,0.1013
2025-12-29T08:00+10:00,general,0.0000,0.2929
2025-12-29T08:30+10:00,general,0.0000,0.5172
2025-12-29T09:00+10:00,general,0.0000,0.7187
2025-12-29T09:30+10:00,general,0.0000,0.8834
2025-12-29T10:00+10:00,general,0.0000,1.0632
2025-12-29T10:30+10:00,general,0.0000,1.1907
2025-12-29T11:00+10:00,general,0.0000,1.2650
2025-12-29T11:30+10:00,general,0.0000,1.3460
2025-12-29T12:00+10:00,general,0.0000,1.3741
2025-12-29T12:30+10:00,general,0.0000,1.3735
2025-12-29T13:00+10:00,general,0.0000,1.3768
2025-12-29T13:30+10:00,general,0.0000,1.3321
2025-12-29T14:00+10:00,general,0.0000,1.2639
2025-12-29T14:30+10:00,general,0.0000,1.1505
2025-12-29T15:00+10:00,general,0.0000,1.0149
2025-12-29T15:30+10:00,general,0.0000,0.8653
2025-12-29T16:00+10:00,general,0.0000,0.6099
2025-12-29T16:30+10:00,general,0.0000,0.4103
2025-12-29T17:00+10:00,general,0.0000,0.2001
2025-12-29T17:30+10:00,general,0.1266,0.0000
2025-12-29T18:00+10:00,general,0.3469,0.0000
2025-12-29T18:30+10:00,general,0.5658,0.0000
2025-12-29T19:00+10:00,general,0.7385,0.0000
2025-12-29T19:30+10:00,general,0.7865,0.0000
2025-12-29T20:00+10:00,general,0.7036,0.0000
2025-12-29T20:30+10:00,general,0.7270,0.0000
2025-12-29T21:00+10:00,general,0.6224,0.0000
2025-12-29T21:30+10:00,general,0.4413,0.0000
2025-12-29T22:00+10:00,general,0.4783,0.0000
2025-12-29T22:30+10:00,general,0.3802,0.0000
2025-12-29T23:00+10:00,general,0.2797,0.0000
2025-12-29T23:30+10:00,general,0.2216,0.0000
2025-12-30T00:00+10:00,general,0.1987,0.0000
2025-12-30T00:30+10:00,general,0.1450,0.0000
2025-12-30T01:00+10:00,general,0.1671,0.0000
2025-12-30T01:30+10:00,general,0.1680,0.0000
2025-12-30T02:00+10:00,general,0.1692,0.0000
2025-12-30T02:30+10:00,general,0.1615,0.0000
2025-12-30T03:00+10:00,general,0.1568,0.0000
2025-12-30T03:30+10:00,general,0.1354,0.0000
2025-12-30T04:00+10:00,general,0.1440,0.0000
2025-12-30T04:30+10:00,general,0.1808,0.0000
2025-12-30T05:00+10:00,general,0.1501,0.0000
2025-12-30T05:30+10:00,general,0.2063,0.0000
2025-12-30T06:00+10:00,general,0.1872,0.0000
2025-12-30T06:30+10:00,general,0.2630,0.0000
2025-12-30T07:00+10:00,general,0.0970,0.0000
2025-12-30T07:30+10:00,general,0.0000,0.1068
2025-12-30T08:00+10:00,general,0.0000,0.3278
2025-12-30T08:30+10:00,general,0.0000,0.5380
2025-12-30T09:00+10:00,general,0.0000,0.7116
2025-12-30T09:30+10:00,general,0.0000,0.9152
2025-12-30T10:00+10:00,general,0.0000,1.0323
2025-12-30T10:30+10:00,general,0.0000,1.1695
2025-12-30T11:00+10:00,general,0.0000,1.2766
2025-12-30T11:30+10:00,general,0.0000,1.3424
2025-12-30T12:00+10:00,general,0.0000,1.3997
2025-12-30T12:30+10:00,general,0.0000,1.3781
2025-12-30T13:00+10:00,general,0.0000,1.3584
2025-12-30T13:30+10:00,general,0.0000,1.3381
2025-12-30T14:00+10:00,general,0.0000,1.2424
2025-12-30T14:30+10:00,general,0.0000,1.1389
2025-12-30T15:00+10:00,general,0.0000,0.9951
2025-12-30T15:30+10:00,general,0.0000,0.8594
2025-12-30T16:00+10:00,general,0.0000,0.6799
2025-12-30T16:30+10:00,general,0.0000,0.3712
2025-12-30T17:00+10:00,general,0.0000,0.1323
2025-12-30T17:30+10:00,general,0.1487,0.0000
2025-12-30T18:00+10:00,general,0.2991,0.0000
2025-12-30T18:30+10:00,general,0.7119,0.0000
2025-12-30T19:00+10:00,general,0.6849,0.0000
2025-12-30T19:30+10:00,general,0.6005,0.0000
2025-12-30T20:00+10:00,general,0.7522,0.0000
2025-12-30T20:30+10:00,general,0.6672,0.0000
2025-12-30T21:00+10:00,general,0.5619,0.0000
2025-12-30T21:30+10:00,general,0.4783,0.0000
2025-12-30T22:00+10:00,general,0.4724,0.0000
2025-12-30T22:30+10:00,general,0.3628,0.0000
2025-12-30T23:00+10:00,general,0.2806,0.0000
2025-12-30T23:30+10:00,general,0.2393,0.0000
2025-12-31T00:00+10:00,general,0.2355,0.0000
2025-12-31T00:30+10:00,general,0.1338,0.0000
2025-12-31T01:00+10:00,general,0.1393,0.0000
2025-12-31T01:30+10:00,general,0.1392,0.0000
2025-12-31T02:00+10:00,general,0.1674,0.0000
2025-12-31T02:30+10:00,general,0.1382,0.0000
2025-12-31T03:00+10:00,general,0.1367,0.0000
2025-12-31T03:30+10:00,general,0.1604,0.0000
2025-12-31T04:00+10:00,general,0.1674,0.0000
2025-12-31T04:30+10:00,general,0.1366,0.0000
2025-12-31T05:00+10:00,general,0.1686,0.0000
2025-12-31T05:30+10:00,general,0.1885,0.0000
2025-12-31T06:00+10:00,general,0.2264,0.0000
2025-12-31T06:30+10:00,general,0.2494,0.0000
2025-12-31T07:00+10:00,general,0.0900,0.0000
2025-12-31T07:30+10:00,general,0.0000,0.1460
2025-12-31T08:00+10:00,general,0.0000,0.3087
2025-12-31T08:30+10:00,general,0.0000,0.5586
2025-12-31T09:00+10:00,general,0.0000,0.7553
2025-12-31T09:30+10:00,general,0.0000,0.9165
2025-12-31T10:00+10:00,general,0.0000,1.0587
2025-12-31T10:30+10:00,general,0.0000,1.1828
2025-12-31T11:00+10:00,general,0.0000,1.2905
2025-12-31T11:30+10:00,general,0.0000,1.3471
2025-12-31T12:00+10:00,general,0.0000,1.3748
2025-12-31T12:30+10:00,general,0.0000,1.4128
2025-12-31T13:00+10:00,general,0.0000,1.3601
2025-12-31T13:30+10:00,general,0.0000,1.3386
2025-12-31T14:00+10:00,general,0.0000,1.2365
2025-12-31T14:30+10:00,general,0.0000,1.1394
2025-12-31T15:00+10:00,general,0.0000,1.0123
2025-12-31T15:30+10:00,general,0.0000,0.8759
2025-12-31T16:00+10:00,general,0.0000,0.6699
2025-12-31T16:30+10:00,general,0.0000,0.4088
2025-12-31T17:00+10:00,general,0.0000,0.1085
2025-12-31T17:30+10:00,general,0.1517,0.0000
2025-12-31T18:00+10:00,general,0.3858,0.0000
2025-12-31T18:30+10:00,general,0.6203,0.0000
2025-12-31T19:00+10:00,general,0.7642,0.0000
2025-12-31T19:30+10:00,general,0.7793,0.0000
2025-12-31T20:00+10:00,general,0.6256,0.0000
2025-12-31T20:30+10:00,general,0.5924,0.0000
2025-12-31T21:00+10:00,general,0.5358,0.0000
2025-12-31T21:30+10:00,general,0.5474,0.0000
2025-12-31T22:00+10:00,general,0.3726,0.0000
2025-12-31T22:30+10:00,general,0.3354,0.0000
2025-12-31T23:00+10:00,general,0.2584,0.0000
2025-12-31T23:30+10:00,general,0.2368,0.0000
2026-01-01T00:00+10:00,general,0.2308,0.0000
